"record_id","fork","step_index","chain_index","value","value_return","x_input","knowledge","decision","decision_norm","entropy","delta_t","cosine_similarity","delta_h_over_delta_d","frobenius_norm","matrix_size","timestamp"
"NC_000913.3","fork1",1,3925745,-0.88,-1.11502459031999,0.24693533677668908,0.0012265627665557662,0.500306640653195,0.500306640653195,,0.001,1.0,,0.004967141530112327,1,"2026-10-04T10:41:40.935026Z"
"NC_000913.3","fork1",3,3925746,-1.3,-1.197553383706671,0.23191074185089536,0.0033637016458692636,0.5005946237805929,0.7079477062015717,-1.7691081603644843E-6,0.001,1.0,,0.009934283060224654,2,"2026-10-04T10:41:40.936027Z"
"NC_000913.3","fork1",5,3925747,-1.28,-1.3896781421493287,0.19945914459223538,0.00583569147560349,0.5008423087142795,0.8674843252732287,-4.100994409420921E-6,0.001,1.0,-0.00941472787362816,0.014901424590386321,3,"2026-10-04T10:41:40.937027Z"
"NC_000913.3","fork1",7,3925748,-0.58,-0.40523812514667396,0.4000544771470622,0.010712730504201412,0.5013390881114156,1.0026781762228356,-1.4554398264411487E-5,0.001,1.0,-0.021042345788198233,0.019868566120637865,4,"2026-10-04T10:41:40.938027Z"
"NC_000913.3","fork1",9,3925749,-0.88,-1.11502459031999,0.24693533677668908,0.014719874540759677,0.501645726061546,1.1217139440958737,-1.837831315220474E-5,0.001,1.0,-0.012470455421994868,0.024835707651045803,5,"2026-10-04T10:41:40.939026Z"
"NC_000913.3","fork1",11,3925750,-1.0,-0.9554055905546683,0.277799014514135,0.019504784776240812,0.5019906882416951,1.229621041820762,-2.953184608831967E-5,0.001,0.9999999999999999,-0.03233262536575291,0.029802849181614084,6,"2026-10-04T10:41:40.940026Z"
"NC_000913.3","fork1",13,3925751,-1.0,-0.9554055905546683,0.277799014514135,0.024718360401719,0.5023356485267068,1.3290552006841516,-4.157769215163773E-5,0.001,1.0,-0.03491951562746395,0.034769990712396545,7,"2026-10-04T10:41:40.941026Z"
"NC_000913.3","fork1",15,3925752,-0.58,-0.40523812514667396,0.4000544771470622,0.03204548329116381,0.5028324170192773,1.422224847499269,-7.500252529379323E-5,0.001,1.0,-0.06728452718327452,0.039737132243507,8,"2026-10-04T10:41:40.942027Z"
"NC_000913.3","fork1",17,3925753,-0.88,-1.11502459031999,0.24693533677668908,0.03766905611276672,0.5031390467669943,1.5094171403014374,-7.06973475158582E-5,0.001,1.0000000000000002,0.014040313472482796,0.04470427377498648,9,"2026-10-04T10:41:40.943026Z"
"NC_000913.3","fork1",19,3925754,-1.0,-0.9554055905546683,0.277799014514135,0.04407019420053289,0.503483998376941,1.5921562003204137,-9.435204366127642E-5,0.001,1.0000000000000002,-0.06857395490651669,0.04967141530678699,10,"2026-10-04T10:41:40.944026Z"
"NC_000913.3","fork1",21,3925755,-1.0,-0.9554055905546683,0.277799014514135,0.05079771079215863,0.5038289466702258,1.671011574626279,-1.1508882873047612E-4,0.001,1.0,-0.06011563319166491,0.054638556838976615,11,"2026-10-04T10:41:40.945027Z"
"NC_000913.3","fork1",23,3925756,-0.58,-0.40523812514667396,0.4000544771470622,0.05994008910738875,0.5043256953962,1.747035455979126,-1.8256062956329956E-4,0.001,1.0000000000000002,-0.13582682210307886,0.05960569837172155,12,"2026-10-04T10:41:40.946027Z"
"NC_000913.3","fork1",25,3925757,-1.28,1.1703218578506713,0.7632031881188912,0.07605604500072052,0.5052733423495922,1.8217889439688912,-3.952017643506606E-4,0.001,1.0,-0.22438855950117823,0.06457283990564396,13,"2026-10-04T10:41:40.947026Z"
"NC_000913.3","fork1",27,3925758,-1.3,1.4024466162933291,0.8025718425954855,0.09384315995424679,0.506269831207349,1.8942882536412549,-5.448953668166321E-4,0.001,1.0,-0.15022104994023033,0.06953998144152783,14,"2026-10-04T10:41:40.948026Z"
"NC_000913.3","fork1",29,3925759,-1.28,1.1703218578506713,0.7632031881188912,0.1118191397197404,0.5072173930885354,1.964444516344315,-6.665631641471386E-4,0.001,1.0000000000000002,-0.12840089892406112,0.07450712297970621,15,"2026-10-04T10:41:40.949027Z"
"NC_000913.3","fork1",31,3925760,-1.3,1.4024466162933291,0.8025718425954855,0.1314322626473855,0.508213777424329,2.0328551097066487,-8.601405820782726E-4,0.001,1.0000000000000002,-0.19427986869840475,0.0794742645204983,16,"2026-10-04T10:41:40.950027Z"
"NC_000913.3","fork1",33,3925761,-0.88,-1.11502459031999,0.24693533677668908,0.1405345232409786,0.5085203322376279,2.096683042604731,-4.462965762392743E-4,0.001,0.9999999999999998,1.3499837154261403,0.08444140606308694,17,"2026-10-04T10:41:40.951026Z"
"NC_000913.3","fork1",35,3925762,-1.3,-1.197553383706671,0.23191074185089536,0.14949607126147108,0.5088082291235744,2.1586904948424026,-4.685722892070166E-4,0.001,1.0000000000000002,-0.07737392814970119,0.0894085476062508,18,"2026-10-04T10:41:40.952027Z"
"NC_000913.3","fork1",37,3925763,-1.28,-1.3896781421493287,0.19945914459223538,0.15791115592730753,0.5090558355261011,2.218922943706864,-4.663528436731812E-4,0.001,0.9999999999999997,0.008963603166908021,0.09437568914994528,19,"2026-10-04T10:41:40.953027Z"
"NC_000913.3","fork1",39,3925764,-1.45,1.6006567886666603,0.832110160392121,0.18049769985151015,0.5100887586706315,2.2811862779287613,-0.001377841313892445,0.001,1.0000000000000002,-0.8824359053680124,0.09934283069571985,20,"2026-10-04T10:41:40.954027Z"
"NC_000913.3","fork1",41,3925765,-1.44,-1.5689622110986612,0.1723643870770019,0.1888785146467223,0.5103027092434843,2.3385007924946373,-5.580270970957002E-4,0.001,0.9999999999999998,3.8317925765071346,0.10430997224369525,21,"2026-10-04T10:41:40.955027Z"
"NC_000913.3","fork1",43,3925766,-1.0,-0.9554055905546683,0.277799014514135,0.19979547318189017,0.5106475245751416,2.395149197037666,-7.648472347175439E-4,0.001,0.9999999999999997,-0.599799714901855,0.10927711379237381,22,"2026-10-04T10:41:40.956027Z"
"NC_000913.3","fork1",45,3925767,-1.3,-1.197553383706671,0.23191074185089536,0.20981029867847453,0.5109353737876091,2.45035997205258,-7.394115334032706E-4,0.001,1.0,0.0883646722401426,0.11424425534198734,23,"2026-10-04T10:41:40.957027Z"
"NC_000913.3","fork1",47,3925768,-1.28,-1.3896781421493287,0.19945914459223538,0.21917648816210775,0.5111829380600991,2.504274727005922,-7.242259877396351E-4,0.001,0.9999999999999998,0.06133981091416084,0.11921139689235496,24,"2026-10-04T10:41:40.958027Z"
"NC_000913.3","fork1",49,3925769,-0.58,-0.40523812514667396,0.4000544771470622,0.23363170258636198,0.5116794601586167,2.5583973008832666,-0.0011797400728335548,0.001,0.9999999999999998,-0.9174094898372175,0.12417853844404636,25,"2026-10-04T10:41:40.959026Z"
"NC_000913.3","fork1",51,3925770,-0.88,-1.11502459031999,0.24693533677668908,0.24451278962252537,0.5119859291063155,2.6106262433012093,-9.377052651363571E-4,0.001,1.0000000000000002,0.7897531202249614,0.12914567999727472,26,"2026-10-04T10:41:40.960026Z"
"NC_000913.3","fork1",53,3925771,-1.0,-0.9554055905546683,0.277799014514135,0.2563405940382791,0.5123306918699478,2.6621483659043785,-0.001067665199820632,0.001,1.0,-0.3769546725842229,0.1341128215516894,27,"2026-10-04T10:41:40.961026Z"
"NC_000913.3","fork1",55,3925772,-1.45,1.6006567886666603,0.832110160392121,0.2829153694975423,0.5133633115681924,2.716463309400471,-0.002582490778687967,0.001,1.0,-1.4669733508304776,0.13907996310934553,28,"2026-10-04T10:41:40.962027Z"
"NC_000913.3","fork1",57,3925773,-1.44,-1.5689622110986612,0.1723643870770019,0.2925336635725271,0.5135771957932749,2.7656978406820163,-9.973994352746433E-4,0.001,0.9999999999999999,7.410978265469909,0.1440471046700548,29,"2026-10-04T10:41:40.963026Z"
"NC_000913.3","fork1",59,3925774,-1.45,1.6006567886666603,0.832110160392121,0.3201731190280586,0.5146096767003641,2.818633282560817,-0.003051376351778627,0.001,1.0000000000000002,-1.9893606771815733,0.14901424623388382,30,"2026-10-04T10:41:40.964026Z"
"NC_000913.3","fork1",61,3925775,-1.3,1.4024466162933291,0.8025718425954855,0.34766142074436057,0.5156053884861569,2.8707693074854,-0.003307334184267742,0.001,1.0000000000000002,-0.25706016152586786,0.15398138780358145,31,"2026-10-04T10:41:40.965027Z"
"NC_000913.3","fork1",63,3925776,-0.88,-1.11502459031999,0.24693533677668908,0.360162843592116,0.5159117245732534,2.918437431730455,-0.0015941507816689177,0.001,1.0,5.5924961986573445,0.15894852937692783,32,"2026-10-04T10:41:40.966027Z"
"NC_000913.3","fork1",65,3925777,-1.3,-1.197553383706671,0.23191074185089536,0.37236445078768793,0.5161994109876981,2.9653398547698515,-0.0016101609573377783,0.001,1.0000000000000002,-0.055651483229635465,0.16391567095147522,33,"2026-10-04T10:41:40.967026Z"
"NC_000913.3","fork1",67,3925778,-1.28,-1.3896781421493287,0.19945914459223538,0.38374119832556486,0.5164468324552801,3.0113766365678782,-0.0015495835503055704,0.001,0.9999999999999998,0.24483488690049976,0.16888281252707008,34,"2026-10-04T10:41:40.968027Z"
"NC_000913.3","fork1",69,3925779,-1.3,-1.197553383706671,0.23191074185089536,0.39615848642538826,0.5167344987466803,3.0570425215733357,-0.0017444691609081985,0.001,1.0,-0.6774711407931459,0.17384995410376927,35,"2026-10-04T10:41:40.969027Z"
"NC_000913.3","fork1",71,3925780,-1.28,-1.3896781421493287,0.19945914459223538,0.407722487338483,0.51698190262401,3.1018914160852273,-0.0016744922964951026,0.001,1.0000000000000002,0.28284465534000197,0.17881709568162485,36,"2026-10-04T10:41:40.970027Z"
"NC_000913.3","fork1",73,3925781,-1.0,-0.9554055905546683,0.277799014514135,0.4217399149944015,0.5173264633178584,3.1467740273771345,-0.0020942462929579462,0.001,0.9999999999999997,-1.218229484549315,0.18378423726090581,37,"2026-10-04T10:41:40.971026Z"
"NC_000913.3","fork1",75,3925782,-0.58,-0.40523812514667396,0.4000544771470622,0.4396505816668149,0.5178226313253506,3.1920730800074235,-0.0027787163772415675,0.001,0.9999999999999999,-1.3795127334855255,0.18875137884263568,38,"2026-10-04T10:41:40.972027Z"
"NC_000913.3","fork1",77,3925783,-0.88,-1.11502459031999,0.24693533677668908,0.45305777417793625,0.5181288756709311,3.2357137919261096,-0.002155562836222594,0.001,0.9999999999999999,2.0348246425174144,0.19371852042672594,39,"2026-10-04T10:41:40.973027Z"
"NC_000913.3","fork1",79,3925784,-1.0,-0.9554055905546683,0.277799014514135,0.4675564889253896,0.5184733802520806,3.2791135760148173,-0.0024038010039240374,0.001,0.9999999999999999,-0.7205656507475284,0.19868566201261106,40,"2026-10-04T10:41:40.974027Z"
"NC_000913.3","fork1",81,3925785,-0.58,-0.40523812514667396,0.4000544771470622,0.4860886893010426,0.518969465541491,3.32302596382623,-0.0031825321455988967,0.001,1.0000000000000002,-1.5697525371096321,0.20365280360113536,41,"2026-10-04T10:41:40.975027Z"
"NC_000913.3","fork1",83,3925786,-1.28,1.1703218578506713,0.7632031881188912,0.5165489765049671,0.5199157667870391,3.369439270134085,-0.005498864066256183,0.001,0.9999999999999998,-2.447774354683162,0.20861994519495378,42,"2026-10-04T10:41:40.976027Z"
"NC_000913.3","fork1",85,3925787,-1.84,1.7785320302240026,0.8555155067192858,0.550527811108164,0.5209763565836742,3.4162704315333463,-0.0065271509918394385,0.001,1.0000000000000004,-0.9695425402409333,0.21358708679681607,43,"2026-10-04T10:41:40.977026Z"
"NC_000913.3","fork1",87,3925788,-1.3,1.4024466162933291,0.8025718425954855,0.5833358755086255,0.5219711399783074,3.462364846081934,-0.006695555389701934,0.001,1.0,-0.1692875039642235,0.21855422840729577,44,"2026-10-04T10:41:40.978027Z"
"NC_000913.3","fork1",89,3925789,-0.88,-1.11502459031999,0.24693533677668908,0.5981554839690474,0.5222771802842419,3.503541835382198,-0.003151293549639211,0.001,0.9999999999999998,11.581029594256107,0.22352137002295905,45,"2026-10-04T10:41:40.979026Z"
"NC_000913.3","fork1",91,3925790,-1.3,-1.197553383706671,0.23191074185089536,0.612577930702113,0.522564584573215,3.544205450888091,-0.003142582008879729,0.001,1.0,0.030311102143284488,0.22848851164031933,46,"2026-10-04T10:41:40.980026Z"
"NC_000913.3","fork1",93,3925791,-2.17,-2.077195418181337,0.11133314431997621,0.6229918158596892,0.5227025531497267,3.58346816403519,-0.002315625513078505,0.001,0.9999999999999998,5.993803202941673,0.23345565325857512,47,"2026-10-04T10:41:40.981026Z"
"NC_000913.3","fork1",95,3925792,-2.24,-2.2677208491146654,0.09383182322637987,0.6328135745867897,0.522818830685473,3.622195112573706,-0.0022196815188761966,0.001,1.0,0.8251292357249582,0.23842279487690465,48,"2026-10-04T10:41:40.982027Z"
"NC_000913.3","fork1",97,3925793,-1.45,-1.2993432113333396,0.21427557416581033,0.6468217633556602,0.5230843542881851,3.6615904810648834,-0.0032257154481860084,0.001,1.0,-3.7888681798297466,0.2433899364960292,49,"2026-10-04T10:41:40.983026Z"
"NC_000913.3","fork1",99,3925794,-1.44,1.3110377889013387,0.7876867636969223,0.6810545683396882,0.5240603178550384,3.7056660461870816,-0.008178578970475255,0.001,0.9999999999999998,-5.07484468734677,0.24835707812051377,50,"2026-10-04T10:41:40.984026Z"
"NC_000913.3","fork1",101,3925795,-1.28,-1.3896781421493287,0.19945914459223538,0.6949067095697132,0.5243074238552533,3.744303943224543,-0.0034290991850218977,0.001,1.0000000000000002,19.220414645221872,0.25332421975041153,51,"2026-10-04T10:41:40.985027Z"
"NC_000913.3","fork1",103,3925796,-1.45,1.6006567886666603,0.832110160392121,0.731491441575763,0.5253381789540947,3.7882674836525974,-0.009386603084013472,0.001,1.0,-5.7797472025002055,0.25829136138611064,52,"2026-10-04T10:41:40.986027Z"
"NC_000913.3","fork1",105,3925797,-2.24,-2.2677208491146654,0.09383182322637987,0.7418846035948571,0.5254543973343837,3.8253657557888427,-0.0027543481209858682,0.001,1.0,57.06717772642332,0.2632585030270212,53,"2026-10-04T10:41:40.987026Z"
"NC_000913.3","fork1",107,3925798,-1.84,-1.9014679697759975,0.1299424193591184,0.7535938229073132,0.5256153370824658,3.8624681319857914,-0.0031495702878257515,0.001,0.9999999999999997,-2.455715083127564,0.26822564466816634,54,"2026-10-04T10:41:40.988027Z"
"NC_000913.3","fork1",109,3925799,-1.84,-1.9014679697759975,0.1299424193591184,0.7653262641251743,0.5257762715089299,3.899261190901018,-0.0032051777469645636,0.001,0.9999999999999997,-0.3455286750047954,0.2731927863098597,55,"2026-10-04T10:41:40.989027Z"
"NC_000913.3","fork1",111,3925800,-1.28,-1.3896781421493287,0.19945914459223538,0.7796664679382718,0.5260232923656878,3.936397876676465,-0.003984632592919136,0.001,0.9999999999999997,-3.1554211906834375,0.2781599279526584,56,"2026-10-04T10:41:40.990027Z"
"NC_000913.3","fork1",113,3925801,-1.45,1.6006567886666603,0.832110160392121,0.8178020163346906,0.5270536832464567,3.9791680487979444,-0.01095402022542597,0.001,0.9999999999999998,-6.7638289144269095,0.2831270696017743,57,"2026-10-04T10:41:40.991027Z"
"NC_000913.3","fork1",115,3925802,-1.44,-1.5689622110986612,0.1723643870770019,0.8314648353926009,0.52726709124297,4.015546534988568,-0.004051560168350187,0.001,0.9999999999999999,32.343961659594676,0.2880942112571565,58,"2026-10-04T10:41:40.992027Z"
"NC_000913.3","fork1",117,3925803,-1.45,1.6006567886666603,0.832110160392121,0.8703497841403376,0.5282972028989876,4.0579278156644,-0.01189556534836379,0.001,0.9999999999999999,-7.614713545071623,0.2930613529188929,59,"2026-10-04T10:41:40.993027Z"
"NC_000913.3","fork1",119,3925804,-1.84,1.7785320302240026,0.8555155067192858,0.9106108654420385,0.5293560379509911,4.1003742405192485,-0.012886193969613147,0.001,0.9999999999999999,-0.9355835164079381,0.2980284945926031,60,"2026-10-04T10:41:40.994027Z"
"NC_000913.3","fork1",121,3925805,-1.3,1.4024466162933291,0.8025718425954855,0.9493033981910379,0.5303491069385554,4.142158942839089,-0.01293009219485449,0.001,0.9999999999999998,-0.04420460792860974,0.30299563627839593,61,"2026-10-04T10:41:40.995026Z"
"NC_000913.3","fork1",123,3925806,-0.88,-1.11502459031999,0.24693533677668908,0.9667109076806438,0.530654606471575,4.178378552142853,-0.005992174189782765,0.001,1.0000000000000002,22.710077283902955,0.30796277797137067,62,"2026-10-04T10:41:40.996026Z"
"NC_000913.3","fork1",125,3925807,-0.58,-0.40523812514667396,0.4000544771470622,0.9902481124759235,0.5311494906518234,4.2158683863546935,-0.00827432018148233,0.001,1.0,-4.611474932486887,0.31292991966814887,63,"2026-10-04T10:41:40.997026Z"
"NC_000913.3","fork1",127,3925808,-1.0,1.0445944094453317,0.7397355271799415,1.0274712516580289,0.5320644124615526,4.256515302420375,-0.01348865319420365,0.001,0.9999999999999998,-5.699211623630163,0.317897061373144,64,"2026-10-04T10:41:40.998027Z"
"NC_000913.3","fork1",129,3925809,-1.44,1.3110377889013387,0.7876867636969223,1.0670112578357411,0.5330384043391714,4.297493008424016,-0.014869544969081213,0.001,0.9999999999999998,-1.4177651853252822,0.3228642030900494,65,"2026-10-04T10:41:40.999026Z"
"NC_000913.3","fork1",131,3925810,-1.45,-1.2993432113333396,0.21427557416581033,1.0838344250599634,0.5333033175121524,4.332576635877517,-0.006496367070262989,0.001,1.0,31.60725382054568,0.32783134481423465,66,"2026-10-04T10:41:41.000026Z"
"NC_000913.3","fork1",133,3925811,-1.0,1.0445944094453317,0.7397355271799415,1.1220904475954088,0.5342177220682188,4.3727605154023,-0.015147338370358886,0.001,0.9999999999999997,-9.460770118327964,0.3327984865453696,67,"2026-10-04T10:41:41.001027Z"
"NC_000913.3","fork1",135,3925812,-1.28,1.1703218578506713,0.7632031881188912,1.161694120760673,0.5351608945262792,4.413049793155661,-0.01623013651835882,0.001,0.9999999999999998,-1.1480383452106442,0.3377656282888924,68,"2026-10-04T10:41:41.002027Z"
"NC_000913.3","fork1",137,3925813,-1.84,1.7785320302240026,0.8555155067192858,1.2055035356613186,0.5362178480950377,4.454159976422629,-0.018603806562375133,0.001,1.0,-2.24576567427132,0.34273277004623276,69,"2026-10-04T10:41:41.003026Z"
"NC_000913.3","fork1",139,3925814,-1.3,1.4024466162933291,0.8025718425954855,1.24756099718944,0.5372090964405573,4.4946137727795215,-0.018502258522493844,0.001,0.9999999999999999,0.10244459962055553,0.3476999118181241,70,"2026-10-04T10:41:41.004026Z"
"NC_000913.3","fork1",141,3925815,-0.88,-1.11502459031999,0.24693533677668908,1.2667757494878238,0.5375140249804166,4.529173683891091,-0.008663455396099704,0.001,1.0000000000000002,32.26593066996537,0.3526670535984805,71,"2026-10-04T10:41:41.005027Z"
"NC_000913.3","fork1",143,3925816,-1.3,-1.197553383706671,0.23191074185089536,1.2854399936209944,0.5378003748254415,4.5633875080679545,-0.008541281246900524,0.001,0.9999999999999997,0.42666043415714583,0.35763419538138685,72,"2026-10-04T10:41:41.006027Z"
"NC_000913.3","fork1",145,3925817,-1.84,-1.9014679697759975,0.1299424193591184,1.2998505414667303,0.5379608092503378,4.5963391738566095,-0.006679805913395543,0.001,0.9999999999999999,11.602717650578201,0.3626013371656661,73,"2026-10-04T10:41:41.007026Z"
"NC_000913.3","fork1",147,3925818,-2.17,-2.077195418181337,0.11133314431997621,1.313480495701092,0.5380982613360378,4.628896274718797,-0.006386229962142588,0.001,1.0,2.1358420991432463,0.3675684789501066,74,"2026-10-04T10:41:41.008027Z"
"NC_000913.3","fork1",149,3925819,-1.84,1.7785320302240026,0.8555155067192858,1.3591270434846419,0.5391542874246742,4.669213100056078,-0.021865342507027735,0.001,1.0000000000000002,-14.657888390685843,0.3725356207426237,75,"2026-10-04T10:41:41.009027Z"
"NC_000913.3","fork1",151,3925820,-2.24,-2.2677208491146654,0.09383182322637987,1.3722210442494862,0.5392700897742523,4.701247654860554,-0.006409832731371223,0.001,0.9999999999999996,133.46456122839442,0.3775027625431075,76,"2026-10-04T10:41:41.010027Z"
"NC_000913.3","fork1",153,3925821,-1.28,-1.3896781421493287,0.19945914459223538,1.3899130365503585,0.5395162377650108,4.734235778774759,-0.008757595503542544,0.001,1.0000000000000002,-9.538013147849346,0.38246990434440886,77,"2026-10-04T10:41:41.011027Z"
"NC_000913.3","fork1",155,3925822,-1.0,-0.9554055905546683,0.277799014514135,1.4110959880075273,0.5398590310666259,4.76790587018357,-0.010632044749496448,0.001,1.0000000000000002,-5.468161825572766,0.3874370461486389,78,"2026-10-04T10:41:41.012027Z"
"NC_000913.3","fork1",157,3925823,-1.0,-0.9554055905546683,0.277799014514135,1.432377194997366,0.5402017866629463,4.801418511030163,-0.010842095577825311,0.001,1.0000000000000004,-0.6128297556155464,0.39240418795673565,79,"2026-10-04T10:41:41.013027Z"
"NC_000913.3","fork1",159,3925824,-1.0,-0.9554055905546683,0.277799014514135,1.4537562717056418,0.5405445042339376,4.834777032231448,-0.011054136076305107,0.001,1.0,-0.6187033184976174,0.39737132976876466,80,"2026-10-04T10:41:41.014027Z"
"NC_000913.3","fork1",161,3925825,-0.58,-0.40523812514667396,0.4000544771470622,1.4806981768194578,0.5410379795630029,4.869341823298702,-0.014161352041055706,0.001,1.0,-6.296598394566258,0.40233847158619557,81,"2026-10-04T10:41:41.015026Z"
"NC_000913.3","fork1",163,3925826,-1.0,1.0445944094453317,0.7397355271799415,1.5230830978368979,0.5419502456755045,4.907568207861516,-0.022797976363006987,0.001,1.0,-9.467220368701353,0.407305613414464,82,"2026-10-04T10:41:41.016026Z"
"NC_000913.3","fork1",165,3925827,-1.28,1.1703218578506713,0.7632031881188912,1.5668791392852954,0.5428911580967731,4.945973844449822,-0.024225065704718086,0.001,1.0000000000000002,-1.516707941624383,0.41227275525802676,83,"2026-10-04T10:41:41.017026Z"
"NC_000913.3","fork1",167,3925828,-1.3,1.4024466162933291,0.8025718425954855,1.61282667611411,0.5438802758967454,4.9847450748521425,-0.026144231535672614,0.001,1.0,-1.9402803498313266,0.4172398971179121,84,"2026-10-04T10:41:41.018027Z"
"NC_000913.3","fork1",169,3925829,-0.88,-1.11502459031999,0.24693533677668908,1.6337067831734609,0.5441845384538715,5.017133553914447,-0.012129206734940771,0.001,1.0,46.06227244360649,0.4222070389879815,85,"2026-10-04T10:41:41.019026Z"
"NC_000913.3","fork1",171,3925830,-1.3,-1.197553383706671,0.23191074185089536,1.6539713163645506,0.5444702583599568,5.049209467254622,-0.011919590479134743,0.001,0.9999999999999998,0.73364246362122,0.4271741808612672,86,"2026-10-04T10:41:41.020026Z"
"NC_000913.3","fork1",173,3925831,-1.45,-1.2993432113333396,0.21427557416581033,1.6734871132872229,0.5447342252797767,5.080942611874236,-0.011616977209335886,0.001,0.9999999999999996,1.1464060345339286,0.43214132273742584,87,"2026-10-04T10:41:41.021027Z"
"NC_000913.3","fork1",175,3925832,-1.0,1.0445944094453317,0.7397355271799415,1.717546033163888,0.5456453142924912,5.1186067727834645,-0.02671873332755008,0.001,1.0,-16.575500206307545,0.43710846462297037,88,"2026-10-04T10:41:41.022027Z"
"NC_000913.3","fork1",177,3925833,-1.44,1.3110377889013387,0.7876867636969223,1.7641881898763054,0.5466151259855054,5.156756795394567,-0.029031364970921146,0.001,1.0,-2.384619261687021,0.44207560652537076,89,"2026-10-04T10:41:41.023026Z"
"NC_000913.3","fork1",179,3925834,-1.45,-1.2993432113333396,0.21427557416581033,1.7841688643987872,0.5468788843777103,5.188148647467634,-0.01267323415007808,0.001,0.9999999999999998,62.01937570251726,0.44704274843794745,90,"2026-10-04T10:41:41.024027Z"
"NC_000913.3","fork1",181,3925835,-1.0,1.0445944094453317,0.7397355271799415,1.8291047997077177,0.5477892444008395,5.22557635477175,-0.02901306245222811,0.001,1.0,-17.94875421482529,0.45200989036026545,91,"2026-10-04T10:41:41.025027Z"
"NC_000913.3","fork1",183,3925836,-1.44,1.3110377889013387,0.7876867636969223,1.8766552454582188,0.5487582643566444,5.263504377529962,-0.031475074371525746,0.001,1.0000000000000002,-2.540723650270569,0.4569770323001273,92,"2026-10-04T10:41:41.026027Z"
"NC_000913.3","fork1",185,3925837,-1.84,-1.9014679697759975,0.1299424193591184,1.8930513159147646,0.5489180854640525,5.293574324895675,-0.01103963766591214,0.001,1.0000000000000002,127.86444191901266,0.4619441742493667,93,"2026-10-04T10:41:41.027026Z"
"NC_000913.3","fork1",187,3925838,-1.28,-1.3896781421493287,0.19945914459223538,1.9128073979124256,0.5491633881811022,5.32433660345272,-0.013428230210865068,0.001,1.0,-9.737326082976004,0.4669113162000542,94,"2026-10-04T10:41:41.028027Z"
"NC_000913.3","fork1",189,3925839,-1.45,1.6006567886666603,0.832110160392121,1.9632405278498541,0.5501864909352224,5.362554591791265,-0.034897315525590306,0.001,0.9999999999999998,-20.984290412928303,0.47187845816202983,95,"2026-10-04T10:41:41.029027Z"
"NC_000913.3","fork1",191,3925840,-1.84,1.7785320302240026,0.8555155067192858,2.015182424572755,0.5512379287050229,5.401006622679493,-0.036874703359278956,0.001,0.9999999999999999,-1.8806513238191587,0.4768456001446432,96,"2026-10-04T10:41:41.030027Z"
"NC_000913.3","fork1",193,3925841,-1.3,1.4024466162933291,0.8025718425954855,2.064913329975178,0.5522238821638294,5.438774504663007,-0.0361923994229471,0.001,0.9999999999999999,0.6920244867924344,0.48181274214779424,97,"2026-10-04T10:41:41.031027Z"
"NC_000913.3","fork1",195,3925842,-1.0,1.0445944094453317,0.7397355271799415,2.111904340845734,0.5531322783576907,5.475730203973193,-0.03499555106833169,0.001,1.0,1.3175400367190053,0.48677988417009194,98,"2026-10-04T10:41:41.032026Z"
"NC_000913.3","fork1",197,3925843,-1.0,1.0445944094453317,0.7397355271799415,2.1592115478304232,0.5540403199329724,5.5126315955876874,-0.03601224309285586,0.001,1.0000000000000002,-1.1196536063987907,0.4917470262108728,99,"2026-10-04T10:41:41.033026Z"
"NC_000913.3","fork1",199,3925844,-1.28,1.1703218578506713,0.7632031881188912,2.2079986417204283,0.5549767906357334,5.549767922794466,-0.037958677182366,0.001,0.9999999999999999,-2.078478358982946,0.4967141682707477,100,"2026-10-04T10:41:41.034027Z"
"NC_000913.3","fork1",201,3925845,-1.84,1.7785320302240026,0.8555155067192858,2.2617177855304034,0.556026066783744,5.587992830436751,-0.04275690103471695,0.001,0.9999999999999999,-4.57288947380348,0.5016813103517759,101,"2026-10-04T10:41:41.035026Z"
"NC_000913.3","fork1",203,3925846,-1.3,1.4024466162933291,0.8025718425954855,2.3131483874898886,0.5570099544473837,5.62552480357926,-0.04187949813977003,0.001,0.9999999999999998,0.8917714159573633,0.5066484524548663,102,"2026-10-04T10:41:41.036026Z"
"NC_000913.3","fork1",205,3925847,-0.88,-1.11502459031999,0.24693533677668908,2.336907949463049,0.557312587444617,5.656105036569127,-0.01966243106055441,0.001,1.0,73.41257325646792,0.5116155945705193,103,"2026-10-04T10:41:41.037026Z"
"NC_000913.3","fork1",207,3925848,-1.3,-1.197553383706671,0.23191074185089536,2.3599722267589653,0.5575967682272401,5.686393623383317,-0.01927668779596794,0.001,1.0,1.3573868754453804,0.5165827366897896,104,"2026-10-04T10:41:41.038027Z"
"NC_000913.3","fork1",209,3925849,-1.45,-1.2993432113333396,0.21427557416581033,2.3821973162878285,0.5578593055652991,5.7163568588747085,-0.018752117257293158,0.001,0.9999999999999999,1.9980797495442508,0.521549878812232,105,"2026-10-04T10:41:41.039026Z"
"NC_000913.3","fork1",211,3925850,-0.88,-1.11502459031999,0.24693533677668908,2.4061424715120823,0.5581618185870042,5.746627664260001,-0.02039719878621074,0.001,0.9999999999999994,-5.438051954408219,0.5265170209381798,106,"2026-10-04T10:41:41.040026Z"
"NC_000913.3","fork1",213,3925851,-1.0,-0.9554055905546683,0.277799014514135,2.4317390160079424,0.5585020901696087,5.777190564722713,-0.022025945639167682,0.001,1.0000000000000002,-4.786608509855887,0.5314841630687419,107,"2026-10-04T10:41:41.041027Z"
"NC_000913.3","fork1",215,3925852,-0.58,-0.40523812514667396,0.4000544771470622,2.4637266909257525,0.5589920139241124,5.80921543784628,-0.027846671192294906,0.001,1.0,-11.880880442354837,0.5364513052065181,108,"2026-10-04T10:41:41.042027Z"
"NC_000913.3","fork1",217,3925853,-1.0,1.0445944094453317,0.7397355271799415,2.5134681146753586,0.5598976223481292,5.845502814794469,-0.044005780900456586,0.001,0.9999999999999996,-17.843373890546424,0.541418447359256,109,"2026-10-04T10:41:41.043026Z"
"NC_000913.3","fork1",219,3925854,-1.44,1.3110377889013387,0.7876867636969223,2.566006652332514,0.56086149598152,5.882365020598572,-0.04741311345087354,0.001,0.9999999999999997,-3.535040727725251,0.5463855895335571,110,"2026-10-04T10:41:41.044027Z"
"NC_000913.3","fork1",221,3925855,-1.28,-1.3896781421493287,0.19945914459223538,2.5880820463797836,0.561105496870759,5.911613259563379,-0.020212012617551803,0.001,1.0000000000000002,111.47951516966114,0.5513527317203567,111,"2026-10-04T10:41:41.045027Z"
"NC_000913.3","fork1",223,3925856,-1.45,1.6006567886666603,0.832110160392121,2.643455709734654,0.5621231077328784,5.948951823727182,-0.05143522318530062,0.001,0.9999999999999998,-30.682858969013786,0.5563198739207946,112,"2026-10-04T10:41:41.046027Z"
"NC_000913.3","fork1",225,3925857,-1.44,-1.5689622110986612,0.1723643870770019,2.6643317175603367,0.5623338319334488,5.977690656541969,-0.01967173679481954,0.001,1.0000000000000002,150.7348766990783,0.5612870161342471,113,"2026-10-04T10:41:41.047027Z"
"NC_000913.3","fork1",227,3925858,-1.45,1.6006567886666603,0.832110160392121,2.720225427554,0.5633508110956342,6.014940722067641,-0.05340341774526233,0.001,0.9999999999999996,-33.16850748244863,0.5662541583611376,114,"2026-10-04T10:41:41.048027Z"
"NC_000913.3","fork1",229,3925859,-1.3,1.4024466162933291,0.8025718425954855,2.7748805149298232,0.5643311851163575,6.051777780615364,-0.053264975305243926,0.001,1.0,0.14121390111528195,0.5712213006125737,115,"2026-10-04T10:41:41.049027Z"
"NC_000913.3","fork1",231,3925860,-1.0,1.0445944094453317,0.7397355271799415,2.826493289911842,0.5652343569863763,6.087760364778744,-0.0512483724450902,0.001,1.0,2.2328007847629694,0.5761884428871806,116,"2026-10-04T10:41:41.050027Z"
"NC_000913.3","fork1",233,3925861,-0.88,-1.11502459031999,0.24693533677668908,2.8519176152822294,0.5655357538602318,6.117204507799174,-0.025587915386579917,0.001,0.9999999999999996,85.13843136544374,0.5811555851749957,117,"2026-10-04T10:41:41.051026Z"
"NC_000913.3","fork1",235,3925862,-1.45,1.6006567886666603,0.832110160392121,2.908977511568882,0.5665510277745849,6.154319484759005,-0.05822942467632035,0.001,0.9999999999999994,-32.15044612915059,0.5861227274781213,118,"2026-10-04T10:41:41.052026Z"
"NC_000913.3","fork1",237,3925863,-1.3,1.4024466162933291,0.8025718425954855,2.9647651361337677,0.5675297324941797,6.191018502406417,-0.058015254328198866,0.001,1.0,0.2188304029126857,0.5910898698068279,119,"2026-10-04T10:41:41.053026Z"
"NC_000913.3","fork1",239,3925864,-0.88,-1.11502459031999,0.24693533677668908,2.9906323980421132,0.567830754763595,6.220274299933739,-0.02726958499883851,0.001,0.9999999999999998,102.1375242073598,0.5960570121502521,120,"2026-10-04T10:41:41.054027Z"
"NC_000913.3","fork1",241,3925865,-1.3,-1.197553383706671,0.23191074185089536,3.0157387863919003,0.5681134159565234,6.249247612121576,-0.026689824084582696,0.001,1.0000000000000004,2.0510806886838777,0.6010241544979218,121,"2026-10-04T10:41:41.055026Z"
"NC_000913.3","fork1",243,3925866,-2.17,-2.077195418181337,0.11133314431997621,3.034283047247862,0.5682490970699156,6.276516462691675,-0.01985560028980302,0.001,1.0000000000000002,50.36975024687707,0.605991296847318,122,"2026-10-04T10:41:41.056026Z"
"NC_000913.3","fork1",245,3925867,-1.84,1.7785320302240026,0.8555155067192858,3.0938221237173646,0.5692913661137399,6.31374671778491,-0.06453436209388046,0.001,0.9999999999999997,-42.86682221717062,0.6109584392106406,123,"2026-10-04T10:41:41.057027Z"
"NC_000913.3","fork1",247,3925868,-1.44,-1.5689622110986612,0.1723643870770019,3.115906957779835,0.5695012825568593,6.341697931609118,-0.02425369461474343,0.001,1.0,191.8890529991697,0.6159255815887126,124,"2026-10-04T10:41:41.058027Z"
"NC_000913.3","fork1",249,3925869,-1.45,1.6006567886666603,0.832110160392121,3.1746565548670937,0.5705143271686224,6.378544130122166,-0.06532121025723081,0.001,0.9999999999999997,-40.53870398758991,0.6208927239816514,125,"2026-10-04T10:41:41.059026Z"
"NC_000913.3","fork1",251,3925870,-1.3,1.4024466162933291,0.8025718425954855,3.232078105700495,0.5714908514568696,6.414968940476617,-0.06498686380526239,0.001,0.9999999999999994,0.3423841639090598,0.6258598664016745,126,"2026-10-04T10:41:41.060026Z"
"NC_000913.3","fork1",253,3925871,-0.88,-1.11502459031999,0.24693533677668908,3.258701130479788,0.5717911968831936,6.4437595797561436,-0.030520513302819963,0.001,0.9999999999999998,114.75570287282036,0.6308270088372724,127,"2026-10-04T10:41:41.061027Z"
"NC_000913.3","fork1",255,3925872,-1.3,-1.197553383706671,0.23191074185089536,3.284538151117622,0.5720732198609236,6.472269695373231,-0.029853885384799966,0.001,0.9999999999999997,2.363736186978607,0.635794151277415,128,"2026-10-04T10:41:41.062027Z"
"NC_000913.3","fork1",257,3925873,-1.84,-1.9014679697759975,0.1299424193591184,3.3046742381006036,0.5722312203202047,6.4992973528292,-0.02342792156534481,0.001,0.9999999999999999,40.670538862325316,0.6407612937198127,129,"2026-10-04T10:41:41.063026Z"
"NC_000913.3","fork1",259,3925874,-1.28,-1.3896781421493287,0.19945914459223538,3.328754525136125,0.5724737193507706,6.527204711847674,-0.028200878831499906,0.001,0.9999999999999999,-19.68237668833536,0.6457284361639721,130,"2026-10-04T10:41:41.064027Z"
"NC_000913.3","fork1",261,3925875,-1.45,1.6006567886666603,0.832110160392121,3.3888396441230637,0.5734850077825216,6.563835978394506,-0.07121665995844925,0.001,1.0,-42.535620675961354,0.650695578624276,131,"2026-10-04T10:41:41.065027Z"
"NC_000913.3","fork1",263,3925876,-1.84,1.7785320302240026,0.8555155067192858,3.450572215637245,0.5745241010731038,6.600779432637159,-0.07444934549100954,0.001,0.9999999999999999,-3.1110638109780773,0.6556627211139522,132,"2026-10-04T10:41:41.066027Z"
"NC_000913.3","fork1",265,3925877,-1.3,1.4024466162933291,0.8025718425954855,3.50959233087918,0.575498292021007,6.636970128876396,-0.0723915013145041,0.001,1.0,2.1123622437004457,0.6606298636326611,133,"2026-10-04T10:41:41.067027Z"
"NC_000913.3","fork1",267,3925878,-1.44,1.3110377889013387,0.7876867636969223,3.5680526444919005,0.5764538449360941,6.672935745551195,-0.07287184091867605,0.001,1.0000000000000002,-0.5026823701627946,0.665597006179284,134,"2026-10-04T10:41:41.068027Z"
"NC_000913.3","fork1",269,3925879,-1.84,-1.9014679697759975,0.1299424193591184,3.5888408959815927,0.5766114250178682,6.699619395221805,-0.02620049158691316,0.001,0.9999999999999999,296.17543541231936,0.670564148739597,135,"2026-10-04T10:41:41.069027Z"
"NC_000913.3","fork1",271,3925880,-2.17,-2.077195418181337,0.11133314431997621,3.6085575013905804,0.5767464253935101,6.725961381915377,-0.024988361305749374,0.001,0.9999999999999997,8.978717839863931,0.6755312912997172,136,"2026-10-04T10:41:41.070027Z"
"NC_000913.3","fork1",273,3925881,-1.44,-1.5689622110986612,0.1723643870770019,3.6318210408748026,0.5769554084411747,6.7530899772909185,-0.029655824535435,0.001,0.9999999999999994,-22.33417151221146,0.6804984338606702,137,"2026-10-04T10:41:41.071026Z"
"NC_000913.3","fork1",275,3925882,-0.58,-0.40523812514667396,0.4000544771470622,3.6683952277192593,0.5774403478911431,6.783388229578061,-0.04699483190604091,0.001,1.0,-35.75499450856244,0.6854655764287361,138,"2026-10-04T10:41:41.072026Z"
"NC_000913.3","fork1",277,3925883,-0.88,-1.11502459031999,0.24693533677668908,3.696123491083492,0.5777396044141615,6.811449543168824,-0.035935531546589475,0.001,0.9999999999999999,36.95592078629567,0.6904327190053834,139,"2026-10-04T10:41:41.073026Z"
"NC_000913.3","fork1",279,3925884,-0.58,-0.40523812514667396,0.4000544771470622,3.732907084750242,0.578224302085081,6.841642272057247,-0.04807383160970661,0.001,0.9999999999999997,-25.04303360915589,0.695399861590846,140,"2026-10-04T10:41:41.074027Z"
"NC_000913.3","fork1",281,3925885,-1.0,1.0445944094453317,0.7397355271799415,3.7898459187558444,0.5791201527230337,6.876670869378902,-0.07531070681130286,0.001,0.9999999999999999,-30.40336641813461,0.700367004195902,141,"2026-10-04T10:41:41.075026Z"
"NC_000913.3","fork1",283,3925886,-1.28,1.1703218578506713,0.7632031881188912,3.8484355937534667,0.5800438778499047,6.912020600051072,-0.07863684043767254,0.001,0.9999999999999999,-3.600782884012826,0.7053341468284439,142,"2026-10-04T10:41:41.076026Z"
"NC_000913.3","fork1",285,3925887,-2.24,-2.2677208491146654,0.09383182322637987,3.867536114136715,0.5801574064399735,6.937673608285568,-0.02589480864224318,0.001,0.9999999999999996,464.57048188031075,0.7103012894741156,143,"2026-10-04T10:41:41.077027Z"
"NC_000913.3","fork1",287,3925888,-1.28,-1.3896781421493287,0.19945914459223538,3.8929243169463152,0.5803987069835145,6.964784555703386,-0.03461204378001617,0.001,0.9999999999999999,-36.12604849475687,0.7152684321210216,144,"2026-10-04T10:41:41.078027Z"
"NC_000913.3","fork1",289,3925889,-1.45,1.6006567886666603,0.832110160392121,3.9561884622383214,0.5814049565389039,7.001042846478061,-0.08717572494640626,0.001,0.9999999999999997,-52.23722175563903,0.720235574785826,145,"2026-10-04T10:41:41.079026Z"
"NC_000913.3","fork1",291,3925890,-1.84,1.7785320302240026,0.8555155067192858,4.021153558541372,0.582438803772735,7.037634918378016,-0.09091871209708198,0.001,0.9999999999999993,-3.620445098842355,0.7252027174829759,146,"2026-10-04T10:41:41.080027Z"
"NC_000913.3","fork1",293,3925891,-1.84,1.7785320302240026,0.8555155067192858,4.08642318368094,0.5834719269046472,7.074221232833098,-0.09277072934170888,0.001,0.9999999999999996,-1.7926394128830159,0.730169860213273,147,"2026-10-04T10:41:41.081027Z"
"NC_000913.3","fork1",295,3925892,-1.3,1.4024466162933291,0.8025718425954855,4.148796750095223,0.5844404492151063,7.1100250108668455,-0.08998991775414074,0.001,1.0,2.871190015488699,0.7351370029757649,148,"2026-10-04T10:41:41.082027Z"
"NC_000913.3","fork1",297,3925893,-0.88,-1.11502459031999,0.24693533677668908,4.177761473269121,0.5847383133942438,7.137640824728578,-0.042243788720774327,0.001,0.9999999999999998,160.29496789988863,0.7401041457563364,149,"2026-10-04T10:41:41.083026Z"
"NC_000913.3","fork1",299,3925894,-1.3,-1.197553383706671,0.23191074185089536,4.20586561732821,0.5850179978792736,7.164978009536556,-0.04126153176656319,0.001,0.9999999999999999,3.5120180302689623,0.7450712885422203,150,"2026-10-04T10:41:41.084027Z"
"NC_000913.3","fork1",301,3925895,-1.45,-1.2993432113333396,0.21427557416581033,4.232940682199883,0.5852763656591766,7.191996474600088,-0.040005051999042925,0.001,0.9999999999999998,4.863144189231572,0.7500384313327327,151,"2026-10-04T10:41:41.085027Z"
"NC_000913.3","fork1",303,3925896,-1.28,1.1703218578506713,0.7632031881188912,4.2936717463089185,0.5861962338229373,7.227112632649622,-0.09060859957235728,0.001,0.9999999999999997,-55.01173925449686,0.7550055741407068,152,"2026-10-04T10:41:41.086027Z"
"NC_000913.3","fork1",305,3925897,-1.3,1.4024466162933291,0.8025718425954855,4.357082652919369,0.587162903586949,7.262804103082481,-0.09591793285648595,0.001,0.9999999999999997,-5.492396143740669,0.759972716979757,153,"2026-10-04T10:41:41.087027Z"
"NC_000913.3","fork1",307,3925898,-1.0,1.0445944094453317,0.7397355271799415,4.416896048732974,0.5880532946223397,7.2975495652345455,-0.09170590439515444,0.001,0.9999999999999996,4.730537813067016,0.7649398598494942,154,"2026-10-04T10:41:41.088026Z"
"NC_000913.3","fork1",309,3925899,-0.88,-1.11502459031999,0.24693533677668908,4.44648400729788,0.5883503931787003,7.32490341838493,-0.04581658009126756,0.001,0.9999999999999993,154.45825407574907,0.7699070027364967,155,"2026-10-04T10:41:41.089026Z"
"NC_000913.3","fork1",311,3925900,-1.45,1.6006567886666603,0.832110160392121,4.512428215514343,0.589351065602632,7.360992547300524,-0.10313860528392586,0.001,0.9999999999999996,-57.28350639207158,0.7748741456438849,156,"2026-10-04T10:41:41.090027Z"
"NC_000913.3","fork1",313,3925901,-1.3,1.4024466162933291,0.8025718425954855,4.576818582102534,0.5903155161970174,7.396632317024968,-0.10210030733984506,0.001,0.9999999999999993,1.076569344376244,0.7798412885848395,157,"2026-10-04T10:41:41.091026Z"
"NC_000913.3","fork1",315,3925902,-1.28,1.1703218578506713,0.7632031881188912,4.639022665171476,0.5912320135957819,7.4316712758889105,-0.09993859428377141,0.001,1.0000000000000002,2.358667966747846,0.7848084315579116,158,"2026-10-04T10:41:41.092026Z"
"NC_000913.3","fork1",317,3925903,-1.84,1.7785320302240026,0.8555155067192858,4.7072637057474065,0.5922586112010628,7.468097033768333,-0.1111029133336251,0.001,0.9999999999999996,-10.875068276434257,0.7897755745647463,159,"2026-10-04T10:41:41.093027Z"
"NC_000913.3","fork1",319,3925904,-1.84,1.7785320302240026,0.8555155067192858,4.775795202960646,0.5932844041680623,7.504520176856633,-0.11311936736359005,0.001,0.9999999999999992,-1.9657514672412728,0.7947427176078342,160,"2026-10-04T10:41:41.094027Z"
"NC_000913.3","fork1",321,3925905,-1.84,1.7785320302240026,0.8555155067192858,4.844616012843234,0.5943093841914965,7.540940814162636,-0.1151504145696759,0.001,0.9999999999999992,-1.9815480884015702,0.7997098606874505,161,"2026-10-04T10:41:41.095026Z"
"NC_000913.3","fork1",323,3925906,-1.44,-1.5689622110986612,0.1723643870770019,4.870535240698093,0.5945157921945468,7.5669507799756985,-0.043787838535179674,0.001,0.9999999999999992,345.7355091852465,0.8046770037858363,162,"2026-10-04T10:41:41.096026Z"
"NC_000913.3","fork1",325,3925907,-1.0,-0.9554055905546683,0.277799014514135,4.903161603321134,0.5948483888439404,7.594515948102987,-0.05543651548992168,0.001,0.9999999999999998,-35.02343446928231,0.8096441468890596,163,"2026-10-04T10:41:41.097027Z"
"NC_000913.3","fork1",327,3925908,-0.58,-0.40523812514667396,0.4000544771470622,4.943626634213385,0.5953272036160138,7.623908211792503,-0.06924345897899568,0.001,0.9999999999999994,-28.835667348540134,0.8146112900030433,164,"2026-10-04T10:41:41.098027Z"
"NC_000913.3","fork1",329,3925909,-0.88,-1.11502459031999,0.24693533677668908,4.974431255504418,0.5956226636099268,7.650911764551478,-0.05308173091977082,0.001,0.9999999999999994,54.70022470786176,0.819578433126813,165,"2026-10-04T10:41:41.099026Z"
"NC_000913.3","fork1",331,3925910,-0.58,-0.40523812514667396,0.4000544771470622,5.015084873067525,0.5961011846457956,7.6802266383791915,-0.07053111593199535,0.001,0.9999999999999994,-36.46524124177919,0.8245455762607461,166,"2026-10-04T10:41:41.100027Z"
"NC_000913.3","fork1",333,3925911,-1.44,1.3110377889013387,0.7876867636969223,5.080729190061737,0.5970428331662391,7.715493899721685,-0.11501312188071053,0.001,0.9999999999999994,-47.23843874120712,0.8295127194191564,167,"2026-10-04T10:41:41.101027Z"
"NC_000913.3","fork1",335,3925912,-1.45,-1.2993432113333396,0.21427557416581033,5.1097136465416995,0.5972988677790264,7.741878293252107,-0.051248044893889774,0.001,0.9999999999999997,249.04865905682914,0.8344798625963967,168,"2026-10-04T10:41:41.102027Z"
"NC_000913.3","fork1",337,3925913,-1.44,1.3110377889013387,0.7876867636969223,5.175761747059113,0.5982396059625367,7.77711501069375,-0.11777999331099606,0.001,0.9999999999999994,-70.72312954157955,0.839447005793711,169,"2026-10-04T10:41:41.103027Z"
"NC_000913.3","fork1",339,3925914,-1.45,-1.2993432113333396,0.21427557416581033,5.20492933550031,0.5984953915304062,7.803425328199552,-0.05248348643693708,0.001,0.9999999999999993,255.27830759929043,0.8444141490100451,170,"2026-10-04T10:41:41.104027Z"
"NC_000913.3","fork1",341,3925915,-1.0,1.0445944094453317,0.7397355271799415,5.268264152358874,0.5993780175411759,7.837884761649536,-0.11489517028146969,0.001,0.9999999999999994,-70.71135801912857,0.849381292245367,171,"2026-10-04T10:41:41.105027Z"
"NC_000913.3","fork1",343,3925916,-1.44,1.3110377889013387,0.7876867636969223,5.334958623471301,0.6003171487755025,7.873085738757731,-0.12239636605976693,0.001,0.9999999999999994,-7.987377593373759,0.8543484355145807,172,"2026-10-04T10:41:41.106027Z"
"NC_000913.3","fork1",345,3925917,-1.28,-1.3896781421493287,0.19945914459223538,5.363475933576411,0.6005548402222867,7.899065792142421,-0.05279382989091799,0.001,0.9999999999999994,292.8272645504135,0.8593155788026665,173,"2026-10-04T10:41:41.107026Z"
"NC_000913.3","fork1",347,3925918,-1.3,-1.197553383706671,0.23191074185089536,5.394150031030696,0.6008311440388602,7.925507266739049,-0.05708760979501022,0.001,0.9999999999999989,-15.540067297441395,0.864282722095426,174,"2026-10-04T10:41:41.108026Z"
"NC_000913.3","fork1",349,3925919,-1.45,-1.2993432113333396,0.21427557416581033,5.423708123737752,0.6010863798693495,7.951625540233729,-0.055306730153848564,0.001,0.9999999999999997,6.97738886326098,0.8692498653932794,175,"2026-10-04T10:41:41.109026Z"
"NC_000913.3","fork1",351,3925920,-1.0,1.0445944094453317,0.7397355271799415,5.487928410831885,0.6019670981191694,7.985996157857982,-0.12111513048275055,0.001,0.9999999999999993,-74.72128611206162,0.8742170087106688,176,"2026-10-04T10:41:41.110027Z"
"NC_000913.3","fork1",353,3925921,-1.0,1.0445944094453317,0.7397355271799415,5.552381373077477,0.6028471566683727,8.020359931918433,-0.12289481913705408,0.001,0.9999999999999993,-2.0222389248016657,0.8791841520614331,177,"2026-10-04T10:41:41.111026Z"
"NC_000913.3","fork1",355,3925922,-1.0,1.0445944094453317,0.7397355271799415,5.617066211940908,0.6037265503237714,8.054716983061175,-0.1246849357626251,0.001,0.9999999999999992,-2.035626041399451,0.8841512954457608,178,"2026-10-04T10:41:41.112026Z"
"NC_000913.3","fork1",357,3925923,-1.0,1.0445944094453317,0.7397355271799415,5.681982136572352,0.6046052739089909,8.08906742724815,-0.12648541717558884,0.001,0.9999999999999991,-2.0489735831024536,0.8891184388638401,179,"2026-10-04T10:41:41.113027Z"
"NC_000913.3","fork1",359,3925924,-1.44,1.3110377889013387,0.7876867636969223,5.7503238916995025,0.6055402158082062,8.124174682890056,-0.1346202005101776,0.001,0.9999999999999989,-8.700843701000538,0.8940855823172557,180,"2026-10-04T10:41:41.114027Z"
"NC_000913.3","fork1",361,3925925,-1.28,-1.3896781421493287,0.19945914459223538,5.779603971436817,0.6057768408842608,8.149894046305375,-0.058156489879843495,0.001,0.9999999999999994,323.14288876421256,0.8990527257902172,181,"2026-10-04T10:41:41.115026Z"
"NC_000913.3","fork1",363,3925926,-1.45,1.6006567886666603,0.832110160392121,5.8513077876384045,0.6067634649632309,8.185686845012109,-0.14354030140325397,0.001,0.9999999999999992,-86.54138221777383,0.9040198692856476,182,"2026-10-04T10:41:41.116027Z"
"NC_000913.3","fork1",365,3925927,-1.3,1.4024466162933291,0.8025718425954855,5.92128901142164,0.6077142412922057,8.22100605687512,-0.14167730858809247,0.001,0.9999999999999992,1.9594438338301379,0.9089870128199082,183,"2026-10-04T10:41:41.117027Z"
"NC_000913.3","fork1",367,3925928,-1.0,1.0445944094453317,0.7397355271799415,5.987286963532079,0.6085898551517468,8.255314627664577,-0.1350490760324173,0.001,0.9999999999999994,7.569812290487666,0.9139541563905328,184,"2026-10-04T10:41:41.118027Z"
"NC_000913.3","fork1",369,3925929,-1.44,1.3110377889013387,0.7876867636969223,6.056751189575069,0.6095214602108389,8.290388352949392,-0.1436362421580574,0.001,0.999999999999999,-9.217603577645939,0.9189212999974378,185,"2026-10-04T10:41:41.119026Z"
"NC_000913.3","fork1",371,3925930,-1.45,-1.2993432113333396,0.21427557416581033,6.087614363713655,0.6097747482669402,8.316219002584614,-0.06433462387146564,0.001,0.9999999999999991,313.0886608204528,0.9238884436247022,186,"2026-10-04T10:41:41.120027Z"
"NC_000913.3","fork1",373,3925931,-1.0,1.0445944094453317,0.7397355271799415,6.1542032657620425,0.6106487095418307,8.350495707048754,-0.13980585521582337,0.001,0.9999999999999988,-86.35534950197369,0.9288555872726192,187,"2026-10-04T10:41:41.121027Z"
"NC_000913.3","fork1",375,3925932,-1.44,1.3110377889013387,0.7876867636969223,6.224282635124333,0.6115785418175693,8.385542686892462,-0.14864753217712873,0.001,0.9999999999999994,-9.508894444734048,0.9338227309573499,188,"2026-10-04T10:41:41.122027Z"
"NC_000913.3","fork1",377,3925933,-1.45,-1.2993432113333396,0.21427557416581033,6.255446855149691,0.6118313452941109,8.411290560736418,-0.06662821207858446,0.001,0.9999999999999992,324.439051316065,0.938789874662682,189,"2026-10-04T10:41:41.123027Z"
"NC_000913.3","fork1",379,3925934,-1.28,1.1703218578506713,0.7632031881188912,6.324228317707972,0.6127312868321633,8.445918137430137,-0.1481043590367337,0.001,0.9999999999999987,-90.5349331185173,0.9437570183897059,190,"2026-10-04T10:41:41.124027Z"
"NC_000913.3","fork1",381,3925935,-1.44,-1.5689622110986612,0.1723643870770019,6.352681542141603,0.6129344264364751,8.470922518574401,-0.061728822576202116,0.001,0.9999999999999989,425.2028389694785,0.9487241621355045,191,"2026-10-04T10:41:41.125026Z"
"NC_000913.3","fork1",383,3925936,-1.0,-0.9554055905546683,0.277799014514135,6.388409902757623,0.6132617430540008,8.497604194899289,-0.07788023804658888,0.001,0.9999999999999992,-49.344929666205076,0.9536913058868433,192,"2026-10-04T10:41:41.126027Z"
"NC_000913.3","fork1",385,3925937,-1.45,1.6006567886666603,0.832110160392121,6.462445170886795,0.6142415634816322,8.533316737303965,-0.16261846248261158,0.001,0.999999999999999,-86.48342292768133,0.9586584496641661,193,"2026-10-04T10:41:41.127026Z"
"NC_000913.3","fork1",387,3925938,-1.44,-1.5689622110986612,0.1723643870770019,6.491090547865162,0.6144444093679803,8.558220533473094,-0.06340989169562414,0.001,0.9999999999999991,489.08347402584786,0.963625593462469,194,"2026-10-04T10:41:41.128026Z"
"NC_000913.3","fork1",389,3925939,-1.0,-0.9554055905546683,0.277799014514135,6.527067470201592,0.6147712516174978,8.584813559083866,-0.0800111158565307,0.001,0.9999999999999989,-50.792772921534734,0.9685927372664429,195,"2026-10-04T10:41:41.129026Z"
"NC_000913.3","fork1",391,3925940,-1.3,-1.197553383706671,0.23191074185089536,6.55990922429335,0.615044025118707,8.610616585616153,-0.07340531088267355,0.001,0.9999999999999987,24.217179984758996,0.9735598810777016,196,"2026-10-04T10:41:41.130027Z"
"NC_000913.3","fork1",393,3925941,-1.28,-1.3896781421493287,0.19945914459223538,6.590528136433937,0.6152785712221104,8.635846513160281,-0.0687531594546329,0.001,0.9999999999999988,19.834699278889545,0.9785270248939836,197,"2026-10-04T10:41:41.131026Z"
"NC_000913.3","fork1",395,3925942,-1.0,-0.9554055905546683,0.277799014514135,6.6266506583029345,0.6156051487189765,8.662332517084693,-0.08149691559748498,0.001,0.9999999999999987,-39.02215022511196,0.9834941687169431,198,"2026-10-04T10:41:41.132026Z"
"NC_000913.3","fork1",397,3925943,-1.0,-0.9554055905546683,0.277799014514135,6.662828985629446,0.6159316220413672,8.688785021121015,-0.08204309813737717,0.001,0.9999999999999989,-1.672977552630231,0.9884613125488894,199,"2026-10-04T10:41:41.133027Z"
"NC_000913.3","fork1",399,3925944,-1.45,1.6006567886666603,0.832110160392121,6.73800120173643,0.6169089036894195,8.724409635292135,-0.17173416055783236,0.001,0.9999999999999987,-91.77606332750095,0.9934284564076763,200,"2026-10-04T10:41:41.134027Z"
"NC_000913.3","fork1",401,3925945,-1.84,1.7785320302240026,0.8555155067192858,6.815071805025857,0.617912689748581,8.7604245908487,-0.17789379579553122,0.001,0.9999999999999991,-6.136402454965489,0.9983956003101734,201,"2026-10-04T10:41:41.135026Z"
"NC_000913.3","fork1",403,3925946,-1.3,1.4024466162933291,0.8025718425954855,6.8886623430775575,0.6188534425314812,8.795560267557745,-0.17158734438040635,0.001,0.9999999999999988,6.703622385982394,1.0033627442555515,202,"2026-10-04T10:41:41.136027Z"
"NC_000913.3","fork1",405,3925947,-0.88,-1.11502459031999,0.24693533677668908,6.923168284051639,0.6191427144181065,8.821426072423199,-0.0810667370416315,0.001,0.9999999999999986,312.92569905358766,1.0083298882242255,203,"2026-10-04T10:41:41.137027Z"
"NC_000913.3","fork1",407,3925948,-0.58,-0.40523812514667396,0.4000544771470622,6.968581345793803,0.6196111779126625,8.849818031573315,-0.10725789239886246,0.001,0.9999999999999987,-55.90863677020429,1.0132970322051005,204,"2026-10-04T10:41:41.138027Z"
"NC_000913.3","fork1",409,3925949,-1.0,1.0445944094453317,0.7397355271799415,7.0382493276506946,0.6204768206405928,8.88387636697957,-0.16576067747941317,0.001,0.9999999999999988,-67.58306076275318,1.0182641762139386,205,"2026-10-04T10:41:41.139027Z"
"NC_000913.3","fork1",411,3925950,-1.44,1.3110377889013387,0.7876867636969223,7.1115506044110655,0.6213977339088432,8.91873559404717,-0.17601887840791383,0.001,0.9999999999999981,-11.139160746364153,1.023231320262446,206,"2026-10-04T10:41:41.140027Z"
"NC_000913.3","fork1",413,3925951,-1.28,-1.3896781421493287,0.19945914459223538,7.143045063632275,0.6216307903414404,8.943709905525301,-0.07616964006966553,0.001,0.9999999999999986,428.4337369517102,1.028198464332525,207,"2026-10-04T10:41:41.141027Z"
"NC_000913.3","fork1",415,3925952,-0.58,-0.40523812514667396,0.4000544771470622,7.188936783364226,0.6220980613945457,8.9720261249435,-0.11153806025148782,0.001,0.9999999999999989,-75.69144278631956,1.0331656084135867,208,"2026-10-04T10:41:41.142027Z"
"NC_000913.3","fork1",417,3925953,-1.44,1.3110377889013387,0.7876867636969223,7.262760282752104,0.623017430862615,9.006858809705493,-0.1807504889466749,0.001,0.9999999999999984,-75.28249642718558,1.038132752524686,209,"2026-10-04T10:41:41.143026Z"
"NC_000913.3","fork1",419,3925954,-1.84,-1.9014679697759975,0.1299424193591184,7.289467941702085,0.6231690117529278,9.030577226084036,-0.06583583033185318,0.001,0.9999999999999984,758.1078220192364,1.0430998966552214,210,"2026-10-04T10:41:41.144026Z"
"NC_000913.3","fork1",421,3925955,-2.17,-2.077195418181337,0.11133314431997621,7.314836122461486,0.6232988653176934,9.053939300887695,-0.06274917133866359,0.001,0.9999999999999984,23.770306181134185,1.0480670407850383,211,"2026-10-04T10:41:41.145026Z"
"NC_000913.3","fork1",423,3925956,-1.84,1.7785320302240026,0.8555155067192858,7.394022555674088,0.6242961049753941,9.089888805887995,-0.19706550715005655,0.001,0.9999999999999988,-134.6881211293582,1.0530341849389417,212,"2026-10-04T10:41:41.146027Z"
"NC_000913.3","fork1",425,3925957,-1.44,-1.5689622110986612,0.1723643870770019,7.4239360108071715,0.6244968959355419,9.114232453339282,-0.07497963284797438,0.001,0.9999999999999983,608.0247547609495,1.0580013291159927,213,"2026-10-04T10:41:41.147026Z"
"NC_000913.3","fork1",427,3925958,-1.0,-0.9554055905546683,0.277799014514135,7.46152841852209,0.6248204198445065,9.140335063934852,-0.09462403789256033,0.001,0.9999999999999986,-60.72010290508188,1.0629684732993754,214,"2026-10-04T10:41:41.148026Z"
"NC_000913.3","fork1",429,3925959,-1.45,1.6006567886666603,0.832110160392121,7.5395463370426485,0.6257888251284851,9.17586570978426,-0.19769961607138856,0.001,0.9999999999999981,-106.43847145830875,1.06793561751136,215,"2026-10-04T10:41:41.149027Z"
"NC_000913.3","fork1",431,3925960,-1.3,1.4024466162933291,0.8025718425954855,7.615649012842083,0.62672190046451,9.210893532047038,-0.19463161323849515,0.001,0.999999999999998,3.2880547951933194,1.0729027617677986,216,"2026-10-04T10:41:41.150027Z"
"NC_000913.3","fork1",433,3925961,-0.88,-1.11502459031999,0.24693533677668908,7.651325891940312,0.627008799842068,9.236416720623527,-0.09188753644345758,0.001,0.9999999999999988,358.1188557102029,1.0778699060486256,217,"2026-10-04T10:41:41.151026Z"
"NC_000913.3","fork1",435,3925962,-1.3,-1.197553383706671,0.23191074185089536,7.68594352593959,0.6272781616625001,9.261651409055345,-0.08954368726545427,0.001,0.9999999999999986,8.701489967078729,1.0828370503365112,218,"2026-10-04T10:41:41.152026Z"
"NC_000913.3","fork1",437,3925963,-1.84,-1.9014679697759975,0.1299424193591184,7.713103363225843,0.6274290538655957,9.285102429616268,-0.07052436014492337,0.001,0.9999999999999984,126.04579116973805,1.0878041946275063,219,"2026-10-04T10:41:41.153027Z"
"NC_000913.3","fork1",439,3925964,-1.45,-1.2993432113333396,0.21427557416581033,7.74647982305187,0.6276778214980298,9.309966974211536,-0.08698378048098457,0.001,0.999999999999998,-66.16383399645922,1.092771338921546,220,"2026-10-04T10:41:41.154027Z"
"NC_000913.3","fork1",441,3925965,-1.0,1.0445944094453317,0.7397355271799415,7.818688971873687,0.6285361124189094,9.34386141666079,-0.18929425327355537,0.001,0.9999999999999982,-119.20255743555596,1.0977384832396906,221,"2026-10-04T10:41:41.155026Z"
"NC_000913.3","fork1",443,3925966,-1.28,1.1703218578506713,0.7632031881188912,7.892842077109076,0.6294207827384685,9.378158810090447,-0.19602638136080155,0.001,0.9999999999999984,-7.6097591819306185,1.1027056275989409,222,"2026-10-04T10:41:41.156027Z"
"NC_000913.3","fork1",445,3925967,-2.24,-2.2677208491146654,0.09383182322637987,7.9175587944812875,0.6295294885154245,9.400880385252997,-0.06574276055123902,0.001,0.9999999999999976,1198.497673792561,1.1076727719764103,223,"2026-10-04T10:41:41.157027Z"
"NC_000913.3","fork1",447,3925968,-1.28,-1.3896781421493287,0.19945914459223538,7.950119398639533,0.6297605217427743,9.425392808699097,-0.08689775045966655,0.001,0.9999999999999983,-91.56687179196352,1.1126399163553604,224,"2026-10-04T10:41:41.158027Z"
"NC_000913.3","fork1",449,3925969,-1.0,-0.9554055905546683,0.277799014514135,7.988543466656674,0.6300821969352786,9.451233336239586,-0.10296798296300011,0.001,0.9999999999999979,-49.957947885959335,1.1176070607418964,225,"2026-10-04T10:41:41.159027Z"
"NC_000913.3","fork1",451,3925970,-1.3,-1.197553383706671,0.23191074185089536,8.023593483769792,0.6303506477468341,9.476248497951266,-0.09433095263140853,0.001,0.9999999999999981,32.17360484605386,1.1225742051368572,226,"2026-10-04T10:41:41.160027Z"
"NC_000913.3","fork1",453,3925971,-1.84,-1.9014679697759975,0.1299424193591184,8.051049795912839,0.6305010287867395,9.499456233027665,-0.07416980197424737,0.001,0.999999999999998,134.06710493454037,1.1275413495352535,227,"2026-10-04T10:41:41.161027Z"
"NC_000913.3","fork1",455,3925972,-1.28,-1.3896781421493287,0.19945914459223538,8.08372379356968,0.6307318115328961,9.523841900203413,-0.08857197279116324,0.001,0.9999999999999981,-62.405751975677575,1.132508493936506,228,"2026-10-04T10:41:41.162027Z"
"NC_000913.3","fork1",457,3925973,-1.45,1.6006567886666603,0.832110160392121,8.16397868549556,0.6316939526375283,9.559264509224723,-0.21883842183699737,0.001,0.999999999999998,-135.39225007504882,1.1374756383654905,229,"2026-10-04T10:41:41.163026Z"
"NC_000913.3","fork1",459,3925974,-1.3,1.4024466162933291,0.8025718425954855,8.242242654106095,0.6326209478785102,9.594172113306014,-0.2152647521582745,0.001,0.9999999999999974,3.855111138367182,1.142442782840887,230,"2026-10-04T10:41:41.164026Z"
"NC_000913.3","fork1",461,3925975,-1.44,1.3110377889013387,0.7876867636969223,8.319606798563917,0.6335297978446507,9.628819716272249,-0.21458472645493423,0.001,0.9999999999999977,0.7482265815864674,1.147409927361394,231,"2026-10-04T10:41:41.165026Z"
"NC_000913.3","fork1",463,3925976,-1.45,-1.2993432113333396,0.21427557416581033,8.353806681747976,0.6337768696323618,9.65340210089585,-0.09547195927575174,0.001,0.9999999999999979,482.0978076155647,1.1523770719057607,232,"2026-10-04T10:41:41.166027Z"
"NC_000913.3","fork1",465,3925977,-1.28,1.1703218578506713,0.7632031881188912,8.429657401065244,0.6346563135590784,9.687608610065533,-0.21292470345511919,0.001,0.9999999999999978,-133.55342007748064,1.15734421647618,233,"2026-10-04T10:41:41.167026Z"
"NC_000913.3","fork1",467,3925978,-1.3,1.4024466162933291,0.8025718425954855,8.508708989972249,0.6355801541093108,9.722507259863203,-0.22371701010897532,0.001,0.9999999999999979,-11.68200145700571,1.162311361091441,234,"2026-10-04T10:41:41.168026Z"
"NC_000913.3","fork1",469,3925979,-1.28,1.1703218578506713,0.7632031881188912,8.584984616583473,0.6364577516129021,9.756713020402364,-0.21761593848354652,0.001,0.9999999999999977,6.952015702485614,1.1672785057514783,235,"2026-10-04T10:41:41.169027Z"
"NC_000913.3","fork1",471,3925980,-1.44,-1.5689622110986612,0.1723643870770019,8.616383728980004,0.6366558257539067,9.780492825465714,-0.09012552819081697,0.001,0.9999999999999978,643.6499466620207,1.1722456504331873,236,"2026-10-04T10:41:41.170027Z"
"NC_000913.3","fork1",473,3925981,-1.0,-0.9554055905546683,0.277799014514135,8.655862290003414,0.636974963519001,9.80610537340885,-0.11374009985120585,0.001,0.9999999999999978,-73.9949145580181,1.177212795121862,237,"2026-10-04T10:41:41.171026Z"
"NC_000913.3","fork1",475,3925982,-0.58,-0.40523812514667396,0.4000544771470622,8.70476031099939,0.6374343373742107,9.833858462810735,-0.14152176554962215,0.001,0.9999999999999976,-60.477246110860094,1.1821799398254709,238,"2026-10-04T10:41:41.172027Z"
"NC_000913.3","fork1",477,3925983,-0.88,-1.11502459031999,0.24693533677668908,8.741990678918414,0.6377177626935111,9.858877828566614,-0.1082510159243125,0.001,0.9999999999999972,117.3880643671431,1.1871470845422165,239,"2026-10-04T10:41:41.173027Z"
"NC_000913.3","fork1",479,3925984,-1.3,-1.197553383706671,0.23191074185089536,8.778105973921193,0.6379838560397024,9.883603872568251,-0.10541679960937142,0.001,0.9999999999999972,10.651210770611593,1.192114229266735,240,"2026-10-04T10:41:41.174027Z"
"NC_000913.3","fork1",481,3925985,-1.84,-1.9014679697759975,0.1299424193591184,8.806394670424549,0.6381329144271433,9.906487323987818,-0.08286053677480357,0.001,0.9999999999999974,151.3250157997363,1.1970813739947792,241,"2026-10-04T10:41:41.175026Z"
"NC_000913.3","fork1",483,3925986,-1.45,-1.2993432113333396,0.21427557416581033,8.841203510333086,0.638378654251964,9.930841746233847,-0.1022944582734574,0.001,0.9999999999999976,-79.08332120292822,1.202048518726358,242,"2026-10-04T10:41:41.176027Z"
"NC_000913.3","fork1",485,3925987,-1.44,1.3110377889013387,0.7876867636969223,8.920442297365256,0.6392813821708128,9.965411002379525,-0.2341133446466226,0.001,0.9999999999999973,-146.02283104446312,1.2070156634858384,243,"2026-10-04T10:41:41.177027Z"
"NC_000913.3","fork1",487,3925988,-1.45,-1.2993432113333396,0.21427557416581033,8.95540377483342,0.6395267826463291,9.989728194692233,-0.10392802133461326,0.001,0.9999999999999973,530.5015120206352,1.211982808269909,244,"2026-10-04T10:41:41.178027Z"
"NC_000913.3","fork1",489,3925989,-1.28,1.1703218578506713,0.7632031881188912,9.03307384339695,0.6404002532158184,10.023850000364906,-0.2320937796413326,0.001,0.999999999999997,-146.7316275826656,1.2169499530811267,245,"2026-10-04T10:41:41.179027Z"
"NC_000913.3","fork1",491,3925990,-1.44,-1.5689622110986612,0.1723643870770019,9.064918259635435,0.6405973922926691,10.0473780167624,-0.09571381185413175,0.001,0.9999999999999976,691.79571075339,1.2219170979146394,246,"2026-10-04T10:41:41.180027Z"
"NC_000913.3","fork1",493,3925991,-0.58,-0.40523812514667396,0.4000544771470622,9.114554385843954,0.6410547653720833,10.07496699327488,-0.14977765205055438,0.001,0.9999999999999977,-118.20512100465004,1.226884242760238,247,"2026-10-04T10:41:41.181026Z"
"NC_000913.3","fork1",495,3925992,-1.28,1.1703218578506713,0.7632031881188912,9.192686045624992,0.6419266064899769,10.109070835777326,-0.23716570780282742,0.001,0.9999999999999974,-100.23392331323328,1.2318513876392212,248,"2026-10-04T10:41:41.182027Z"
"NC_000913.3","fork1",497,3925993,-1.3,1.4024466162933291,0.8025718425954855,9.274106786518809,0.6428424086384823,10.14388264242738,-0.2490207067375646,0.001,0.9999999999999971,-12.944934617247553,1.236818532564932,249,"2026-10-04T10:41:41.183026Z"
"NC_000913.3","fork1",499,3925994,-0.88,-1.11502459031999,0.24693533677668908,9.31210451831481,0.6431239732333396,10.168683407810855,-0.11692440025403046,0.001,0.9999999999999969,469.1509831003019,1.2417856775172322,250,"2026-10-04T10:41:41.184026Z"
"NC_000913.3","fork1",501,3925995,-1.3,-1.197553383706671,0.23191074185089536,9.348960226366966,0.6433883162426158,10.193188464864702,-0.1138294010366586,0.001,0.9999999999999969,11.708269592018935,1.2467528224775903,251,"2026-10-04T10:41:41.185026Z"
"NC_000913.3","fork1",503,3925996,-2.17,-2.077195418181337,0.11133314431997621,9.376343890078328,0.6435151881007135,10.215487471666682,-0.08485253129363193,0.001,0.9999999999999972,228.3947770412394,1.251719967440891,252,"2026-10-04T10:41:41.186027Z"
"NC_000913.3","fork1",505,3925997,-2.24,-2.2677208491146654,0.09383182322637987,9.40234274680248,0.6436221003499012,10.237436777564346,-0.08078034721322563,0.001,0.9999999999999968,38.08903199910758,1.256687112402623,253,"2026-10-04T10:41:41.187026Z"
"NC_000913.3","fork1",507,3925998,-1.45,-1.2993432113333396,0.21427557416581033,9.437868896564257,0.6438661928812008,10.26153911428253,-0.11071010896701554,0.001,0.9999999999999964,-122.61645857999875,1.261654257366994,254,"2026-10-04T10:41:41.188026Z"
"NC_000913.3","fork1",509,3925999,-1.44,1.3110377889013387,0.7876867636969223,9.51890759572772,0.6447628449705661,10.29603754304842,-0.2538165080455257,0.001,0.9999999999999966,-159.6008092501187,1.2666214023603501,255,"2026-10-04T10:41:41.189027Z"
"NC_000913.3","fork1",511,3926000,-2.17,-2.077195418181337,0.11133314431997621,9.54640200533782,0.644889497718964,10.318232548485424,-0.08659276720387249,0.001,0.9999999999999968,1320.3325072454077,1.271588547374919,256,"2026-10-04T10:41:41.190027Z"
"NC_000913.3","fork1",513,3926001,-1.3,1.4024466162933291,0.8025718425954855,9.628937440289668,0.6458019032797581,10.352992683929656,-0.26114010608990673,0.001,0.9999999999999967,-191.3045540122778,1.2765556924158745,257,"2026-10-04T10:41:41.191026Z"
"NC_000913.3","fork1",515,3926002,-0.88,-1.11502459031999,0.24693533677668908,9.6673541374141,0.6460824192596297,10.377620897736367,-0.12227240918011159,0.001,0.9999999999999963,495.0438009746418,1.281522837483945,258,"2026-10-04T10:41:41.192027Z"
"NC_000913.3","fork1",517,3926003,-1.3,-1.197553383706671,0.23191074185089536,9.704609844109594,0.6463457759381148,10.401951446725953,-0.11900213584970765,0.001,0.9999999999999963,12.417658626375196,1.286489982560416,259,"2026-10-04T10:41:41.193027Z"
"NC_000913.3","fork1",519,3926004,-1.28,-1.3896781421493287,0.19945914459223538,9.739301823384693,0.6465722097364419,10.425664229871092,-0.11119236842153048,0.001,0.9999999999999962,34.49029025647267,1.291457127643568,260,"2026-10-04T10:41:41.194027Z"
"NC_000913.3","fork1",521,3926005,-1.45,1.6006567886666603,0.832110160392121,9.82478733807177,0.6475161433454865,10.460944062881305,-0.27535091412148416,0.001,0.9999999999999968,-173.90899542830763,1.2964242727575004,261,"2026-10-04T10:41:41.195027Z"
"NC_000913.3","fork1",523,3926006,-1.44,-1.5689622110986612,0.1723643870770019,9.857448937710988,0.647711527361818,10.484127599790108,-0.10581238050325596,0.001,0.9999999999999963,867.7195647903984,1.3013914178967685,262,"2026-10-04T10:41:41.196027Z"
"NC_000913.3","fork1",525,3926007,-0.58,-0.40523812514667396,0.4000544771470622,9.908468764065935,0.6481648194404827,10.51146759020858,-0.1658919095981672,0.001,0.9999999999999962,-132.54043457344872,1.3063585630488392,263,"2026-10-04T10:41:41.197027Z"
"NC_000913.3","fork1",527,3926008,-0.88,-1.11502459031999,0.24693533677668908,9.9472176001318,0.6484444827689482,10.535976406614017,-0.1265187274870218,0.001,0.9999999999999963,140.78779054508752,1.3113257082151133,264,"2026-10-04T10:41:41.198027Z"
"NC_000913.3","fork1",529,3926009,-0.58,-0.40523812514667396,0.4000544771470622,9.998387337461594,0.6488973429709284,10.563284083080328,-0.16773165848474364,0.001,0.9999999999999961,-91.00585747546627,1.3162928533967488,265,"2026-10-04T10:41:41.199026Z"
"NC_000913.3","fork1",531,3926010,-1.44,1.3110377889013387,0.7876867636969223,10.081046271264475,0.6497882178398182,10.597725775944815,-0.27245097605693097,0.001,0.9999999999999962,-117.54660640801718,1.321259998614431,266,"2026-10-04T10:41:41.200026Z"
"NC_000913.3","fork1",533,3926011,-1.28,-1.3896781421493287,0.19945914459223538,10.116166714462558,0.6500136410298977,10.621311077781257,-0.11640444217265891,0.001,0.999999999999996,692.238158058497,1.3262271438572875,267,"2026-10-04T10:41:41.201026Z"
"NC_000913.3","fork1",535,3926012,-1.0,-0.9554055905546683,0.277799014514135,10.157682568897263,0.6503274901141017,10.646320522056202,-0.13806650392318995,0.001,0.9999999999999959,-69.0206307450823,1.3311942891090875,268,"2026-10-04T10:41:41.202027Z"
"NC_000913.3","fork1",537,3926013,-0.58,-0.40523812514667396,0.4000544771470622,10.209207163673327,0.6507792310187684,10.673573674521142,-0.17203530186024002,0.001,0.999999999999996,-75.19531126390251,1.3361614343774317,269,"2026-10-04T10:41:41.203026Z"
"NC_000913.3","fork1",539,3926014,-0.88,-1.11502459031999,0.24693533677668908,10.248320295168169,0.6510579349921559,10.697974207151594,-0.13112733199148904,0.001,0.9999999999999961,146.77928474266122,1.341128579660189,270,"2026-10-04T10:41:41.204026Z"
"NC_000913.3","fork1",541,3926015,-1.0,-0.9554055905546683,0.277799014514135,10.289996634513274,0.6513713498745146,10.722926427571759,-0.1402137722532035,0.001,0.9999999999999957,-28.99173196030679,1.3460957249535948,271,"2026-10-04T10:41:41.205027Z"
"NC_000913.3","fork1",543,3926016,-1.0,-0.9554055905546683,0.277799014514135,10.331721766853297,0.6516846338568397,10.747859025796885,-0.14088904311154407,0.001,0.9999999999999959,-2.1554592524293645,1.3510628702587217,272,"2026-10-04T10:41:41.206027Z"
"NC_000913.3","fork1",545,3926017,-1.45,1.6006567886666603,0.832110160392121,10.418988328555777,0.652622249109171,10.783089946321256,-0.2961346500821481,0.001,0.9999999999999957,-165.574959008617,1.3560300155982805,273,"2026-10-04T10:41:41.207026Z"
"NC_000913.3","fork1",547,3926018,-1.3,1.4024466162933291,0.8025718425954855,10.50404142976716,0.6535254608977503,10.817771964473822,-0.2906652325226358,0.001,0.9999999999999957,6.055520564136138,1.360997160989612,274,"2026-10-04T10:41:41.208026Z"
"NC_000913.3","fork1",549,3926019,-1.28,1.1703218578506713,0.7632031881188912,10.586057561914084,0.6543833424722957,10.851720808475143,-0.2821950082782605,0.001,0.9999999999999956,9.87341900758758,1.3659643064302107,275,"2026-10-04T10:41:41.209027Z"
"NC_000913.3","fork1",551,3926020,-1.44,-1.5689622110986612,0.1723643870770019,10.619511075655213,0.654576950584001,10.874649772366274,-0.1157039584507924,0.001,0.9999999999999954,859.9384001062507,1.3709314518943314,276,"2026-10-04T10:41:41.210027Z"
"NC_000913.3","fork1",553,3926021,-0.58,-0.40523812514667396,0.4000544771470622,10.671804346398226,0.6550261137869698,10.901807984944725,-0.18148371545157208,0.001,0.9999999999999957,-146.44956792095735,1.375898597371726,277,"2026-10-04T10:41:41.211026Z"
"NC_000913.3","fork1",555,3926022,-1.0,1.0445944094453317,0.7397355271799415,10.752314218031314,0.6558559264249764,10.935304358559993,-0.28083120426437447,0.001,0.9999999999999956,-119.72279555957013,1.3808657428842046,278,"2026-10-04T10:41:41.212027Z"
"NC_000913.3","fork1",557,3926023,-1.0,1.0445944094453317,0.7397355271799415,10.833009682546958,0.6566847891862553,10.96879926119029,-0.2832710683909202,0.001,0.9999999999999952,-2.9436285963445656,1.3858328884432447,279,"2026-10-04T10:41:41.213027Z"
"NC_000913.3","fork1",559,3926024,-0.88,-1.11502459031999,0.24693533677668908,10.872930667634748,0.6569612644422014,10.99306534806817,-0.1408663656600156,0.001,0.9999999999999957,515.072143594178,1.3908000340282152,280,"2026-10-04T10:41:41.214027Z"
"NC_000913.3","fork1",561,3926025,-1.0,-0.9554055905546683,0.277799014514135,10.915460130498447,0.6572721682500429,11.017890030708413,-0.15057545982446988,0.001,0.9999999999999952,-31.22861129254599,1.3957671796238904,281,"2026-10-04T10:41:41.215027Z"
"NC_000913.3","fork1",563,3926026,-0.58,-0.40523812514667396,0.4000544771470622,10.968234982451758,0.6577196593876036,11.044992067430021,-0.18754909944087766,0.001,0.9999999999999951,-82.62429467978437,1.4007343252365143,282,"2026-10-04T10:41:41.216027Z"
"NC_000913.3","fork1",565,3926027,-1.0,1.0445944094453317,0.7397355271799415,11.049477520347013,0.6585463703420493,11.078465493925682,-0.29014713969093703,0.001,0.9999999999999952,-124.10388382822818,1.4057014708846065,283,"2026-10-04T10:41:41.217027Z"
"NC_000913.3","fork1",567,3926028,-1.44,1.3110377889013387,0.7876867636969223,11.134917876710519,0.6594256120966706,11.112838746272718,-0.3070668718354795,0.001,0.9999999999999953,-19.243549405624254,1.41066861658174,284,"2026-10-04T10:41:41.218027Z"
"NC_000913.3","fork1",569,3926029,-1.84,-1.9014679697759975,0.1299424193591184,11.1654007354213,0.6595705528710617,11.13483330046219,-0.11010313151771095,0.001,0.9999999999999952,1358.9256794386065,1.415635762301564,285,"2026-10-04T10:41:41.219026Z"
"NC_000913.3","fork1",571,3926030,-1.84,-1.9014679697759975,0.1299424193591184,11.195887461455778,0.6597154637925843,11.156801663728126,-0.11039541011365495,0.001,0.9999999999999953,-2.01695353858098,1.4206029080219058,286,"2026-10-04T10:41:41.220026Z"
"NC_000913.3","fork1",573,3926031,-1.45,-1.2993432113333396,0.21427557416581033,11.23347466090805,0.6599543572296748,11.180336660856804,-0.1364748214477492,0.001,0.9999999999999949,-109.1675504012083,1.4255700537464382,287,"2026-10-04T10:41:41.221026Z"
"NC_000913.3","fork1",575,3926032,-1.44,1.3110377889013387,0.7876867636969223,11.319426394750343,0.6608318406797281,11.2146890567563,-0.31340621945423774,0.001,0.999999999999995,-201.63502570416946,1.4305371995026006,288,"2026-10-04T10:41:41.222027Z"
"NC_000913.3","fork1",577,3926033,-2.17,-2.077195418181337,0.11133314431997621,11.348462310098745,0.6609557769459461,11.236249055640915,-0.1063946715337529,0.001,0.9999999999999948,1670.3064747519986,1.4355043452808198,289,"2026-10-04T10:41:41.223026Z"
"NC_000913.3","fork1",579,3926034,-1.3,1.4024466162933291,0.8025718425954855,11.435966851751932,0.6618485479066895,11.270875493960267,-0.32187195841837446,0.001,0.9999999999999944,-241.35785812881454,1.4404714910879735,290,"2026-10-04T10:41:41.224026Z"
"NC_000913.3","fork1",581,3926035,-0.88,-1.11502459031999,0.24693533677668908,11.476590696846964,0.6621230043261855,11.29497319800591,-0.15020916224291486,0.001,0.9999999999999946,625.4646784747898,1.445438636923576,291,"2026-10-04T10:41:41.225027Z"
"NC_000913.3","fork1",583,3926036,-1.3,-1.197553383706671,0.23191074185089536,11.51597729703594,0.662380662280016,11.318766593019234,-0.1460883082543953,0.001,0.999999999999995,15.993505836931199,1.4504057827681507,292,"2026-10-04T10:41:41.226027Z"
"NC_000913.3","fork1",585,3926037,-1.84,-1.9014679697759975,0.1299424193591184,11.546727812580762,0.6625249890565118,11.340601961708503,-0.11438025554602099,0.001,0.9999999999999943,219.69625788254507,1.455372928616821,293,"2026-10-04T10:41:41.227026Z"
"NC_000913.3","fork1",587,3926038,-1.84,-1.9014679697759975,0.1299424193591184,11.577482410232083,0.6626692855562776,11.362412217986897,-0.11467644410896133,0.001,0.9999999999999943,-2.0526385838958006,1.4603400744661936,294,"2026-10-04T10:41:41.228027Z"
"NC_000913.3","fork1",589,3926039,-1.45,-1.2993432113333396,0.21427557416581033,11.615435918183621,0.6629071648847984,11.385805363806844,-0.1418907497550184,0.001,0.9999999999999942,-114.40382741653568,1.4653072203199946,295,"2026-10-04T10:41:41.229027Z"
"NC_000913.3","fork1",591,3926040,-1.28,1.1703218578506713,0.7632031881188912,11.700328246112967,0.6637537688545618,11.419652544894818,-0.31865962408043064,0.001,0.999999999999994,-208.7975967970076,1.4702743662049953,296,"2026-10-04T10:41:41.230027Z"
"NC_000913.3","fork1",593,3926041,-2.24,-2.2677208491146654,0.09383182322637987,11.728107893611677,0.6638577819358933,11.440718770801809,-0.10476414578306517,0.001,0.9999999999999941,2056.4286295466136,1.4752415121107314,297,"2026-10-04T10:41:41.231026Z"
"NC_000913.3","fork1",595,3926042,-1.84,-1.9014679697759975,0.1299424193591184,11.758977691136142,0.6640017975733961,11.462449158221487,-0.11668462938890198,0.001,0.9999999999999943,-82.77214761214745,1.4802086580160532,298,"2026-10-04T10:41:41.232027Z"
"NC_000913.3","fork1",597,3926043,-1.45,-1.2993432113333396,0.21427557416581033,11.79709514117739,0.6642392133468612,11.485770658400245,-0.14445272502090306,0.001,0.9999999999999943,-116.95977578371746,1.4851758039259393,299,"2026-10-04T10:41:41.233027Z"
"NC_000913.3","fork1",599,3926044,-0.88,-1.11502459031999,0.24693533677668908,11.838050985139224,0.6645127129668962,11.509698760430233,-0.15566753846824907,0.001,0.9999999999999943,-41.00485933366831,1.4901429498447383,300,"2026-10-04T10:41:41.234027Z"
"NC_000913.3","fork1",601,3926045,-1.0,-0.9554055905546683,0.277799014514135,11.881704490820374,0.664820264539461,11.53420146076643,-0.1664392922699054,0.001,0.999999999999994,-35.024219553899655,1.495110095774961,301,"2026-10-04T10:41:41.235027Z"
"NC_000913.3","fork1",603,3926046,-1.3,-1.197553383706671,0.23191074185089536,11.921443682390274,0.6650769060520566,11.55780533866544,-0.15198996513482263,0.001,0.9999999999999936,56.30159746544662,1.5000772417156882,302,"2026-10-04T10:41:41.236026Z"
"NC_000913.3","fork1",605,3926047,-1.28,-1.3896781421493287,0.19945914459223538,11.958410635860265,0.665297557301557,11.580765824691195,-0.14179622570005596,0.001,0.9999999999999939,46.19842152648454,1.5050443876639759,303,"2026-10-04T10:41:41.237026Z"
"NC_000913.3","fork1",607,3926048,-1.0,-0.9554055905546683,0.277799014514135,12.00218657285722,0.6656047514444364,11.605216378574083,-0.16840466730236137,0.001,0.9999999999999934,-86.61767230618308,1.5100115336222169,304,"2026-10-04T10:41:41.238027Z"
"NC_000913.3","fork1",609,3926049,-1.3,-1.197553383706671,0.23191074185089536,12.04202849474738,0.6658610941847426,11.628765075740615,-0.15374680322059797,0.001,0.9999999999999934,57.180726336374335,1.5149786795911004,305,"2026-10-04T10:41:41.239026Z"
"NC_000913.3","fork1",611,3926050,-1.28,-1.3896781421493287,0.19945914459223538,12.079084311237043,0.666081488190119,11.65166835329787,-0.1434056005523096,0.001,0.9999999999999929,46.92143350553266,1.5199458255676748,306,"2026-10-04T10:41:41.240026Z"
"NC_000913.3","fork1",613,3926051,-1.45,1.6006567886666603,0.832110160392121,12.171224986938853,0.6670001519468243,11.686787794295899,-0.3580001071571775,0.001,0.9999999999999936,-233.59417963162562,1.5249129715788272,307,"2026-10-04T10:41:41.241027Z"
"NC_000913.3","fork1",615,3926052,-2.24,-2.2677208491146654,0.09383182322637987,12.19921135024672,0.6671036644588668,11.70762282139721,-0.10925885518207383,0.001,0.9999999999999937,2403.0066227439465,1.5298801176135062,308,"2026-10-04T10:41:41.242027Z"
"NC_000913.3","fork1",617,3926053,-1.84,-1.9014679697759975,0.1299424193591184,12.230345096077944,0.6672469864952716,11.729132680464355,-0.12181481359331425,0.001,0.9999999999999929,-87.60661462958807,1.5348472636481183,309,"2026-10-04T10:41:41.243026Z"
"NC_000913.3","fork1",619,3926054,-2.17,-2.077195418181337,0.11133314431997621,12.259856052485382,0.6673697585293112,11.750258162020527,-0.11573065770921584,0.001,0.9999999999999929,49.556529153319545,1.5398144096831292,310,"2026-10-04T10:41:41.244026Z"
"NC_000913.3","fork1",621,3926055,-1.84,1.7785320302240026,0.8555155067192858,12.354554290755285,0.6683124145527835,11.785818859034054,-0.3727216273252305,0.001,0.9999999999999928,-272.62433296655297,1.5447815557510503,311,"2026-10-04T10:41:41.245027Z"
"NC_000913.3","fork1",623,3926056,-1.3,1.4024466162933291,0.8025718425954855,12.444816431547233,0.6691955093397276,11.820350484592074,-0.35744993059203184,0.001,0.9999999999999932,17.293383404565958,1.5497487018750775,312,"2026-10-04T10:41:41.246027Z"
"NC_000913.3","fork1",625,3926057,-0.88,-1.11502459031999,0.24693533677668908,12.486444242274386,0.6694669806992032,11.844081026476962,-0.16565949975033178,0.001,0.9999999999999931,706.4849537431587,1.554715848028535,313,"2026-10-04T10:41:41.247026Z"
"NC_000913.3","fork1",627,3926058,-1.3,-1.197553383706671,0.23191074185089536,12.526787085227337,0.669721831845796,11.867502177894176,-0.16101085103167967,0.001,0.9999999999999928,18.240642746955363,1.5596829941917212,314,"2026-10-04T10:41:41.248027Z"
"NC_000913.3","fork1",629,3926059,-1.28,-1.3896781421493287,0.19945914459223538,12.56430230432368,0.6699409416214762,11.890273273762972,-0.15014113842143773,0.001,0.999999999999992,49.608524204358865,1.5646501403627047,315,"2026-10-04T10:41:41.249027Z"
"NC_000913.3","fork1",631,3926060,-1.0,-0.9554055905546683,0.277799014514135,12.608758930672753,0.6702459863426146,11.91455437001972,-0.17841910953815415,0.001,0.9999999999999928,-92.70106694910298,1.569617286543949,316,"2026-10-04T10:41:41.250027Z"
"NC_000913.3","fork1",633,3926061,-1.3,-1.197553383706671,0.23191074185089536,12.649203372014243,0.670500532474626,11.937923695262828,-0.1628004188322885,0.001,0.9999999999999929,61.35897875345163,1.574584432736109,317,"2026-10-04T10:41:41.251027Z"
"NC_000913.3","fork1",635,3926062,-1.84,-1.9014679697759975,0.1299424193591184,12.680649013472864,0.6706431140869792,11.959281004415399,-0.12691000537497749,0.001,0.9999999999999931,251.7183868591581,1.5795515789330494,318,"2026-10-04T10:41:41.252027Z"
"NC_000913.3","fork1",637,3926063,-2.17,-2.077195418181337,0.11133314431997621,12.710448560223034,0.6707652513643753,11.980251595748939,-0.12053464251949542,0.001,0.999999999999992,52.198337734414466,1.5845187251304895,319,"2026-10-04T10:41:41.253027Z"
"NC_000913.3","fork1",639,3926064,-1.84,1.7785320302240026,0.8555155067192858,12.80637211417978,0.6717030183799997,12.015790019934297,-0.38935030676915294,0.001,0.999999999999992,-286.6550643932204,1.5894858713614939,320,"2026-10-04T10:41:41.254027Z"
"NC_000913.3","fork1",641,3926065,-1.3,1.4024466162933291,0.8025718425954855,12.897790305083959,0.6725815085354153,12.050289499283975,-0.373274837222315,0.001,0.9999999999999925,18.298975176599715,1.5944530176493006,321,"2026-10-04T10:41:41.255026Z"
"NC_000913.3","fork1",643,3926066,-1.0,1.0445944094453317,0.7397355271799415,12.983798971198876,0.6733901487552418,12.083555362504676,-0.35316178331626347,0.001,0.999999999999992,24.872685544093436,1.5994201639892798,322,"2026-10-04T10:41:41.256026Z"
"NC_000913.3","fork1",645,3926067,-0.88,-1.11502459031999,0.24693533677668908,13.025988594726856,0.6736598564940177,12.107151352305289,-0.17401959104819356,0.001,0.9999999999999926,664.2085728838919,1.6043873103567545,323,"2026-10-04T10:41:41.257026Z"
"NC_000913.3","fork1",647,3926068,-1.45,1.6006567886666603,0.832110160392121,13.120534883753402,0.6745678574328886,12.142222613515345,-0.3914614820375018,0.001,0.9999999999999921,-239.47320061111375,1.6093544567616114,324,"2026-10-04T10:41:41.258027Z"
"NC_000913.3","fork1",649,3926069,-1.44,-1.5689622110986612,0.1723643870770019,13.156201679070747,0.6747557783973812,12.164333977574469,-0.14836663331711192,0.001,0.999999999999992,1293.6015381613056,1.6143216031937082,325,"2026-10-04T10:41:41.259026Z"
"NC_000913.3","fork1",651,3926070,-1.3,-1.197553383706671,0.23191074185089536,13.197225186718297,0.6750085312907994,12.1875975451318,-0.17107857738422683,0.001,0.9999999999999916,-89.8582950325976,1.619288749633096,326,"2026-10-04T10:41:41.260026Z"
"NC_000913.3","fork1",653,3926071,-2.17,-2.077195418181337,0.11133314431997621,13.227450986124932,0.6751298339136065,12.208469408079823,-0.1263656768411926,0.001,0.9999999999999913,368.60621401524133,1.6242558960763072,327,"2026-10-04T10:41:41.261027Z"
"NC_000913.3","fork1",655,3926072,-1.44,-1.5689622110986612,0.1723643870770019,13.263166736094147,0.6753175865590924,12.230522896594112,-0.1496453435657874,0.001,0.9999999999999916,-123.99115157259659,1.6292230425220686,328,"2026-10-04T10:41:41.262027Z"
"NC_000913.3","fork1",657,3926073,-1.45,1.6006567886666603,0.832110160392121,13.358339253789843,0.6762231919115311,12.265578998446882,-0.4001515310031776,0.001,0.9999999999999917,-276.61738831686694,1.6341901890030044,329,"2026-10-04T10:41:41.263026Z"
"NC_000913.3","fork1",659,3926074,-1.3,1.4024466162933291,0.8025718425954855,13.451043470418648,0.6770954011604855,12.30005002831438,-0.3919718720376226,0.001,0.9999999999999918,9.378092442107171,1.6391573355405509,330,"2026-10-04T10:41:41.264027Z"
"NC_000913.3","fork1",661,3926075,-0.88,-1.11502459031999,0.24693533677668908,13.493723820294827,0.6773635151595888,12.323550286264583,-0.18129348765921435,0.001,0.9999999999999915,785.7791278448911,1.644124482107858,331,"2026-10-04T10:41:41.265027Z"
"NC_000913.3","fork1",663,3926076,-1.3,-1.197553383706671,0.23191074185089536,13.535080987806598,0.6776152097651141,12.346737985270426,-0.1761488600667745,0.001,0.9999999999999915,20.439959695212053,1.649091628685085,332,"2026-10-04T10:41:41.266027Z"
"NC_000913.3","fork1",665,3926077,-1.45,-1.2993432113333396,0.21427557416581033,13.574872193188476,0.6778476732577224,12.369560559195467,-0.16992362487172072,0.001,0.9999999999999913,26.779410070824213,1.654058775270933,333,"2026-10-04T10:41:41.267026Z"
"NC_000913.3","fork1",667,3926078,-1.0,1.0445944094453317,0.7397355271799415,13.66239123050306,0.6786495215267858,12.4027738700522,-0.3750032278956334,0.001,0.9999999999999912,-255.75861535931503,1.6590259218893937,334,"2026-10-04T10:41:41.268027Z"
"NC_000913.3","fork1",669,3926079,-1.28,1.1703218578506713,0.7632031881188912,13.752214233010164,0.6794757053036092,12.436448674006161,-0.3868556630320297,0.001,0.9999999999999912,-14.346003236673946,1.6639930685597395,335,"2026-10-04T10:41:41.269027Z"
"NC_000913.3","fork1",671,3926080,-1.3,1.4024466162933291,0.8025718425954855,13.845798206963348,0.6803432945256666,12.47089988728536,-0.4051685435731471,0.001,0.9999999999999909,-21.10777782334821,1.668960215284674,336,"2026-10-04T10:41:41.270027Z"
"NC_000913.3","fork1",673,3926081,-1.0,1.0445944094453317,0.7397355271799415,13.933839297993433,0.6811418530721929,12.504103581044937,-0.3831700697455329,0.001,0.9999999999999913,27.547728245231244,1.6739273620626307,337,"2026-10-04T10:41:41.271027Z"
"NC_000913.3","fork1",675,3926082,-0.88,-1.11502459031999,0.24693533677668908,13.977047465194238,0.6814081881231552,12.527538441092918,-0.18885389805003322,0.001,0.9999999999999912,729.5929356403337,1.6788945088680947,338,"2026-10-04T10:41:41.272027Z"
"NC_000913.3","fork1",677,3926083,-1.45,1.6006567886666603,0.832110160392121,14.073808794689043,0.6823047973183279,12.562564950165466,-0.42440601744960355,0.001,0.9999999999999908,-262.71436950207044,1.6838616557118702,339,"2026-10-04T10:41:41.273026Z"
"NC_000913.3","fork1",679,3926084,-1.44,-1.5689622110986612,0.1723643870770019,14.110338165537986,0.6824903534666266,12.584501658930023,-0.16093297845735688,0.001,0.9999999999999909,1419.9100456009871,1.6888288025827671,340,"2026-10-04T10:41:41.274027Z"
"NC_000913.3","fork1",681,3926085,-1.0,-0.9554055905546683,0.277799014514135,14.156554355270035,0.6827892915607336,12.60851494705822,-0.20410387953367665,0.001,0.9999999999999905,-144.414184499536,1.6937959494630785,341,"2026-10-04T10:41:41.275026Z"
"NC_000913.3","fork1",683,3926086,-1.45,1.6006567886666603,0.832110160392121,14.253733051388718,0.6836838182331236,12.643531678030438,-0.4306930916828915,0.001,0.9999999999999907,-253.30626703820582,1.6987630963829536,342,"2026-10-04T10:41:41.276026Z"
"NC_000913.3","fork1",685,3926087,-1.3,1.4024466162933291,0.8025718425954855,14.348387469242974,0.6845453051615846,12.67795785052045,-0.42171865505268713,0.001,0.9999999999999907,10.417379920362507,1.7037302433601662,343,"2026-10-04T10:41:41.277026Z"
"NC_000913.3","fork1",687,3926088,-0.88,-1.11502459031999,0.24693533677668908,14.39203766235682,0.6848101128681818,12.701336849332764,-0.195328813223962,0.001,0.9999999999999906,854.9216514045221,1.7086973903669813,344,"2026-10-04T10:41:41.278027Z"
"NC_000913.3","fork1",689,3926089,-1.3,-1.197553383706671,0.23191074185089536,14.4343374052177,0.6850586992567056,12.724401994878443,-0.18977092636449067,0.001,0.9999999999999905,22.35796936621101,1.7136645373835269,345,"2026-10-04T10:41:41.279026Z"
"NC_000913.3","fork1",691,3926090,-1.28,-1.3896781421493287,0.19945914459223538,14.473670509890825,0.6852724158462485,12.746805181845597,-0.1768963891868079,0.001,0.99999999999999,60.2411689481678,1.7186316844077598,346,"2026-10-04T10:41:41.280026Z"
"NC_000913.3","fork1",693,3926091,-1.0,-0.9554055905546683,0.277799014514135,14.520275252029773,0.6855699413584053,12.770754426456314,-0.2101153435633979,0.001,0.9999999999999903,-111.65077621674727,1.723598831442393,347,"2026-10-04T10:41:41.281027Z"
"NC_000913.3","fork1",695,3926092,-1.3,-1.197553383706671,0.23191074185089536,14.562671876514244,0.6858182034154702,12.793774129962133,-0.19164797522889163,0.001,0.9999999999999901,74.3865919457928,1.7285659784879426,348,"2026-10-04T10:41:41.282027Z"
"NC_000913.3","fork1",697,3926093,-1.45,-1.2993432113333396,0.21427557416581033,14.603463753666004,0.6860474924601642,12.816426285896677,-0.1848482035999121,0.001,0.99999999999999,29.65589410542686,1.7335331255420148,349,"2026-10-04T10:41:41.283026Z"
"NC_000913.3","fork1",699,3926094,-1.28,1.1703218578506713,0.7632031881188912,14.695292666245473,0.686863432284433,12.850039638911227,-0.41742389778134315,0.001,0.9999999999999901,-285.04025329298577,1.7385002726306353,350,"2026-10-04T10:41:41.284027Z"
"NC_000913.3","fork1",701,3926095,-1.44,-1.5689622110986612,0.1723643870770019,14.732311138335962,0.6870475471076488,12.87183314518804,-0.168959673152827,0.001,0.9999999999999897,1349.5069016648974,1.7434674197440514,351,"2026-10-04T10:41:41.285027Z"
"NC_000913.3","fork1",703,3926096,-1.45,1.6006567886666603,0.832110160392121,14.830828333973635,0.6879355538615388,12.906816540623021,-0.45102346384371106,0.001,0.9999999999999896,-317.63698806937595,1.7484345668940247,352,"2026-10-04T10:41:41.286027Z"
"NC_000913.3","fork1",705,3926097,-1.44,-1.5689622110986612,0.1723643870770019,14.867965715309513,0.6881193245409886,12.92858983227199,-0.1707445417259791,0.001,0.9999999999999897,1525.155824405475,1.7534017140711289,353,"2026-10-04T10:41:41.287026Z"
"NC_000913.3","fork1",707,3926098,-1.0,-0.9554055905546683,0.277799014514135,14.914972357238666,0.6884153824500833,12.95245963808509,-0.21661965010530757,0.001,0.9999999999999897,-154.95315939914198,1.7583688612578154,354,"2026-10-04T10:41:41.288027Z"
"NC_000913.3","fork1",709,3926099,-1.0,-0.9554055905546683,0.277799014514135,14.962022583701598,0.6887112864561066,12.976316439815763,-0.21739207887044892,0.001,0.9999999999999896,-2.610403203127028,1.7633360084577463,355,"2026-10-04T10:41:41.289027Z"
"NC_000913.3","fork1",711,3926100,-1.3,-1.197553383706671,0.23191074185089536,15.00481572392855,0.6889581935277515,12.99923873275506,-0.1982308430421153,0.001,0.9999999999999896,77.60505076133707,1.7683031556687072,356,"2026-10-04T10:41:41.290027Z"
"NC_000913.3","fork1",713,3926101,-2.17,-2.077195418181337,0.11133314431997621,15.036323944733377,0.6890766877716085,13.019722180782974,-0.14628697189393924,0.001,0.9999999999999887,438.3661978623703,1.7732703028832462,357,"2026-10-04T10:41:41.291026Z"
"NC_000913.3","fork1",715,3926102,-2.24,-2.2677208491146654,0.09383182322637987,15.066187117218508,0.6891765357450798,13.039833557138639,-0.13890806805503814,0.001,0.9999999999999895,73.90138810401425,1.7782374500964169,358,"2026-10-04T10:41:41.292026Z"
"NC_000913.3","fork1",717,3926103,-1.84,-1.9014679697759975,0.1299424193591184,15.099444043086862,0.6893147805188234,13.060652290155959,-0.15498055873415892,0.001,0.9999999999999889,-116.26110878462349,1.783204597309454,359,"2026-10-04T10:41:41.293026Z"
"NC_000913.3","fork1",719,3926104,-1.28,-1.3896781421493287,0.19945914459223538,15.139257340372383,0.6895269178912519,13.082854997977856,-0.1859135200615717,0.001,0.9999999999999886,-145.81570881787877,1.7881717445270646,360,"2026-10-04T10:41:41.294027Z"
"NC_000913.3","fork1",721,3926105,-1.45,1.6006567886666603,0.832110160392121,15.238800526182391,0.6904110595345287,13.117811728634663,-0.4662396567833873,0.001,0.9999999999999888,-317.06021184891483,1.7931388917827753,361,"2026-10-04T10:41:41.295026Z"
"NC_000913.3","fork1",723,3926106,-1.44,-1.5689622110986612,0.1723643870770019,15.276181876012352,0.6905940280781312,13.139449102588825,-0.17581832102377834,0.001,0.9999999999999887,1587.27467597182,1.798106039065856,362,"2026-10-04T10:41:41.296026Z"
"NC_000913.3","fork1",725,3926107,-1.3,-1.197553383706671,0.23191074185089536,15.319214355596706,0.6908401121603157,13.16227353866038,-0.20284189071178335,0.001,0.9999999999999887,-109.81437502220247,1.8030731863565803,363,"2026-10-04T10:41:41.297027Z"
"NC_000913.3","fork1",727,3926108,-1.28,-1.3896781421493287,0.19945914459223538,15.359202890438217,0.6910516748270628,13.184427291990783,-0.18893365349357108,0.001,0.9999999999999882,65.74050815327293,1.8080403336554267,364,"2026-10-04T10:41:41.298027Z"
"NC_000913.3","fork1",729,3926109,-1.45,1.6006567886666603,0.832110160392121,15.459251124221929,0.6919334143394457,13.21937096584201,-0.4741040487147427,0.001,0.9999999999999885,-323.41796099224007,1.8130074809926098,365,"2026-10-04T10:41:41.299026Z"
"NC_000913.3","fork1",731,3926110,-1.44,-1.5689622110986612,0.1723643870770019,15.496793020746498,0.6921158843876345,13.240958175102618,-0.17863735479777793,0.001,0.9999999999999881,1619.2613354888606,1.817974628357169,366,"2026-10-04T10:41:41.300026Z"
"NC_000913.3","fork1",733,3926111,-1.0,-0.9554055905546683,0.277799014514135,15.544383564090497,0.6924098443294029,13.264666049634986,-0.22695460988772911,0.001,0.999999999999988,-164.36680045344147,1.8229417757317032,367,"2026-10-04T10:41:41.301027Z"
"NC_000913.3","fork1",735,3926112,-1.0,-0.9554055905546683,0.277799014514135,15.592017283702479,0.6927036482198988,13.28836165422895,-0.22773631538598202,0.001,0.9999999999999878,-2.660636987935724,1.827908923119859,368,"2026-10-04T10:41:41.302027Z"
"NC_000913.3","fork1",737,3926113,-1.0,-0.9554055905546683,0.277799014514135,15.639694150371268,0.6929972959038683,13.312045042737555,-0.22851869455771184,0.001,0.9999999999999879,-2.6643464751836237,1.8328760705216673,369,"2026-10-04T10:41:41.303026Z"
"NC_000913.3","fork1",739,3926114,-1.45,1.6006567886666603,0.832110160392121,15.740375723979803,0.6938759424066551,13.346971951320992,-0.48409174856153336,0.001,0.9999999999999878,-290.87130398086464,1.8378432179647852,370,"2026-10-04T10:41:41.304027Z"
"NC_000913.3","fork1",741,3926115,-2.24,-2.2677208491146654,0.09383182322637987,15.770609459375569,0.6939749336392083,13.366902946388953,-0.14594831870477237,0.001,0.9999999999999876,3415.892712266857,1.8428103654313377,371,"2026-10-04T10:41:41.305027Z"
"NC_000913.3","fork1",743,3926116,-1.45,-1.2993432113333396,0.21427557416581033,15.812377591450295,0.6942009241964743,13.38926427615679,-0.20200593062464364,0.001,0.9999999999999876,-248.05289476712142,1.8477775129020853,372,"2026-10-04T10:41:41.306027Z"
"NC_000913.3","fork1",745,3926117,-1.44,1.3110377889013387,0.7876867636969223,15.909180500275426,0.6950308724663072,13.423277493288177,-0.46951273704216606,0.001,0.9999999999999873,-322.3174457263015,1.8527446604099078,373,"2026-10-04T10:41:41.307027Z"
"NC_000913.3","fork1",747,3926118,-1.84,-1.9014679697759975,0.1299424193591184,15.942974520803237,0.6951676651201625,13.443904573917099,-0.16454087273499876,0.001,0.9999999999999872,2229.446214486723,1.8577118079414239,374,"2026-10-04T10:41:41.308027Z"
"NC_000913.3","fork1",749,3926119,-2.17,-2.077195418181337,0.11133314431997621,15.974983427701853,0.6952848400558069,13.464134804287124,-0.15613752174392784,0.001,0.9999999999999872,71.71628424503477,1.8626789554732206,375,"2026-10-04T10:41:41.309027Z"
"NC_000913.3","fork1",751,3926120,-1.84,1.7785320302240026,0.8555155067192858,16.07866949353624,0.6961844004714216,13.499518164020559,-0.5070803338879475,0.001,0.9999999999999871,-390.12700653820815,1.8676461030421452,376,"2026-10-04T10:41:41.310027Z"
"NC_000913.3","fork1",753,3926121,-1.3,1.4024466162933291,0.8025718425954855,16.177440154534487,0.6970269291885463,13.533816688260982,-0.48533098331248226,0.001,0.9999999999999871,25.814373009967756,1.8726132506710171,377,"2026-10-04T10:41:41.311026Z"
"NC_000913.3","fork1",755,3926122,-1.0,1.0445944094453317,0.7397355271799415,16.270319430123955,0.6978023220805194,13.566829530167492,-0.45842844072101174,0.001,0.999999999999987,34.69536910895768,1.877580398354836,378,"2026-10-04T10:41:41.312026Z"
"NC_000913.3","fork1",757,3926123,-0.88,-1.11502459031999,0.24693533677668908,16.315705486547582,0.698060909803234,13.589797395484728,-0.2248593744569179,0.001,0.9999999999999865,903.2488619805537,1.882547546066421,379,"2026-10-04T10:41:41.313026Z"
"NC_000913.3","fork1",759,3926124,-1.0,-0.9554055905546683,0.277799014514135,16.36411460116441,0.6983516674545692,13.613381998486952,-0.24039553695396965,0.001,0.9999999999999867,-53.433374584316056,1.8875146937905507,380,"2026-10-04T10:41:41.314027Z"
"NC_000913.3","fork1",761,3926125,-1.0,-0.9554055905546683,0.277799014514135,16.412566170449367,0.6986422659893666,13.636954842325252,-0.24118734497207633,0.001,0.9999999999999865,-2.7247488314375414,1.8924818415283038,381,"2026-10-04T10:41:41.315026Z"
"NC_000913.3","fork1",763,3926126,-1.0,-0.9554055905546683,0.277799014514135,16.461060166546073,0.6989327052617772,13.660515975302134,-0.24197975379973397,0.001,0.9999999999999866,-2.7283115712308668,1.8974489892797086,382,"2026-10-04T10:41:41.316026Z"
"NC_000913.3","fork1",765,3926127,-1.0,-0.9554055905546683,0.277799014514135,16.509596561580217,0.6992229851264159,13.684065445289582,-0.24277275948796914,0.001,0.9999999999999866,-2.7318659846496907,1.902416137044793,383,"2026-10-04T10:41:41.317027Z"
"NC_000913.3","fork1",767,3926128,-1.45,1.6006567886666603,0.832110160392121,16.61212958987839,0.7000915247151104,13.71893795434654,-0.514357155525626,0.001,0.9999999999999865,-312.69086587737456,1.9073832848518872,384,"2026-10-04T10:41:41.318027Z"
"NC_000913.3","fork1",769,3926129,-1.3,1.4024466162933291,0.8025718425954855,16.711966502053908,0.7009278729709942,13.753199887066076,-0.5030872009981762,0.001,0.9999999999999866,13.475193435466302,1.9123504327183576,385,"2026-10-04T10:41:41.319026Z"
"NC_000913.3","fork1",771,3926130,-1.28,1.1703218578506713,0.7632031881188912,16.80813645715327,0.7017219539298215,13.786650827211925,-0.48671596391022093,0.001,0.9999999999999862,20.616584374637217,1.9173175806411642,386,"2026-10-04T10:41:41.320027Z"
"NC_000913.3","fork1",773,3926131,-1.44,-1.5689622110986612,0.1723643870770019,16.84673724739746,0.701901123974595,13.808022333286162,-0.19607622854170967,0.001,0.9999999999999861,1622.144682365221,1.9222847285885065,387,"2026-10-04T10:41:41.321027Z"
"NC_000913.3","fork1",775,3926132,-1.0,-0.9554055905546683,0.277799014514135,16.895669303187177,0.7021897612834921,13.831536152887029,-0.24906237827542105,0.001,0.999999999999986,-183.57346088134898,1.9272518765458317,388,"2026-10-04T10:41:41.322027Z"
"NC_000913.3","fork1",777,3926133,-1.3,-1.197553383706671,0.23191074185089536,16.94014780137702,0.7024305966869715,13.854098855785647,-0.2269148817128407,0.001,0.9999999999999859,91.96113296720395,1.9322190245143644,389,"2026-10-04T10:41:41.323026Z"
"NC_000913.3","fork1",779,3926134,-1.28,-1.3896781421493287,0.19945914459223538,16.981473437462824,0.7026376418333347,13.87598357694271,-0.21127983816958854,0.001,0.9999999999999858,75.51514159055932,1.9371861724909127,390,"2026-10-04T10:41:41.324027Z"
"NC_000913.3","fork1",781,3926135,-1.45,1.6006567886666603,0.832110160392121,17.0849595952051,0.7035005022727417,13.910823880297718,-0.5304467287942785,0.001,0.9999999999999859,-369.8939898600576,1.9421533205071295,391,"2026-10-04T10:41:41.325027Z"
"NC_000913.3","fork1",783,3926136,-2.24,-2.2677208491146654,0.09383182322637987,17.11602131146739,0.7035977106887118,13.930525938892028,-0.1598138815224346,0.001,0.9999999999999859,3812.76501188982,1.9471204685461285,392,"2026-10-04T10:41:41.326027Z"
"NC_000913.3","fork1",785,3926137,-1.84,-1.9014679697759975,0.1299424193591184,17.150634523149236,0.7037322986988822,13.950951264787495,-0.1783815463570471,0.001,0.9999999999999855,-137.95927892167146,1.9520876165848924,393,"2026-10-04T10:41:41.327027Z"
"NC_000913.3","fork1",787,3926138,-1.28,-1.3896781421493287,0.19945914459223538,17.192106529813998,0.7039388198758136,13.972788630221713,-0.21411687133432128,0.001,0.9999999999999852,-173.0346761927439,1.9570547646282996,394,"2026-10-04T10:41:41.328027Z"
"NC_000913.3","fork1",789,3926139,-1.3,-1.197553383706671,0.23191074185089536,17.23680438360437,0.70417883671893,13.995279610591043,-0.23124197150950093,0.001,0.9999999999999849,-71.34957677481462,1.9620219126804168,395,"2026-10-04T10:41:41.329026Z"
"NC_000913.3","fork1",791,3926140,-2.17,-2.077195418181337,0.11133314431997621,17.26961410220385,0.7042940212538594,14.015276111698958,-0.1700830407461761,0.001,0.9999999999999851,530.9647757904125,1.9669890607361005,396,"2026-10-04T10:41:41.330027Z"
"NC_000913.3","fork1",793,3926141,-1.3,1.4024466162933291,0.8025718425954855,17.370835692176904,0.7051235862789571,14.049489985059633,-0.5259039456481416,0.001,0.9999999999999849,-428.9246703235456,1.971956208827299,397,"2026-10-04T10:41:41.331026Z"
"NC_000913.3","fork1",795,3926142,-1.28,1.1703218578506713,0.7632031881188912,17.468328601016992,0.705911201114586,14.082886304226681,-0.5086438382450997,0.001,0.9999999999999848,21.914401078109265,1.9769233569752567,398,"2026-10-04T10:41:41.332026Z"
"NC_000913.3","fork1",797,3926143,-1.44,-1.5689622110986612,0.1723643870770019,17.50736178069162,0.7060889087336113,14.104116992288576,-0.2043713883112742,0.001,0.9999999999999848,1712.2082418458242,1.9818905051477105,399,"2026-10-04T10:41:41.333026Z"
"NC_000913.3","fork1",799,3926144,-1.0,-0.9554055905546683,0.277799014514135,17.556884504104566,0.7063751874401697,14.12750584991403,-0.2598015326180165,0.001,0.9999999999999846,-193.62300805783286,1.9868576533303601,400,"2026-10-04T10:41:41.334027Z"
"NC_000913.3","fork1",801,3926145,-1.0,-0.9554055905546683,0.277799014514135,17.606448788405757,0.7066613031458168,14.15088368314064,-0.26060577599090207,0.001,0.9999999999999843,-2.8109025719742897,1.9918248015267652,401,"2026-10-04T10:41:41.335026Z"
"NC_000913.3","fork1",803,3926146,-0.58,-0.40523812514667396,0.4000544771470622,17.66823013603605,0.7070730477185797,14.1767726541046,-0.32560311167898703,0.001,0.9999999999999842,-157.85839082694335,1.9967919497433662,402,"2026-10-04T10:41:41.336026Z"
"NC_000913.3","fork1",805,3926147,-0.88,-1.11502459031999,0.24693533677668908,17.714815035654528,0.7073270297820174,14.199493170081407,-0.2461431389329934,0.001,0.9999999999999839,312.8566311749483,2.0017590979762216,403,"2026-10-04T10:41:41.337027Z"
"NC_000913.3","fork1",807,3926148,-1.3,-1.197553383706671,0.23191074185089536,17.759933736021377,0.7075654409045231,14.221891508231273,-0.23889975976105887,0.001,0.999999999999984,30.381884434784986,2.006726246219445,404,"2026-10-04T10:41:41.338027Z"
"NC_000913.3","fork1",809,3926149,-2.17,-2.077195418181337,0.11133314431997621,17.793029391211707,0.7076798541904076,14.241784516136596,-0.175584783476896,0.001,0.9999999999999839,553.3883219480289,2.01169339446622,405,"2026-10-04T10:41:41.339026Z"
"NC_000913.3","fork1",811,3926150,-1.3,1.4024466162933291,0.8025718425954855,17.895308120306648,0.7085038519837189,14.275959231067993,-0.5437899097127266,0.001,0.9999999999999837,-446.85207803307037,2.0166605427489586,406,"2026-10-04T10:41:41.340027Z"
"NC_000913.3","fork1",813,3926151,-0.88,-1.11502459031999,0.24693533677668908,17.942078159289892,0.708757104462597,14.298638837544507,-0.2495751367113267,0.001,0.9999999999999838,1161.744889150852,2.0216276910614357,407,"2026-10-04T10:41:41.341027Z"
"NC_000913.3","fork1",815,3926152,-0.58,-0.40523812514667396,0.4000544771470622,18.004244567458194,0.7091671179778629,14.324475834635408,-0.33246568203551685,0.001,0.9999999999999832,-202.16539757336716,2.026594839393198,408,"2026-10-04T10:41:41.342027Z"
"NC_000913.3","fork1",817,3926153,-1.28,1.1703218578506713,0.7632031881188912,18.10296213484947,0.7099483752184786,14.357819555561248,-0.5294620986970098,0.001,0.9999999999999836,-252.15307637499131,2.0315619877685736,409,"2026-10-04T10:41:41.343027Z"
"NC_000913.3","fork1",819,3926154,-2.24,-2.2677208491146654,0.09383182322637987,18.13451676742844,0.7100443409679982,14.377304357601146,-0.16981759139241784,0.001,0.9999999999999832,3747.634016356937,2.036529136164137,410,"2026-10-04T10:41:41.344027Z"
"NC_000913.3","fork1",821,3926155,-1.84,-1.9014679697759975,0.1299424193591184,18.16970376844943,0.710177207516622,14.39752061172641,-0.18966323044311126,0.001,0.9999999999999828,-149.3652033279873,2.0414962845595936,411,"2026-10-04T10:41:41.345027Z"
"NC_000913.3","fork1",823,3926156,-1.84,-1.9014679697759975,0.1299424193591184,18.20489571604752,0.7103100380215073,14.417721379978074,-0.1900060490870787,0.001,0.9999999999999829,-2.580872851937655,2.0464634329561875,412,"2026-10-04T10:41:41.346027Z"
"NC_000913.3","fork1",825,3926157,-1.84,-1.9014679697759975,0.1299424193591184,18.240092650127266,0.7104428324696623,14.437906725034086,-0.19034900608051647,0.001,0.9999999999999826,-2.5826154496859752,2.051430581353966,413,"2026-10-04T10:41:41.347026Z"
"NC_000913.3","fork1",827,3926158,-1.45,-1.2993432113333396,0.21427557416581033,18.283817856833696,0.7106617322645449,14.45982942729115,-0.23687675324988247,0.001,0.9999999999999828,-212.55272164294053,2.0563977297574603,414,"2026-10-04T10:41:41.348026Z"
"NC_000913.3","fork1",829,3926159,-1.44,1.3110377889013387,0.7876867636969223,18.38559124533698,0.7114655739555973,14.493657966198466,-0.5526295937088462,0.001,0.9999999999999825,-392.80475742129323,2.0613648781999916,415,"2026-10-04T10:41:41.349026Z"
"NC_000913.3","fork1",831,3926160,-1.45,-1.2993432113333396,0.21427557416581033,18.429437599585206,0.711684014350741,14.515565037583212,-0.23892360522322303,0.001,0.9999999999999821,1436.1171077318338,2.0663320266699965,416,"2026-10-04T10:41:41.350027Z"
"NC_000913.3","fork1",833,3926161,-1.0,1.0445944094453317,0.7397355271799415,18.5266079158113,0.7124373712873374,14.548385151768903,-0.5306922071585269,0.001,0.9999999999999821,-387.2913193757674,2.0712991751765415,417,"2026-10-04T10:41:41.351026Z"
"NC_000913.3","fork1",835,3926162,-1.0,1.0445944094453317,0.7397355271799415,18.62393153146919,0.713189553041306,14.581197215135468,-0.5334918156396474,0.001,0.999999999999982,-3.721984036902404,2.076266323736995,418,"2026-10-04T10:41:41.352026Z"
"NC_000913.3","fork1",837,3926163,-1.0,1.0445944094453317,0.7397355271799415,18.721408219825115,0.7139405572945959,14.614001103004732,-0.536290353426156,0.001,0.9999999999999821,-3.7263940573561394,2.0812334723513177,419,"2026-10-04T10:41:41.353027Z"
"NC_000913.3","fork1",839,3926164,-1.28,1.1703218578506713,0.7632031881188912,18.821426671108593,0.7147141501453311,14.647283797887054,-0.5522862887200846,0.001,0.999999999999982,-20.677460086047283,2.0862006210207324,420,"2026-10-04T10:41:41.354027Z"
"NC_000913.3","fork1",841,3926165,-1.84,1.7785320302240026,0.8555155067192858,18.931011643065982,0.7155798160261247,14.68247266188437,-0.6073778647390309,0.001,0.9999999999999818,-63.64069237479914,2.0911677697509488,421,"2026-10-04T10:41:41.355026Z"
"NC_000913.3","fork1",843,3926166,-1.44,-1.5689622110986612,0.1723643870770019,18.971069514157744,0.7157540337727292,14.703478840640305,-0.22281967281801796,0.001,0.9999999999999817,2207.3422450709922,2.096134918508026,422,"2026-10-04T10:41:41.356026Z"
"NC_000913.3","fork1",845,3926167,-1.45,1.6006567886666603,0.832110160392121,19.07854141235644,0.71659418553764,14.738169096442377,-0.5990618080481978,0.001,0.9999999999999818,-447.8263939255312,2.101102067305323,423,"2026-10-04T10:41:41.357027Z"
"NC_000913.3","fork1",847,3926168,-1.44,-1.5689622110986612,0.1723643870770019,19.118709015366388,0.7167680278763668,14.759159462242392,-0.22468465576138752,0.001,0.9999999999999819,2153.5441540224006,2.1060692161285903,424,"2026-10-04T10:41:41.358027Z"
"NC_000913.3","fork1",849,3926169,-1.3,-1.197553383706671,0.23191074185089536,19.164989172096973,0.7170018253544665,14.781373752802486,-0.25933258373415113,0.001,0.9999999999999818,-148.19632895264795,2.111036364959582,425,"2026-10-04T10:41:41.359026Z"
"NC_000913.3","fork1",851,3926170,-1.45,-1.2993432113333396,0.21427557416581033,19.209490711247867,0.7172177403284908,14.803209834914412,-0.2498418610621431,0.001,0.9999999999999812,43.95583360948546,2.1160035137993054,426,"2026-10-04T10:41:41.360027Z"
"NC_000913.3","fork1",853,3926171,-0.88,-1.11502459031999,0.24693533677668908,19.257369582621564,0.7174664411457022,14.825713471121164,-0.269306453454048,0.001,0.9999999999999809,-78.26509221061251,2.120970662648995,427,"2026-10-04T10:41:41.361027Z"
"NC_000913.3","fork1",855,3926172,-0.58,-0.40523812514667396,0.4000544771470622,19.321016086527003,0.7178690742934609,14.851393390542059,-0.35872282564039987,0.001,0.9999999999999808,-222.07901332541056,2.125937811518064,428,"2026-10-04T10:41:41.362027Z"
"NC_000913.3","fork1",857,3926173,-0.88,-1.11502459031999,0.24693533677668908,19.368979223392245,0.7181174274132212,14.873877007829778,-0.27096577006808653,0.001,0.9999999999999809,353.35596209556496,2.1309049604031465,429,"2026-10-04T10:41:41.363027Z"
"NC_000913.3","fork1",859,3926174,-1.0,-0.9554055905546683,0.277799014514135,19.420154253584474,0.7183966626158503,14.896992795496349,-0.28967750299428524,0.001,0.9999999999999811,-67.01065177318492,2.135872109300987,430,"2026-10-04T10:41:41.364027Z"
"NC_000913.3","fork1",861,3926175,-1.3,-1.197553383706671,0.23191074185089536,19.466637546092368,0.7186296434575818,14.919141641887615,-0.2636494987864969,0.001,0.9999999999999798,111.71735845037058,2.140839258210103,431,"2026-10-04T10:41:41.365027Z"
"NC_000913.3","fork1",863,3926176,-1.45,-1.2993432113333396,0.21427557416581033,19.51132947056677,0.7188448034811851,14.940911233512821,-0.2539650639928378,0.001,0.9999999999999803,45.010381721830484,2.1458064071280734,432,"2026-10-04T10:41:41.366027Z"
"NC_000913.3","fork1",865,3926177,-1.44,1.3110377889013387,0.7876867636969223,19.61531397113225,0.7196348798628367,14.974634393529993,-0.5921365132011863,0.001,0.9999999999999802,-428.0237418329259,2.150773556085681,433,"2026-10-04T10:41:41.367026Z"
"NC_000913.3","fork1",867,3926178,-2.17,-2.077195418181337,0.11133314431997621,19.649472078621773,0.719746441387213,14.994240284825803,-0.1951516384715825,0.001,0.9999999999999803,3558.4389595695616,2.155740705064389,434,"2026-10-04T10:41:41.368026Z"
"NC_000913.3","fork1",869,3926179,-1.3,1.4024466162933291,0.8025718425954855,19.755241563822192,0.7205498569839838,15.028261386622411,-0.6053706880082272,0.001,0.9999999999999802,-510.5938336092402,2.160707854080297,435,"2026-10-04T10:41:41.369026Z"
"NC_000913.3","fork1",871,3926180,-1.44,1.3110377889013387,0.7876867636969223,19.85963225144389,0.7213369993804073,15.061961359883673,-0.5996281358480374,0.001,0.9999999999999799,7.29544258609598,2.1656750031548118,436,"2026-10-04T10:41:41.370027Z"
"NC_000913.3","fork1",873,3926181,-1.28,-1.3896781421493287,0.19945914459223538,19.903105094448772,0.7215361046454419,15.083386576964559,-0.2505334762602638,0.001,0.9999999999999798,1753.3170683710553,2.1706421522550152,437,"2026-10-04T10:41:41.371026Z"
"NC_000913.3","fork1",875,3926182,-1.45,1.6006567886666603,0.832110160392121,20.012366240979993,0.7223657953441669,15.117998744469062,-0.6309306216677307,0.001,0.9999999999999799,-458.4806675452042,2.1756093013969355,438,"2026-10-04T10:41:41.372026Z"
"NC_000913.3","fork1",877,3926183,-2.24,-2.2677208491146654,0.09383182322637987,20.044963832367888,0.7224592587963421,15.137205185668483,-0.18886527794903463,0.001,0.9999999999999798,4729.820410335604,2.1805764505600025,439,"2026-10-04T10:41:41.373027Z"
"NC_000913.3","fork1",879,3926184,-1.84,-1.9014679697759975,0.1299424193591184,20.08132008839345,0.7225886590773739,15.157150268585362,-0.21094437296913698,0.001,0.9999999999999797,-170.62632974247265,2.185543599722716,440,"2026-10-04T10:41:41.374027Z"
"NC_000913.3","fork1",881,3926185,-1.45,-1.2993432113333396,0.21427557416581033,20.126477972339792,0.7228019594615233,15.178843849298254,-0.2624205444442922,0.001,0.9999999999999793,-241.3318273215678,2.1905107488909277,441,"2026-10-04T10:41:41.375026Z"
"NC_000913.3","fork1",883,3926186,-1.0,1.0445944094453317,0.7397355271799415,20.22653348863506,0.7235375508017801,15.211508610540914,-0.5825841449939182,0.001,0.9999999999999795,-435.24656018633056,2.1954778980963976,442,"2026-10-04T10:41:41.376027Z"
"NC_000913.3","fork1",885,3926187,-0.88,-1.11502459031999,0.24693533677668908,20.27521748962265,0.7237828340504142,15.233869106162945,-0.28435671063070406,0.001,0.9999999999999792,1215.849170393319,2.200445047328497,443,"2026-10-04T10:41:41.377027Z"
"NC_000913.3","fork1",887,3926188,-0.58,-0.40523812514667396,0.4000544771470622,20.339960025658872,0.7241799262805446,15.259420662095781,-0.37887406407341884,0.001,0.9999999999999791,-238.02367881052695,2.205412196580095,444,"2026-10-04T10:41:41.378027Z"
"NC_000913.3","fork1",889,3926189,-1.44,1.3110377889013387,0.7876867636969223,20.44538794535993,0.7249607466274544,15.29306646290573,-0.6184625752332447,0.001,0.9999999999999787,-306.842043894025,2.210379345877551,445,"2026-10-04T10:41:41.379026Z"
"NC_000913.3","fork1",891,3926190,-1.84,-1.9014679697759975,0.1299424193591184,20.481978387242094,0.7250894244152377,15.312957564337623,-0.21533219443007262,0.001,0.9999999999999786,3132.8668898308715,2.2153464951964916,446,"2026-10-04T10:41:41.380027Z"
"NC_000913.3","fork1",893,3926191,-2.17,-2.077195418181337,0.11133314431997621,20.516619356791107,0.7251996443019825,15.332445269641076,-0.2041636466405149,0.001,0.9999999999999784,101.3296975655723,2.220313644515176,447,"2026-10-04T10:41:41.381027Z"
"NC_000913.3","fork1",895,3926192,-1.3,1.4024466162933291,0.8025718425954855,20.62393389563159,0.72599337839791,15.366386268846211,-0.6335295101495577,0.001,0.9999999999999785,-540.944210047193,2.2252807938715553,448,"2026-10-04T10:41:41.382027Z"
"NC_000913.3","fork1",897,3926193,-0.88,-1.11502459031999,0.24693533677668908,20.67292932339654,0.726237307194249,15.38869546591675,-0.29018162707456047,0.001,0.9999999999999782,1407.5742111149066,2.230247943256329,449,"2026-10-04T10:41:41.383027Z"
"NC_000913.3","fork1",899,3926194,-1.0,-0.9554055905546683,0.277799014514135,20.725209075198883,0.7265115621158535,15.411640405723674,-0.31019893266575077,0.001,0.9999999999999782,-72.98795395930856,2.2352150926537884,450,"2026-10-04T10:41:41.384026Z"
"NC_000913.3","fork1",901,3926195,-1.45,1.6006567886666603,0.832110160392121,20.83600035111968,0.7273320304761701,15.446179047769752,-0.6587263191423749,0.001,0.9999999999999781,-424.7907699233482,2.2401822420958974,451,"2026-10-04T10:41:41.385026Z"
"NC_000913.3","fork1",903,3926196,-2.24,-2.2677208491146654,0.09383182322637987,20.868996326466256,0.7274244529325202,15.465258875835454,-0.19681960358127792,0.001,0.999999999999978,4997.775798247012,2.245149391558594,452,"2026-10-04T10:41:41.386027Z"
"NC_000913.3","fork1",905,3926197,-2.17,-2.077195418181337,0.11133314431997621,20.90383892107517,0.7275340884246,15.484690485452674,-0.20812030833049538,0.001,0.9999999999999776,-103.07524082617249,2.2501165410198753,453,"2026-10-04T10:41:41.387026Z"
"NC_000913.3","fork1",907,3926198,-2.24,-2.2677208491146654,0.09383182322637987,20.93682975753965,0.7276264680400688,15.50374070603949,-0.19733759766373926,0.001,0.9999999999999776,116.72175308410654,2.2550836904793554,454,"2026-10-04T10:41:41.388026Z"
"NC_000913.3","fork1",909,3926199,-1.84,-1.9014679697759975,0.1299424193591184,20.97364309061277,0.7277543670131046,15.5235341111277,-0.22050474288312027,0.001,0.9999999999999771,-181.13628803649797,2.2600508399385633,455,"2026-10-04T10:41:41.389027Z"
"NC_000913.3","fork1",911,3926200,-1.45,-1.2993432113333396,0.21427557416581033,21.019406498474982,0.7279651908145368,15.5450855554357,-0.27452085297808104,0.001,0.9999999999999772,-256.2144773408125,2.265017989403397,456,"2026-10-04T10:41:41.390027Z"
"NC_000913.3","fork1",913,3926201,-1.0,1.0445944094453317,0.7397355271799415,21.120990630247977,0.728692223591334,15.577663466666978,-0.6104854390390415,0.001,0.9999999999999767,-462.10376860997536,2.2699851389059904,457,"2026-10-04T10:41:41.391026Z"
"NC_000913.3","fork1",915,3926202,-1.0,1.0445944094453317,0.7397355271799415,21.222721359633155,0.7294180355439507,15.610230613225328,-0.6132829108947014,0.001,0.9999999999999765,-3.8542653445903943,2.274952288462624,458,"2026-10-04T10:41:41.392026Z"
"NC_000913.3","fork1",917,3926203,-1.28,1.1703218578506713,0.7632031881188912,21.327095857357367,0.7301655919851341,15.643278930310704,-0.6311828969369533,0.001,0.9999999999999767,-23.944661641755904,2.2799194380745473,459,"2026-10-04T10:41:41.393027Z"
"NC_000913.3","fork1",919,3926204,-2.24,-2.2677208491146654,0.09383182322637987,21.360311642646295,0.7302574101877992,15.66227956390892,-0.20147181573295753,0.001,0.9999999999999762,4680.020613899433,2.2848865877046145,460,"2026-10-04T10:41:41.394027Z"
"NC_000913.3","fork1",921,3926205,-2.17,-2.077195418181337,0.11133314431997621,21.395390421837817,0.7303663285737296,15.68163313039804,-0.21305801477955233,0.001,0.9999999999999765,-106.375052729823,2.28985373733328,461,"2026-10-04T10:41:41.395026Z"
"NC_000913.3","fork1",923,3926206,-1.84,1.7785320302240026,0.8555155067192858,21.509922165782108,0.7312023621086965,15.716602065094978,-0.6966977468338809,0.001,0.9999999999999765,-578.4932204585531,2.2948208870031706,462,"2026-10-04T10:41:41.396027Z"
"NC_000913.3","fork1",925,3926207,-1.3,1.4024466162933291,0.8025718425954855,21.618967792791892,0.7319851657082826,15.750446115911734,-0.6655521268484137,0.001,0.9999999999999762,39.78727231445135,2.2997880367340713,463,"2026-10-04T10:41:41.397027Z"
"NC_000913.3","fork1",927,3926208,-1.44,1.3110377889013387,0.7876867636969223,21.72658084001317,0.7327520443291408,15.78396514402576,-0.6589087767810339,0.001,0.999999999999976,8.66284427116525,2.30475518652342,464,"2026-10-04T10:41:41.398027Z"
"NC_000913.3","fork1",929,3926209,-1.28,-1.3896781421493287,0.19945914459223538,21.771344800995347,0.7329460130698494,15.805147302013747,-0.27492395362359767,0.001,0.9999999999999759,1979.622189403185,2.3097223363372255,465,"2026-10-04T10:41:41.399027Z"
"NC_000913.3","fork1",931,3926210,-1.45,1.6006567886666603,0.832110160392121,21.883966077121364,0.7337542521596643,15.839580451036742,-0.6928436903225808,0.001,0.999999999999976,-517.0743929184507,2.314689486193662,466,"2026-10-04T10:41:41.400027Z"
"NC_000913.3","fork1",933,3926211,-2.24,-2.2677208491146654,0.09383182322637987,21.91750621283888,0.7338452943464643,15.85853405490185,-0.20698395699427333,0.001,0.9999999999999758,5336.643927453179,2.319656636069719,467,"2026-10-04T10:41:41.401027Z"
"NC_000913.3","fork1",935,3926212,-1.45,-1.2993432113333396,0.21427557416581033,21.963985159552497,0.7340531250681351,15.880000214206243,-0.28721327489594267,0.001,0.9999999999999754,-386.0320421190193,2.3246237859500427,468,"2026-10-04T10:41:41.402027Z"
"NC_000913.3","fork1",937,3926213,-1.28,1.1703218578506713,0.7632031881188912,22.0695366215413,0.734792531806089,15.9129698775874,-0.653345016801639,0.001,0.9999999999999756,-495.16960437614335,2.3295909358696094,469,"2026-10-04T10:41:41.403026Z"
"NC_000913.3","fork1",939,3926214,-1.3,1.4024466162933291,0.8025718425954855,22.179477465742597,0.735568661060781,15.946751722356982,-0.6825637674265195,0.001,0.9999999999999752,-37.646758511219346,2.3345580858471218,470,"2026-10-04T10:41:41.404026Z"
"NC_000913.3","fork1",941,3926215,-1.0,1.0445944094453317,0.7397355271799415,22.28280336563243,0.7362827345621366,15.979204553285493,-0.6434703472615095,0.001,0.9999999999999757,54.74705347670454,2.3395252358800667,471,"2026-10-04T10:41:41.405026Z"
"NC_000913.3","fork1",943,3926216,-1.0,1.0445944094453317,0.7397355271799415,22.38627346148436,0.7369955692368462,16.011645365405215,-0.646240532320161,0.001,0.9999999999999755,-3.8861536299141535,2.34449238596648,472,"2026-10-04T10:41:41.406027Z"
"NC_000913.3","fork1",945,3926217,-1.28,1.1703218578506713,0.7632031881188912,22.49242273292544,0.7377297180860244,16.044564573320702,-0.6648872917052465,0.001,0.9999999999999755,-25.399153599379886,2.3494595361076285,473,"2026-10-04T10:41:41.407026Z"
"NC_000913.3","fork1",947,3926218,-1.3,1.4024466162933291,0.8025718425954855,22.60297859725657,0.7385003107171348,16.078293045968774,-0.6945129037733023,0.001,0.9999999999999756,-38.445231464728735,2.354426686306385,474,"2026-10-04T10:41:41.408026Z"
"NC_000913.3","fork1",949,3926219,-0.88,-1.11502459031999,0.24693533677668908,22.65354124314117,0.7387371122744809,16.100405320212257,-0.31858332864231914,0.001,0.9999999999999741,1587.5299949214084,2.3593938365317335,475,"2026-10-04T10:41:41.409027Z"
"NC_000913.3","fork1",951,3926220,-1.3,-1.197553383706671,0.23191074185089536,22.702506848401406,0.7389593795742032,16.12219351998897,-0.3090291549338431,0.001,0.9999999999999751,42.98506222198665,2.364360986766534,476,"2026-10-04T10:41:41.410027Z"
"NC_000913.3","fork1",953,3926221,-2.17,-2.077195418181337,0.11133314431997621,22.738419461993562,0.7390660397439944,16.141449221530564,-0.22701394202740435,0.001,0.9999999999999745,768.9394557216625,2.369328137003398,477,"2026-10-04T10:41:41.411026Z"
"NC_000913.3","fork1",955,3926222,-1.84,1.7785320302240026,0.8555155067192858,22.855148878184558,0.7398847055343847,16.1762587944906,-0.7388533545258373,0.001,0.9999999999999748,-625.2116779601166,2.3742952872818908,478,"2026-10-04T10:41:41.412026Z"
"NC_000913.3","fork1",957,3926223,-1.84,1.7785320302240026,0.8555155067192858,22.97204765337043,0.7407017039605513,16.211051620699045,-0.7421995222351417,0.001,0.9999999999999744,-4.095684400525116,2.3792624376236295,479,"2026-10-04T10:41:41.413027Z"
"NC_000913.3","fork1",959,3926224,-2.24,-2.2677208491146654,0.09383182322637987,23.00622562624775,0.7407912097175003,16.229925553253185,-0.21766519871421827,0.001,0.9999999999999742,5860.341741144546,2.384229587984282,480,"2026-10-04T10:41:41.414027Z"
"NC_000913.3","fork1",961,3926225,-1.28,-1.3896781421493287,0.19945914459223538,23.051906730066097,0.7409814061659649,16.250994279047443,-0.29129003573408635,0.001,0.9999999999999739,-387.09890544356136,2.389196738348024,481,"2026-10-04T10:41:41.415026Z"
"NC_000913.3","fork1",963,3926226,-1.0,-0.9554055905546683,0.277799014514135,23.10615114796602,0.7412461531548851,16.273690835916618,-0.346414688276895,0.001,0.9999999999999738,-208.2163531590649,2.3941638887224794,482,"2026-10-04T10:41:41.416027Z"
"NC_000913.3","fork1",965,3926227,-1.3,-1.197553383706671,0.23191074185089536,23.155424198145496,0.7414670329271849,16.295417858928996,-0.3151970171219494,0.001,0.9999999999999737,141.3333182568465,2.3991310391072447,483,"2026-10-04T10:41:41.417027Z"
"NC_000913.3","fork1",967,3926228,-1.28,-1.3896781421493287,0.19945914459223538,23.20117863236832,0.7416569064217187,16.316455331782375,-0.2931494982955515,0.001,0.9999999999999731,116.11688551122148,2.4040981894991442,484,"2026-10-04T10:41:41.418027Z"
"NC_000913.3","fork1",969,3926229,-1.45,1.6006567886666603,0.832110160392121,23.316158999826058,0.7424480459393538,16.350725527597632,-0.7377579003819251,0.001,0.9999999999999736,-561.9848233790834,2.4090653399340844,485,"2026-10-04T10:41:41.419027Z"
"NC_000913.3","fork1",971,3926230,-1.44,-1.5689622110986612,0.1723643870770019,23.35905834920803,0.7426117256416414,16.3711816674395,-0.2760781798745881,0.001,0.9999999999999729,2820.6290337463765,2.414032490391658,486,"2026-10-04T10:41:41.420027Z"
"NC_000913.3","fork1",973,3926231,-1.0,-0.9554055905546683,0.277799014514135,23.413529054998477,0.7428753844966764,16.393834250755326,-0.3510415051786646,0.001,0.999999999999973,-284.31939179170524,2.418999640859212,487,"2026-10-04T10:41:41.421027Z"
"NC_000913.3","fork1",975,3926232,-1.3,-1.197553383706671,0.23191074185089536,23.463002391922437,0.7430953555258794,16.415516405600208,-0.31936522876858786,0.001,0.9999999999999728,144.00203756312953,2.423966791337076,488,"2026-10-04T10:41:41.422027Z"
"NC_000913.3","fork1",977,3926233,-1.84,-1.9014679697759975,0.1299424193591184,23.501303031663557,0.7432185541431516,16.435051324492814,-0.24762734037816486,0.001,0.9999999999999725,582.2945904650529,2.428933941818021,489,"2026-10-04T10:41:41.423026Z"
"NC_000913.3","fork1",979,3926234,-1.28,-1.3896781421493287,0.19945914459223538,23.547251817308943,0.7434075864335074,16.45603192173182,-0.297464803302523,0.001,0.9999999999999725,-263.6452366448873,2.4339010923032642,490,"2026-10-04T10:41:41.424026Z"
"NC_000913.3","fork1",981,3926235,-1.45,1.6006567886666603,0.832110160392121,23.662853262318524,0.7441952138739512,16.49026790110559,-0.7494422476922207,0.001,0.9999999999999724,-573.8467468007734,2.4388682428317625,491,"2026-10-04T10:41:41.425026Z"
"NC_000913.3","fork1",983,3926236,-2.24,-2.2677208491146654,0.09383182322637987,23.697275753986442,0.7442839300460307,16.509019729701933,-0.22381868179769948,0.001,0.9999999999999715,5924.777338493211,2.4438353933781225,492,"2026-10-04T10:41:41.426027Z"
"NC_000913.3","fork1",985,3926237,-1.45,-1.2993432113333396,0.21427557416581033,23.74497833760997,0.7444864477161985,16.53028530999934,-0.3105434744436078,0.001,0.9999999999999718,-428.23321329944713,2.4488025439286405,493,"2026-10-04T10:41:41.427026Z"
"NC_000913.3","fork1",987,3926238,-1.0,1.0445944094453317,0.7397355271799415,23.850715336425164,0.7451847818869906,16.56256307607991,-0.6893319099398001,0.001,0.9999999999999718,-542.4171569129865,2.453769694517498,494,"2026-10-04T10:41:41.428026Z"
"NC_000913.3","fork1",989,3926239,-0.88,-1.11502459031999,0.24693533677668908,23.902132923354813,0.7454176169991144,16.584498598410086,-0.33611153598036236,0.001,0.9999999999999718,1517.0408394917367,2.4587368451304665,495,"2026-10-04T10:41:41.429027Z"
"NC_000913.3","fork1",991,3926240,-1.45,1.6006567886666603,0.832110160392121,24.018315337079343,0.7462011809243883,16.618692972611665,-0.7605910212352781,0.001,0.9999999999999715,-541.7292342887481,2.4637039957881233,496,"2026-10-04T10:41:41.430027Z"
"NC_000913.3","fork1",993,3926241,-2.24,-2.2677208491146654,0.09383182322637987,24.052905712977037,0.7462894385783785,16.637404840441665,-0.22710712804126926,0.001,0.9999999999999711,6044.619011208441,2.468671146463276,497,"2026-10-04T10:41:41.431026Z"
"NC_000913.3","fork1",995,3926242,-1.28,-1.3896781421493287,0.19945914459223538,24.099201049361454,0.7464769813518476,16.65831946556018,-0.30432022042632856,0.001,0.9999999999999711,-411.70923814762824,2.4736382971416964,498,"2026-10-04T10:41:41.432027Z"
"NC_000913.3","fork1",997,3926243,-1.0,-0.9554055905546683,0.277799014514135,24.154208887919047,0.7467380311147908,16.680867723328692,-0.36210563054285927,0.001,0.9999999999999709,-221.35783409660212,2.4786054478309385,499,"2026-10-04T10:41:41.433027Z"
"NC_000913.3","fork1",999,3926244,-1.3,-1.197553383706671,0.23191074185089536,24.204157497893227,0.7469558232440271,16.702443649811023,-0.3293295796128225,0.001,0.9999999999999702,150.49235729942134,2.4835725985304795,500,"2026-10-04T10:41:41.434027Z"
"NC_000913.3","fork1",1001,3926245,-1.45,-1.2993432113333396,0.21427557416581033,24.252172747779067,0.7471569437204654,16.723639451882033,-0.31705677090826445,0.001,0.99999999999997,61.02217398199398,2.4885397492380386,501,"2026-10-04T10:41:41.435026Z"
"NC_000913.3","fork1",1003,3926246,-0.88,-1.11502459031999,0.24693533677668908,24.303846117307838,0.7473885876656977,16.745511471310124,-0.34170688177635866,0.001,0.9999999999999702,-106.41379313139389,2.493506899955079,502,"2026-10-04T10:41:41.436027Z"
"NC_000913.3","fork1",1005,3926247,-0.58,-0.40523812514667396,0.4000544771470622,24.372607802472977,0.7477635706080098,16.770591974260864,-0.45538841430144883,0.001,0.9999999999999702,-303.16454349669306,2.4984740506915437,503,"2026-10-04T10:41:41.437027Z"
"NC_000913.3","fork1",1007,3926248,-1.28,1.1703218578506713,0.7632031881188912,24.48192946430687,0.7484779198396433,16.803291376667122,-0.725288234435988,0.001,0.9999999999999696,-377.82615026737375,2.503441201473059,504,"2026-10-04T10:41:41.438027Z"
"NC_000913.3","fork1",1009,3926249,-1.3,1.4024466162933291,0.8025718425954855,24.59579032620882,0.7492276673096044,16.836801537209215,-0.7573500550738659,0.001,0.9999999999999699,-42.763492939215,2.508408352311805,505,"2026-10-04T10:41:41.439026Z"
"NC_000913.3","fork1",1011,3926250,-1.0,1.0445944094453317,0.7397355271799415,24.702783579083313,0.749917396211091,16.868978472413225,-0.7135625542232786,0.001,0.9999999999999697,63.485089223045925,2.5133755032050114,506,"2026-10-04T10:41:41.440026Z"
"NC_000913.3","fork1",1013,3926251,-1.0,1.0445944094453317,0.7397355271799415,24.80991605840101,0.7506058595349009,16.901141102042423,-0.7162759180086657,0.001,0.9999999999999692,-3.941188573955683,2.518342654150864,507,"2026-10-04T10:41:41.441026Z"
"NC_000913.3","fork1",1015,3926252,-1.28,1.1703218578506713,0.7632031881188912,24.91981488488094,0.7513148362783171,16.933780218608593,-0.7365892828180395,0.001,0.9999999999999695,-28.651665936874327,2.5233098051506384,508,"2026-10-04T10:41:41.442027Z"
"NC_000913.3","fork1",1017,3926253,-1.84,1.7785320302240026,0.8555155067192858,25.04020263815719,0.7521079620281743,16.96833287363365,-0.8088947942384737,0.001,0.9999999999999699,-91.16525523657397,2.5282769562103438,509,"2026-10-04T10:41:41.443026Z"
"NC_000913.3","fork1",1019,3926254,-1.3,1.4024466162933291,0.8025718425954855,25.15481568984151,0.7528504619040121,17.001761017178087,-0.7721605388661748,0.001,0.9999999999999696,49.47375288225147,2.533244107329138,510,"2026-10-04T10:41:41.444026Z"
"NC_000913.3","fork1",1021,3926255,-1.28,1.1703218578506713,0.7632031881188912,25.265160628519713,0.753555152743141,17.034351013157476,-0.7453053304186519,0.001,0.9999999999999695,38.109206131753105,2.5382112585031322,511,"2026-10-04T10:41:41.445027Z"
"NC_000913.3","fork1",1023,3926256,-1.3,1.4024466162933291,0.8025718425954855,25.38007386460342,0.754294734013471,17.067745354020012,-0.7780518950464177,0.001,0.9999999999999691,-44.277168637806675,2.5431784097335184,512,"2026-10-04T10:41:41.446027Z"
"NC_000913.3","fork1",1025,3926257,-1.0,1.0445944094453317,0.7397355271799415,25.48806978495527,0.7549750841245432,17.099814547380586,-0.7330616362508666,0.001,0.9999999999999689,66.12809796510797,2.5481455610174293,513,"2026-10-04T10:41:41.447026Z"
"NC_000913.3","fork1",1027,3926258,-1.0,1.0445944094453317,0.7397355271799415,25.596203721261958,0.7556541606268633,17.131868660194442,-0.7357353856075064,0.001,0.9999999999999691,-3.9373315782605536,2.5531127123531125,514,"2026-10-04T10:41:41.448026Z"
"NC_000913.3","fork1",1029,3926259,-1.28,1.1703218578506713,0.7632031881188912,25.707120837946018,0.7563534445058026,17.164395092675388,-0.7564383301624764,0.001,0.9999999999999692,-29.605922828329042,2.55807986374186,515,"2026-10-04T10:41:41.449027Z"
"NC_000913.3","fork1",1031,3926260,-1.84,1.7785320302240026,0.8555155067192858,25.828596534930753,0.7571356952496482,17.198820804249817,-0.830385030925697,0.001,0.999999999999969,-94.53068769189021,2.5630470151896945,516,"2026-10-04T10:41:41.450027Z"
"NC_000913.3","fork1",1033,3926261,-1.44,-1.5689622110986612,0.1723643870770019,25.873079251704997,0.7572930920351957,17.219057110127814,-0.3049204185802311,0.001,0.9999999999999686,3338.471052745321,2.5680141666576723,517,"2026-10-04T10:41:41.451026Z"
"NC_000913.3","fork1",1035,3926262,-1.0,-0.9554055905546683,0.277799014514135,25.929494831147483,0.7575466219082159,17.24147218391616,-0.38719739244430323,0.001,0.9999999999999685,-324.5257566058938,2.5729813181349677,518,"2026-10-04T10:41:41.452027Z"
"NC_000913.3","fork1",1037,3926263,-1.45,1.6006567886666603,0.832110160392121,26.048672335566202,0.7583049589837302,17.27538262882072,-0.8189761573565855,0.001,0.9999999999999685,-569.3757813693123,2.577948469657637,519,"2026-10-04T10:41:41.453027Z"
"NC_000913.3","fork1",1039,3926264,-1.44,-1.5689622110986612,0.1723643870770019,26.093278839990443,0.758461839731186,17.295595019636355,-0.3073614582639749,0.001,0.9999999999999676,3261.1694385047945,2.5829156211996285,520,"2026-10-04T10:41:41.454027Z"
"NC_000913.3","fork1",1041,3926265,-1.3,-1.197553383706671,0.23191074185089536,26.144649959057297,0.7586728082031811,17.31703287408544,-0.35441344252937335,0.001,0.9999999999999684,-223.02851141896713,2.587882772748144,521,"2026-10-04T10:41:41.455027Z"
"NC_000913.3","fork1",1043,3926266,-1.84,-1.9014679697759975,0.1299424193591184,26.184475502277362,0.7587909614724501,17.336343444541587,-0.275147375235972,0.001,0.9999999999999675,670.8749388299376,2.5928499242985223,522,"2026-10-04T10:41:41.456027Z"
"NC_000913.3","fork1",1045,3926267,-2.17,-2.077195418181337,0.11133314431997621,26.222191360391488,0.7588921624193518,17.355255594850473,-0.260883370994921,0.001,0.9999999999999677,140.94733970134988,2.5978170758471673,523,"2026-10-04T10:41:41.457027Z"
"NC_000913.3","fork1",1047,3926268,-1.84,1.7785320302240026,0.8555155067192858,26.344523250164677,0.7596688522792121,17.38961894813164,-0.8468944125192547,0.001,0.9999999999999675,-754.4981231372093,2.602784227438633,524,"2026-10-04T10:41:41.458027Z"
"NC_000913.3","fork1",1049,3926269,-1.3,1.4024466162933291,0.8025718425954855,26.4609911941278,0.7603959201017441,17.422863414892102,-0.808284112384413,0.001,0.9999999999999672,53.10412445483327,2.6077513790879534,525,"2026-10-04T10:41:41.459026Z"
"NC_000913.3","fork1",1051,3926270,-1.0,1.0445944094453317,0.7397355271799415,26.57045081943673,0.761064727671308,17.454787630401697,-0.7614363843986508,0.001,0.9999999999999672,70.04664737319028,2.612718530789862,526,"2026-10-04T10:41:41.460026Z"
"NC_000913.3","fork1",1053,3926271,-0.88,-1.11502459031999,0.24693533677668908,26.62385358398619,0.7612877008059868,17.47649045130196,-0.372389054993481,0.001,0.9999999999999668,1744.8170604294567,2.6176856825127994,527,"2026-10-04T10:41:41.461026Z"
"NC_000913.3","fork1",1055,3926272,-0.58,-0.40523812514667396,0.4000544771470622,26.69476225361709,0.7616486314062896,17.50135727307138,-0.49510226945024827,0.001,0.9999999999999668,-339.991162716158,2.6226528342541755,528,"2026-10-04T10:41:41.462027Z"
"NC_000913.3","fork1",1057,3926273,-0.88,-1.11502459031999,0.24693533677668908,26.748240481438433,0.7618712301370046,17.523042476614417,-0.3740293855180367,0.001,0.9999999999999666,543.906443416297,2.627619986008343,529,"2026-10-04T10:41:41.463026Z"
"NC_000913.3","fork1",1059,3926274,-1.3,-1.197553383706671,0.23191074185089536,26.800030047204345,0.7620801548458006,17.54440690445364,-0.36271328711995243,0.001,0.999999999999966,54.163523612401,2.632587137770745,530,"2026-10-04T10:41:41.464026Z"
"NC_000913.3","fork1",1061,3926275,-1.28,-1.3896781421493287,0.19945914459223538,26.848131387774238,0.7622597435515794,17.565088790953716,-0.3373355939728904,0.001,0.999999999999966,141.31007313074127,2.6375542895390742,531,"2026-10-04T10:41:41.465027Z"
"NC_000913.3","fork1",1063,3926276,-1.3,-1.197553383706671,0.23191074185089536,26.899969824447222,0.7624684336673523,17.586434124202363,-0.3640010593244816,0.001,0.9999999999999659,-127.77541117767049,2.6425214413145555,532,"2026-10-04T10:41:41.466027Z"
"NC_000913.3","fork1",1065,3926277,-1.84,-1.9014679697759975,0.1299424193591184,26.940141187940608,0.7625853101416945,17.60565328953042,-0.2824639307596515,0.001,0.9999999999999658,697.6350803163805,2.6474885930917833,533,"2026-10-04T10:41:41.467026Z"
"NC_000913.3","fork1",1067,3926278,-2.17,-2.077195418181337,0.11133314431997621,26.978180774926987,0.7626854170296362,17.624474505490944,-0.2677851528010696,0.001,0.9999999999999653,146.6310486759827,2.65245574486725,534,"2026-10-04T10:41:41.468027Z"
"NC_000913.3","fork1",1069,3926279,-1.84,1.7785320302240026,0.8555155067192858,27.101719987999545,0.7634536963009044,17.65873946549999,-0.8703299727918689,0.001,0.9999999999999649,-784.2783770492301,2.6574228966858517,535,"2026-10-04T10:41:41.469027Z"
"NC_000913.3","fork1",1071,3926280,-2.24,-2.2677208491146654,0.09383182322637987,27.137827423771782,0.7635378556226121,17.67718370394445,-0.2550641222947608,0.001,0.9999999999999645,7310.72729690143,2.6623900485186405,536,"2026-10-04T10:41:41.470027Z"
"NC_000913.3","fork1",1073,3926281,-1.45,-1.2993432113333396,0.21427557416581033,27.187795038108877,0.7637299654400264,17.698117758766166,-0.35333464856405783,0.001,0.9999999999999646,-511.53307827781606,2.667357200355108,537,"2026-10-04T10:41:41.471026Z"
"NC_000913.3","fork1",1075,3926282,-1.44,1.3110377889013387,0.7876867636969223,27.30384885518318,0.7644352430643516,17.730947592359094,-0.8214567666284815,0.001,0.9999999999999641,-663.7416272950318,2.6723243522330526,538,"2026-10-04T10:41:41.472027Z"
"NC_000913.3","fork1",1077,3926283,-1.84,-1.9014679697759975,0.1299424193591184,27.344197343051015,0.7645514506202409,17.750116454775608,-0.2863182903387335,0.001,0.9999999999999643,4605.023074400737,2.6772915041256007,539,"2026-10-04T10:41:41.473027Z"
"NC_000913.3","fork1",1079,3926284,-2.17,-2.077195418181337,0.11133314431997621,27.382402109158885,0.7646509843324677,17.768887583371892,-0.27141641401156014,0.001,0.999999999999964,149.7168747530976,2.6822586560163875,540,"2026-10-04T10:41:41.474027Z"
"NC_000913.3","fork1",1081,3926285,-1.44,-1.5689622110986612,0.1723643870770019,27.427658305272768,0.7648050235461372,17.78891552616895,-0.3218559466742689,0.001,0.9999999999999644,-327.4460539049671,2.687225807908757,541,"2026-10-04T10:41:41.475027Z"
"NC_000913.3","fork1",1083,3926286,-1.45,1.6006567886666603,0.832110160392121,27.54922054925064,0.7655476842456104,17.822638523167846,-0.8652665429920137,0.001,0.9999999999999636,-731.7077592812483,2.69219295984445,542,"2026-10-04T10:41:41.476027Z"
"NC_000913.3","fork1",1085,3926287,-1.84,1.7785320302240026,0.8555155067192858,27.673645963182373,0.7663095364776299,17.85682546037054,-0.8876006403352799,0.001,0.9999999999999637,-29.315523935741247,2.697160111839983,543,"2026-10-04T10:41:41.477026Z"
"NC_000913.3","fork1",1087,3926288,-1.84,1.7785320302240026,0.8555155067192858,27.79823027628781,0.7670696663254821,17.890989778687107,-0.8907204430211646,0.001,0.9999999999999637,-4.104302304007447,2.702127263895716,544,"2026-10-04T10:41:41.478027Z"
"NC_000913.3","fork1",1089,3926289,-1.44,-1.5689622110986612,0.1723643870770019,27.8437557220126,0.7672226043983602,17.91099654697778,-0.32633485108472515,0.001,0.999999999999963,3690.288371727721,2.7070944159695594,545,"2026-10-04T10:41:41.479026Z"
"NC_000913.3","fork1",1091,3926290,-1.45,1.6006567886666603,0.832110160392121,27.96586807830272,0.7679599473426608,17.94465036314271,-0.8760211175449225,0.001,0.999999999999963,-745.4960689717977,2.712061568086656,546,"2026-10-04T10:41:41.480026Z"
"NC_000913.3","fork1",1093,3926291,-1.84,1.7785320302240026,0.8555155067192858,28.090852905772078,0.7687163291056262,17.978765966435283,-0.8985461845426529,0.001,0.9999999999999629,-29.780023925250095,2.7170287202630687,547,"2026-10-04T10:41:41.481026Z"
"NC_000913.3","fork1",1095,3926292,-1.3,1.4024466162933291,0.8025718425954855,28.20983978484979,0.7694243335355591,18.011766404788908,-0.8573073429054792,0.001,0.9999999999999631,58.246587017939525,2.7219958724958793,548,"2026-10-04T10:41:41.482027Z"
"NC_000913.3","fork1",1097,3926293,-1.28,1.1703218578506713,0.7632031881188912,28.3243915997352,0.7700961988658868,18.043935327403165,-0.8270827077260937,0.001,0.9999999999999628,44.98615096665777,2.7269630247813166,549,"2026-10-04T10:41:41.483026Z"
"NC_000913.3","fork1",1099,3926294,-2.24,-2.2677208491146654,0.09383182322637987,28.36110678239746,0.7701787063122092,18.062296298616747,-0.2657320272722539,0.001,0.9999999999999625,6803.636586449707,2.731930177077108,550,"2026-10-04T10:41:41.484026Z"
"NC_000913.3","fork1",1101,3926295,-1.28,-1.3896781421493287,0.19945914459223538,28.410134085831128,0.7703540241025478,18.082824432498775,-0.35518940993662595,0.001,0.9999999999999624,-510.2584426348298,2.73689732937538,551,"2026-10-04T10:41:41.485027Z"
"NC_000913.3","fork1",1103,3926296,-1.45,1.6006567886666603,0.832110160392121,28.533011462633144,0.7710844075370432,18.116386226811944,-0.8909124285573936,0.001,0.9999999999999624,-733.4818854303472,2.7418644817174456,552,"2026-10-04T10:41:41.486027Z"
"NC_000913.3","fork1",1105,3926297,-1.3,1.4024466162933291,0.8025718425954855,28.65259106636181,0.7717873149086261,18.149318118924196,-0.8688115064928408,0.001,0.9999999999999624,31.442154340741375,2.7468316341148964,553,"2026-10-04T10:41:41.487026Z"
"NC_000913.3","fork1",1107,3926298,-0.88,-1.11502459031999,0.24693533677668908,28.70735584726246,0.7720032794173064,18.170803797881906,-0.39884324749050126,0.001,0.9999999999999618,2176.136541481353,2.7517987865325884,554,"2026-10-04T10:41:41.488027Z"
"NC_000913.3","fork1",1109,3926299,-0.58,-0.40523812514667396,0.4000544771470622,28.780067066875556,0.772352852993507,18.195431470213958,-0.5301473653528574,0.001,0.9999999999999618,-375.61225104444446,2.75676593896829,555,"2026-10-04T10:41:41.489027Z"
"NC_000913.3","fork1",1111,3926300,-1.0,1.0445944094453317,0.7397355271799415,28.892623900342315,0.772998248739192,18.227034592834848,-0.8216637663862159,0.001,0.9999999999999614,-451.68627618384784,2.761733091446202,556,"2026-10-04T10:41:41.490027Z"
"NC_000913.3","fork1",1113,3926301,-1.44,1.3110377889013387,0.7876867636969223,29.01093446037042,0.7736840584268198,18.259604148688435,-0.8652704848399055,0.001,0.9999999999999607,-63.5842847372516,2.7667002439762505,557,"2026-10-04T10:41:41.491027Z"
"NC_000913.3","fork1",1115,3926302,-1.84,-1.9014679697759975,0.1299424193591184,29.052211692692147,0.7737970535117247,18.278657018046516,-0.30260834893116323,0.001,0.9999999999999606,4979.527528849511,2.7716673965184824,558,"2026-10-04T10:41:41.492027Z"
"NC_000913.3","fork1",1117,3926303,-1.45,-1.2993432113333396,0.21427557416581033,29.103396926120528,0.7739832956504131,18.299431786877737,-0.3756235626488357,0.001,0.9999999999999609,-392.04454068159544,2.7766345490647124,559,"2026-10-04T10:41:41.493027Z"
"NC_000913.3","fork1",1119,3926304,-1.28,1.1703218578506713,0.7632031881188912,29.219127051951727,0.7746457675619522,18.33146943862847,-0.8499550063971941,0.001,0.9999999999999605,-716.0023473996732,2.781601701650724,560,"2026-10-04T10:41:41.494027Z"
"NC_000913.3","fork1",1121,3926305,-2.24,-2.2677208491146654,0.09383182322637987,29.25624325939488,0.7747271198860807,18.34975640763622,-0.27323649483641377,0.001,0.9999999999999606,7089.146102947897,2.786568854245984,561,"2026-10-04T10:41:41.495026Z"
"NC_000913.3","fork1",1123,3926306,-1.84,-1.9014679697759975,0.1299424193591184,29.29760806268492,0.7748397457502053,18.368773622095247,-0.30481370478057035,0.001,0.99999999999996,-280.3726318957383,2.791536006839298,562,"2026-10-04T10:41:41.496026Z"
"NC_000913.3","fork1",1125,3926307,-1.45,-1.2993432113333396,0.21427557416581033,29.348916277564182,0.7750253789964059,18.389513338322054,-0.3784626641228386,0.001,0.9999999999999598,-396.7444455649388,2.7965031594366674,563,"2026-10-04T10:41:41.497026Z"
"NC_000913.3","fork1",1127,3926308,-1.28,1.1703218578506713,0.7632031881188912,29.46499939050064,0.7756856817107942,18.421519141822706,-0.8569120218427733,0.001,0.99999999999996,-724.5909297270523,2.8014703120739006,564,"2026-10-04T10:41:41.498027Z"
"NC_000913.3","fork1",1129,3926309,-1.3,1.4024466162933291,0.8025718425954855,29.585867136633013,0.7763785578646013,18.45431253236656,-0.8938568970253622,0.001,0.9999999999999598,-53.321037215079635,2.8064374647642847,565,"2026-10-04T10:41:41.499026Z"
"NC_000913.3","fork1",1131,3926310,-0.88,-1.11502459031999,0.24693533677668908,29.641218724679092,0.7765914352365793,18.47570109438663,-0.41028652886018563,0.001,0.9999999999999594,2271.5912155063065,2.8114046174738347,566,"2026-10-04T10:41:41.500026Z"
"NC_000913.3","fork1",1133,3926311,-1.3,-1.197553383706671,0.23191074185089536,29.694821683229183,0.7767912287647569,18.49677263709097,-0.397802298837654,0.001,0.999999999999959,62.485657750784,2.8163717701907354,567,"2026-10-04T10:41:41.501027Z"
"NC_000913.3","fork1",1135,3926312,-1.84,-1.9014679697759975,0.1299424193591184,29.736378851228928,0.7769031198424421,18.515743230867457,-0.308791435358788,0.001,0.9999999999999589,795.5135058160771,2.821338922908355,568,"2026-10-04T10:41:41.502027Z"
"NC_000913.3","fork1",1137,3926313,-1.84,-1.9014679697759975,0.1299424193591184,29.777940058965918,0.777014970931807,18.534703217847472,-0.30914281386647724,0.001,0.9999999999999584,-3.141484894641781,2.8263060756247618,569,"2026-10-04T10:41:41.503026Z"
"NC_000913.3","fork1",1139,3926314,-1.28,-1.3896781421493287,0.19945914459223538,29.827749241912144,0.777186582424153,18.55508034094549,-0.37085844377127736,0.001,0.9999999999999585,-359.62410827595005,2.8312732283443287,570,"2026-10-04T10:41:41.504026Z"
"NC_000913.3","fork1",1141,3926315,-1.45,1.6006567886666603,0.832110160392121,29.95266812856282,0.7779015002120055,18.588432999083977,-0.9306825970497121,0.001,0.9999999999999587,-783.0608816714173,2.836240381107843,571,"2026-10-04T10:41:41.505027Z"
"NC_000913.3","fork1",1143,3926316,-1.3,1.4024466162933291,0.8025718425954855,30.074227962029536,0.7785894856497523,18.62115719468105,-0.9073755455228766,0.001,0.9999999999999581,33.877245430034286,2.8412075339255107,572,"2026-10-04T10:41:41.506027Z"
"NC_000913.3","fork1",1145,3926317,-1.28,1.1703218578506713,0.7632031881188912,30.191250546161385,0.7792423072913381,18.653054198187288,-0.8751267837074881,0.001,0.9999999999999584,49.39903912659552,2.8461746867941145,573,"2026-10-04T10:41:41.507026Z"
"NC_000913.3","fork1",1147,3926318,-1.84,1.7785320302240026,0.8555155067192858,30.319394070133953,0.7799724488958386,18.68681672411651,-0.9599068153492054,0.001,0.999999999999958,-116.1145058974147,2.8511418397185087,574,"2026-10-04T10:41:41.508027Z"
"NC_000913.3","fork1",1149,3926319,-2.24,-2.2677208491146654,0.09383182322637987,30.356969438030166,0.7800524242814161,18.705005118995153,-0.2821695919318402,0.001,0.9999999999999576,8474.322674704332,2.856108992652564,575,"2026-10-04T10:41:41.509027Z"
"NC_000913.3","fork1",1151,3926320,-1.45,-1.2993432113333396,0.21427557416581033,30.408899556558694,0.7802349788477346,18.725644604071434,-0.3903079586251793,0.001,0.9999999999999573,-592.3618832116354,2.8610761455898333,576,"2026-10-04T10:41:41.510027Z"
"NC_000913.3","fork1",1153,3926321,-1.28,1.1703218578506713,0.7632031881188912,30.526346315990782,0.7808843141984989,18.757490036769106,-0.8833118992548412,0.001,0.9999999999999571,-759.2439562229089,2.866043298566898,577,"2026-10-04T10:41:41.511027Z"
"NC_000913.3","fork1",1155,3926322,-1.84,1.7785320302240026,0.8555155067192858,30.65495174132842,0.7816105470102858,18.79119715541531,-0.9688227945554904,0.001,0.9999999999999574,-117.74584391230492,2.8710104515994233,578,"2026-10-04T10:41:41.512027Z"
"NC_000913.3","fork1",1157,3926323,-1.44,-1.5689622110986612,0.1723643870770019,30.702059777413872,0.7817566541443152,18.810961202558055,-0.35572648726656714,0.001,0.9999999999999569,4196.21061874729,2.8759776046460463,579,"2026-10-04T10:41:41.513027Z"
"NC_000913.3","fork1",1159,3926324,-0.58,-0.40523812514667396,0.4000544771470622,30.776417837197812,0.7820954944283479,18.83535891941169,-0.561980817634768,0.001,0.9999999999999567,-608.7066387545188,2.8809447577088694,580,"2026-10-04T10:41:41.514027Z"
"NC_000913.3","fork1",1161,3926325,-1.0,1.0445944094453317,0.7397355271799415,30.89150476351278,0.7827210394820057,18.866667418127673,-0.8706714341029689,0.001,0.9999999999999565,-493.4746341022025,2.88591191081321,581,"2026-10-04T10:41:41.515026Z"
"NC_000913.3","fork1",1163,3926326,-1.0,1.0445944094453317,0.7397355271799415,31.006721250619005,0.7833452862259026,18.89795657472745,-0.8730889882106053,0.001,0.9999999999999566,-3.8727540532202975,2.890879063964921,582,"2026-10-04T10:41:41.516026Z"
"NC_000913.3","fork1",1165,3926327,-0.88,-1.11502459031999,0.24693533677668908,31.062963868427037,0.783553380528933,18.919209502422763,-0.42707961440914294,0.001,0.9999999999999563,2143.304104468295,2.8958462171328807,583,"2026-10-04T10:41:41.517026Z"
"NC_000913.3","fork1",1167,3926328,-1.3,-1.197553383706671,0.23191074185089536,31.117430939643064,0.7837486817304992,18.940147973773527,-0.41406399364432844,0.001,0.9999999999999558,66.64383352707326,2.900813370307647,584,"2026-10-04T10:41:41.518027Z"
"NC_000913.3","fork1",1169,3926329,-1.28,-1.3896781421493287,0.19945914459223538,31.168024162281917,0.7839165520688722,18.96041717969593,-0.3850478595452008,0.001,0.9999999999999556,172.8484875907243,2.905780523486944,585,"2026-10-04T10:41:41.519026Z"
"NC_000913.3","fork1",1171,3926330,-1.0,-0.9554055905546683,0.277799014514135,31.22805530282266,0.7841501980918684,18.982271734913237,-0.45732945445436235,0.001,0.9999999999999554,-309.3636860677773,2.910747676675171,586,"2026-10-04T10:41:41.520026Z"
"NC_000913.3","fork1",1173,3926331,-1.3,-1.197553383706671,0.23191074185089536,31.282598317817982,0.7843451089940853,19.003183645398536,-0.4160102818547078,0.001,0.9999999999999547,211.99005355622893,2.9157148298707747,587,"2026-10-04T10:41:41.521027Z"
"NC_000913.3","fork1",1175,3926332,-1.28,-1.3896781421493287,0.19945914459223538,31.333257491105655,0.7845126436381592,19.023425974577687,-0.38681966931939005,0.001,0.9999999999999546,174.23627630376225,2.920681983070954,588,"2026-10-04T10:41:41.522027Z"
"NC_000913.3","fork1",1177,3926333,-0.58,-0.40523812514667396,0.4000544771470622,31.408116464177535,0.7848483826461228,19.047743660182228,-0.5721008679210393,0.001,0.999999999999954,-551.8608032038694,2.9256491362878143,589,"2026-10-04T10:41:41.523026Z"
"NC_000913.3","fork1",1179,3926334,-1.0,1.0445944094453317,0.7397355271799415,31.52401769291574,0.7854681926686629,19.078961509128675,-0.8865946082921872,0.001,0.999999999999954,-507.4034444978848,2.9306162895460686,590,"2026-10-04T10:41:41.524027Z"
"NC_000913.3","fork1",1181,3926335,-1.44,1.3110377889013387,0.7876867636969223,31.645837840653105,0.7861267521803595,19.11113319141394,-0.9333022909932409,0.001,0.9999999999999547,-70.924011985975,2.935583442854262,591,"2026-10-04T10:41:41.525027Z"
"NC_000913.3","fork1",1183,3926336,-1.45,-1.2993432113333396,0.21427557416581033,31.69849622915407,0.7863056462581037,19.13164752952826,-0.40430039086439407,0.001,0.9999999999999537,2957.0677062060668,2.9405505961768474,592,"2026-10-04T10:41:41.526027Z"
"NC_000913.3","fork1",1185,3926337,-1.28,1.1703218578506713,0.7632031881188912,31.817572827195605,0.7869419427359415,19.163294040595822,-0.9147343154655012,0.001,0.9999999999999538,-802.1951124664544,2.9455177495391287,593,"2026-10-04T10:41:41.527026Z"
"NC_000913.3","fork1",1187,3926338,-2.24,-2.2677208491146654,0.09383182322637987,31.855748553384878,0.7870200765924116,19.181349464036387,-0.2939095737900537,0.001,0.9999999999999531,7945.655951507849,2.9504849029075757,594,"2026-10-04T10:41:41.528027Z"
"NC_000913.3","fork1",1189,3926339,-2.17,-2.077195418181337,0.11133314431997621,31.896041320170514,0.7871127567040972,19.19974932356831,-0.3104920555949946,0.001,0.9999999999999533,-178.9216856059781,2.9554520562726703,595,"2026-10-04T10:41:41.529027Z"
"NC_000913.3","fork1",1191,3926340,-1.84,1.7785320302240026,0.8555155067192858,32.026576301921885,0.7878239551642975,19.233239369911754,-1.0061234462868995,0.001,0.9999999999999529,-978.1114971705623,2.960419209681692,596,"2026-10-04T10:41:41.530027Z"
"NC_000913.3","fork1",1193,3926341,-1.3,1.4024466162933291,0.8025718425954855,32.15083729735047,0.7884895614030161,19.265631031179336,-0.9593764848971935,0.001,0.9999999999999528,70.23215629664546,2.9653863631429065,597,"2026-10-04T10:41:41.531027Z"
"NC_000913.3","fork1",1195,3926342,-1.44,1.3110377889013387,0.7876867636969223,32.27343085731659,0.7891413358923025,19.297698178379555,-0.947998542290227,0.001,0.9999999999999527,17.456870119944572,2.9703535166543356,598,"2026-10-04T10:41:41.532026Z"
"NC_000913.3","fork1",1197,3926343,-1.84,-1.9014679697759975,0.1299424193591184,32.3162010638581,0.7892487157117146,19.316454723711786,-0.3314611913183458,0.001,0.9999999999999528,5741.650100990361,2.9753206701739425,599,"2026-10-04T10:41:41.533026Z"
"NC_000913.3","fork1",1199,3926344,-2.17,-2.077195418181337,0.11133314431997621,32.35671094257675,0.7893406855979553,19.3348247330352,-0.3142483035096539,0.001,0.9999999999999523,187.157867779023,2.980287823690617,600,"2026-10-04T10:41:41.534027Z"
"NC_000913.3","fork1",1201,3926345,-1.44,-1.5689622110986612,0.1723643870770019,32.40465276163924,0.7894830140191033,19.354419623717412,-0.3722243831560019,0.001,0.9999999999999516,-407.3401445667314,2.9852549772079837,601,"2026-10-04T10:41:41.535026Z"
"NC_000913.3","fork1",1203,3926346,-1.45,1.6006567886666603,0.832110160392121,32.53301176863246,0.7901691297172618,19.38734910859836,-0.9969117652541242,0.001,0.9999999999999515,-910.4694496492132,2.990222130768739,602,"2026-10-04T10:41:41.536026Z"
"NC_000913.3","fork1",1205,3926347,-2.24,-2.2677208491146654,0.09383182322637987,32.57146645899166,0.7902463955326474,19.40534224210458,-0.2993481484966841,0.001,0.999999999999951,9028.101409094512,2.995189284335829,603,"2026-10-04T10:41:41.537026Z"
"NC_000913.3","fork1",1207,3926348,-1.45,-1.2993432113333396,0.21427557416581033,32.62462084756895,0.7904227623897865,19.425760725974335,-0.41410319315164873,0.001,0.9999999999999505,-650.6610511547543,3.0001564379060177,604,"2026-10-04T10:41:41.538027Z"
"NC_000913.3","fork1",1209,3926349,-1.28,1.1703218578506713,0.7632031881188912,32.744861707311884,0.7910500574345766,19.457264431887513,-0.9371683441124068,0.001,0.9999999999999506,-833.8423128079886,3.0051235915158627,605,"2026-10-04T10:41:41.539026Z"
"NC_000913.3","fork1",1211,3926350,-2.24,-2.2677208491146654,0.09383182322637987,32.78338596687509,0.7911270846140929,19.475234381395044,-0.3009093436335983,0.001,0.9999999999999499,8260.188215046663,3.0100907451308068,606,"2026-10-04T10:41:41.540026Z"
"NC_000913.3","fork1",1213,3926351,-2.17,-2.077195418181337,0.11133314431997621,32.824048606632765,0.7912184516353147,19.49354749765887,-0.31789344219997373,0.001,0.9999999999999495,-185.88871935688147,3.015057898742347,607,"2026-10-04T10:41:41.541027Z"
"NC_000913.3","fork1",1215,3926352,-1.44,-1.5689622110986612,0.1723643870770019,32.87218640926831,0.7913598467158138,19.513084669281966,-0.37665438897267456,0.001,0.9999999999999495,-415.57985302786716,3.0200250523546393,608,"2026-10-04T10:41:41.542027Z"
"NC_000913.3","fork1",1217,3926353,-1.0,-0.9554055905546683,0.277799014514135,32.933260747339325,0.7915875841914907,19.534745128127696,-0.47828583236106825,0.001,0.9999999999999492,-446.26578513854406,3.0249922059752703,609,"2026-10-04T10:41:41.543026Z"
"NC_000913.3","fork1",1219,3926354,-1.0,-0.9554055905546683,0.277799014514135,32.99436880129837,0.791815138479603,19.5563971231439,-0.47905259987659804,0.001,0.9999999999999493,-3.36960257655567,3.029959359605741,610,"2026-10-04T10:41:41.544027Z"
"NC_000913.3","fork1",1221,3926355,-1.3,-1.197553383706671,0.23191074185089536,33.04987640125679,0.7920049638841498,19.57711259495518,-0.4356248650070917,0.001,0.9999999999999485,228.77725441022844,3.034926513243147,611,"2026-10-04T10:41:41.545027Z"
"NC_000913.3","fork1",1223,3926356,-2.17,-2.077195418181337,0.11133314431997621,33.09059186058128,0.7920960478114006,19.595379908983247,-0.3198980667978273,0.001,0.9999999999999485,1270.5512564308935,3.0398936668792063,612,"2026-10-04T10:41:41.546027Z"
"NC_000913.3","fork1",1225,3926357,-1.84,1.7785320302240026,0.8555155067192858,33.22282761488919,0.7927949809375787,19.628687451722488,-1.0390961428198957,0.001,0.9999999999999484,-1028.994118442777,3.044860820559491,613,"2026-10-04T10:41:41.547027Z"
"NC_000913.3","fork1",1227,3926358,-1.44,-1.5689622110986612,0.1723643870770019,33.271130034946395,0.7929355877476932,19.648175395928035,-0.3803985275904377,0.001,0.9999999999999477,4684.677894996517,3.0498279742508405,614,"2026-10-04T10:41:41.548027Z"
"NC_000913.3","fork1",1229,3926359,-1.45,1.6006567886666603,0.832110160392121,33.400713156679245,0.7936133924943403,19.680978049339668,-1.020764713362885,0.001,0.9999999999999478,-944.7649768465324,3.0547951279857575,615,"2026-10-04T10:41:41.549027Z"
"NC_000913.3","fork1",1231,3926360,-1.84,1.7785320302240026,0.8555155067192858,33.533326308023256,0.7943085492321936,19.71422569030984,-1.046124453669225,0.001,0.9999999999999477,-36.48060779019492,3.059762281774564,616,"2026-10-04T10:41:41.550027Z"
"NC_000913.3","fork1",1233,3926361,-1.44,-1.5689622110986612,0.1723643870770019,33.58180055408424,0.7944483952513521,19.73369473138463,-0.3832325776108588,0.001,0.9999999999999472,4740.155494215517,3.0647294355738897,617,"2026-10-04T10:41:41.551026Z"
"NC_000913.3","fork1",1235,3926362,-0.58,-0.40523812514667396,0.4000544771470622,33.658402656005265,0.7947727035460291,19.757742098743634,-0.6060271343776229,0.001,0.9999999999999467,-686.983837365799,3.069696589389216,618,"2026-10-04T10:41:41.552026Z"
"NC_000913.3","fork1",1237,3926363,-1.0,1.0445944094453317,0.7397355271799415,33.77704079874238,0.7953713776305978,19.78861571408992,-0.9392758267828007,0.001,0.9999999999999463,-556.6445934356002,3.0746637432450945,619,"2026-10-04T10:41:41.553026Z"
"NC_000913.3","fork1",1239,3926364,-1.0,1.0445944094453317,0.7397355271799415,33.89580458916499,0.7959687536386273,19.81946815888883,-0.941532763681055,0.001,0.9999999999999467,-3.778084268397629,3.079630897145778,620,"2026-10-04T10:41:41.554027Z"
"NC_000913.3","fork1",1241,3926365,-1.0,1.0445944094453317,0.7397355271799415,34.01469390236711,0.7965648317679088,19.850299362091643,-0.9437808127438765,0.001,0.9999999999999465,-3.771400010148231,3.0845980510910866,621,"2026-10-04T10:41:41.555026Z"
"NC_000913.3","fork1",1243,3926366,-1.44,1.3110377889013387,0.7876867636969223,34.13964881978735,0.7971981223930776,19.88206969285969,-0.9931831999498718,0.001,0.999999999999946,-78.0090297291647,3.089565205083885,622,"2026-10-04T10:41:41.556026Z"
"NC_000913.3","fork1",1245,3926367,-1.84,-1.9014679697759975,0.1299424193591184,34.18319161461037,0.7973024531616051,19.90064975950187,-0.34681526651963546,0.001,0.9999999999999458,6195.372108853729,3.0945323590826277,623,"2026-10-04T10:41:41.557027Z"
"NC_000913.3","fork1",1247,3926368,-1.84,-1.9014679697759975,0.1299424193591184,34.22673825096787,0.7974067438974182,19.91922018775859,-0.34715469822668077,0.001,0.9999999999999458,-3.2546678705351337,3.0994995130794223,624,"2026-10-04T10:41:41.558027Z"
"NC_000913.3","fork1",1249,3926369,-2.17,-2.077195418181337,0.11133314431997621,34.26797787788384,0.7974960671369441,19.93740781471497,-0.32906237016691375,0.001,0.999999999999945,202.54894645323625,3.1044666670731202,625,"2026-10-04T10:41:41.559026Z"
"NC_000913.3","fork1",1251,3926370,-2.24,-2.2677208491146654,0.09383182322637987,34.30704266731542,0.7975713261434252,19.95523436797502,-0.3119876635106327,0.001,0.9999999999999447,226.87924614805942,3.1094338210624217,626,"2026-10-04T10:41:41.560026Z"
"NC_000913.3","fork1",1253,3926371,-1.84,-1.9014679697759975,0.1299424193591184,34.350595528562756,0.7976755136453743,19.973775566547605,-0.34811653721305647,0.001,0.9999999999999442,-346.76782748936864,3.1144009750494646,627,"2026-10-04T10:41:41.561027Z"
"NC_000913.3","fork1",1255,3926372,-1.28,-1.3896781421493287,0.19945914459223538,34.40280550055056,0.797835361604379,19.993703069941304,-0.4176480663917912,0.001,0.9999999999999442,-434.9854049540315,3.119368129039143,628,"2026-10-04T10:41:41.562027Z"
"NC_000913.3","fork1",1257,3926373,-1.3,-1.197553383706671,0.23191074185089536,34.459075866335446,0.7980210979306422,20.014273554287445,-0.4505296114196117,0.001,0.9999999999999438,-177.03346291672656,3.124335283034369,629,"2026-10-04T10:41:41.563026Z"
"NC_000913.3","fork1",1259,3926374,-1.28,-1.3896781421493287,0.19945914459223538,34.51132450973742,0.7981807419376892,20.034183886260028,-0.41874146539696244,0.001,0.9999999999999432,199.1189435210305,3.1293024370334637,630,"2026-10-04T10:41:41.564027Z"
"NC_000913.3","fork1",1261,3926375,-1.0,-0.9554055905546683,0.277799014514135,34.5733656014169,0.7984029308399617,20.055659067810648,-0.49763612476107516,0.001,0.9999999999999426,-355.07920763448897,3.134269591041063,631,"2026-10-04T10:41:41.565027Z"
"NC_000913.3","fork1",1263,3926376,-1.3,-1.197553383706671,0.23191074185089536,34.62970975632812,0.7985882773570372,20.0762042995178,-0.4524038311239685,0.001,0.9999999999999425,244.04177834477014,3.139236745055151,632,"2026-10-04T10:41:41.566027Z"
"NC_000913.3","fork1",1265,3926377,-1.84,-1.9014679697759975,0.1299424193591184,34.67333500001748,0.7986920735567452,20.0946925756046,-0.3506507910433318,0.001,0.9999999999999417,980.315660562448,3.1442038990686987,633,"2026-10-04T10:41:41.567027Z"
"NC_000913.3","fork1",1267,3926378,-1.45,-1.2993432113333396,0.21427557416581033,34.7275117637702,0.7988631465155387,20.11486642354738,-0.4357989785031817,0.001,0.999999999999942,-497.7302553271408,3.149171053085966,634,"2026-10-04T10:41:41.568027Z"
"NC_000913.3","fork1",1269,3926379,-1.28,1.1703218578506713,0.7632031881188912,34.85041738376544,0.7994715875059568,20.14605587188991,-0.9889319638120834,0.001,0.9999999999999417,-909.0988181594822,3.154138207142969,635,"2026-10-04T10:41:41.569027Z"
"NC_000913.3","fork1",1271,3926380,-2.24,-2.2677208491146654,0.09383182322637987,34.8896019987793,0.7995462968663666,20.163796788033302,-0.31593647435466493,0.001,0.9999999999999415,9008.181649075728,3.159105361203007,636,"2026-10-04T10:41:41.570027Z"
"NC_000913.3","fork1",1273,3926381,-1.28,-1.3896781421493287,0.19945914459223538,34.94202549907559,0.7997050379290758,20.18364906658218,-0.4229824832940716,0.001,0.9999999999999412,-674.3435322435331,3.164072515265418,637,"2026-10-04T10:41:41.571026Z"
"NC_000913.3","fork1",1275,3926382,-1.0,-0.9554055905546683,0.277799014514135,35.00429550824984,0.7999259693356838,20.205066042593767,-0.5028386300493131,0.001,0.9999999999999405,-361.45221714407,3.1690396693363936,638,"2026-10-04T10:41:41.572026Z"
"NC_000913.3","fork1",1277,3926383,-1.0,-0.9554055905546683,0.277799014514135,35.066598648012175,0.8001467179495324,20.226474734993616,-0.5035850343586352,0.001,0.9999999999999404,-3.381241206045165,3.1740068234167857,639,"2026-10-04T10:41:41.573026Z"
"NC_000913.3","fork1",1279,3926384,-1.0,-0.9554055905546683,0.277799014514135,35.128934904736305,0.8003672837874874,20.247875152226158,-0.504330868602696,0.001,0.99999999999994,-3.381458574799071,3.1789739775065917,640,"2026-10-04T10:41:41.574027Z"
"NC_000913.3","fork1",1281,3926385,-1.3,-1.197553383706671,0.23191074185089536,35.18553344832397,0.8005512754545021,20.268345946600192,-0.4583684284286361,0.001,0.9999999999999394,249.80718376989162,3.18394113160288,641,"2026-10-04T10:41:41.575026Z"
"NC_000913.3","fork1",1283,3926386,-1.45,-1.2993432113333396,0.21427557416581033,35.239936589896864,0.8007211626609301,20.28845430143857,-0.4410019954150309,0.001,0.9999999999999389,102.22331262459629,3.1889082857040423,642,"2026-10-04T10:41:41.576026Z"
"NC_000913.3","fork1",1285,3926387,-1.28,1.1703218578506713,0.7632031881188912,35.36350000050756,0.801325380938017,20.31957057042753,-1.0018696663297573,0.001,0.9999999999999386,-928.2534014343669,3.1938754398450038,643,"2026-10-04T10:41:41.577027Z"
"NC_000913.3","fork1",1287,3926388,-2.24,-2.2677208491146654,0.09383182322637987,35.40281598196796,0.8013995712130833,20.33724779117045,-0.3194253734200114,0.001,0.9999999999999386,9198.568037388886,3.19884259398858,644,"2026-10-04T10:41:41.578027Z"
"NC_000913.3","fork1",1289,3926389,-1.84,-1.9014679697759975,0.1299424193591184,35.44668433177173,0.8015022787413915,20.355639923984963,-0.3566914992928819,0.001,0.9999999999999377,-362.8373351663212,3.2038097481301837,645,"2026-10-04T10:41:41.579026Z"
"NC_000913.3","fork1",1291,3926390,-1.45,-1.2993432113333396,0.21427557416581033,35.50120364528316,0.801671556580032,20.37571585328811,-0.44362463826436893,0.001,0.999999999999938,-513.5529828928306,3.208776902275609,646,"2026-10-04T10:41:41.580027Z"
"NC_000913.3","fork1",1293,3926391,-1.28,1.1703218578506713,0.7632031881188912,35.625097924790985,0.8022736048130024,20.40679425734516,-1.0083535693956032,0.001,0.9999999999999375,-938.0127707459142,3.213744056460858,647,"2026-10-04T10:41:41.581027Z"
"NC_000913.3","fork1",1295,3926392,-1.84,1.7785320302240026,0.8555155067192858,35.76079219224303,0.8029468347601515,20.43969613179663,-1.1055751833028318,0.001,0.9999999999999378,-144.4107088802632,3.21871121069725,648,"2026-10-04T10:41:41.582027Z"
"NC_000913.3","fork1",1297,3926393,-1.44,-1.5689622110986612,0.1723643870770019,35.81018595248285,0.8030822637454897,20.458911560980543,-0.4032721783019475,0.001,0.999999999999937,5185.765833265361,3.2236783649417107,649,"2026-10-04T10:41:41.583026Z"
"NC_000913.3","fork1",1299,3926394,-1.45,1.6006567886666603,0.832110160392121,35.943140791048215,0.8037350754161273,20.4913108717413,-1.0855404130817297,0.001,0.9999999999999368,-1045.122606514428,3.2286455192298775,650,"2026-10-04T10:41:41.584027Z"
"NC_000913.3","fork1",1301,3926395,-1.44,-1.5689622110986612,0.1723643870770019,35.99262351056602,0.8038700949919447,20.510512365351044,-0.40482978804967307,0.001,0.9999999999999363,5041.56986800646,3.233612673525607,651,"2026-10-04T10:41:41.585027Z"
"NC_000913.3","fork1",1303,3926396,-1.0,-0.9554055905546683,0.277799014514135,36.05549108456296,0.8040875577017627,20.531812176480248,-0.5147056994521444,0.001,0.9999999999999358,-505.2632310820806,3.23857982782948,652,"2026-10-04T10:41:41.586027Z"
"NC_000913.3","fork1",1305,3926397,-1.3,-1.197553383706671,0.23191074185089536,36.1125669116368,0.8042689590918121,20.552186924356086,-0.4677378972057454,0.001,0.9999999999999362,258.9164406822169,3.243546982139535,653,"2026-10-04T10:41:41.587027Z"
"NC_000913.3","fork1",1307,3926398,-1.28,-1.3896781421493287,0.19945914459223538,36.16554442205294,0.8044248750489701,20.5719049723274,-0.4345520256285454,0.001,0.9999999999999358,212.8446130986132,3.24851413645328,654,"2026-10-04T10:41:41.588026Z"
"NC_000913.3","fork1",1309,3926399,-1.45,1.6006567886666603,0.832110160392121,36.29896459511694,0.8050743161077069,20.604247851761805,-1.0944503857337065,0.001,0.9999999999999357,-1016.1020022182392,3.2534812908109814,655,"2026-10-04T10:41:41.589026Z"
"NC_000913.3","fork1",1311,3926400,-2.24,-2.2677208491146654,0.09383182322637987,36.33860068193158,0.8051474468485929,20.621843369495043,-0.32582017891819604,0.001,0.9999999999999349,10510.357169958566,3.2584484451708127,656,"2026-10-04T10:41:41.590027Z"
"NC_000913.3","fork1",1313,3926401,-1.28,-1.3896781421493287,0.19945914459223538,36.39168209674674,0.8053028324221024,20.641538117040536,-0.43663742037044895,0.001,0.9999999999999345,-713.1758692219902,3.2634155995330856,657,"2026-10-04T10:41:41.591026Z"
"NC_000913.3","fork1",1315,3926402,-0.58,-0.40523812514667396,0.4000544771470622,36.47033987800098,0.8056142054508432,20.665228281364772,-0.6474090987720421,0.001,0.9999999999999343,-676.9105187241246,3.2683827539115935,658,"2026-10-04T10:41:41.592026Z"
"NC_000913.3","fork1",1317,3926403,-1.44,1.3110377889013387,0.7876867636969223,36.59848162874844,0.8062261783347323,20.696635341152827,-1.0551615103215473,0.001,0.9999999999999342,-666.2916320053276,3.2733499083329,659,"2026-10-04T10:41:41.593027Z"
"NC_000913.3","fork1",1319,3926404,-1.45,-1.2993432113333396,0.21427557416581033,36.65358276689584,0.8063924007681357,20.71660280134725,-0.4545624732257118,0.001,0.9999999999999337,3613.224910733898,3.278317062763321,660,"2026-10-04T10:41:41.594027Z"
"NC_000913.3","fork1",1321,3926405,-0.88,-1.11502459031999,0.24693533677668908,36.71287510736897,0.8065838243187581,20.73721276009735,-0.4895338680953365,0.001,0.9999999999999334,-182.69118275111293,3.283284217200192,661,"2026-10-04T10:41:41.595026Z"
"NC_000913.3","fork1",1323,3926406,-0.58,-0.40523812514667396,0.4000544771470622,36.79176298604034,0.8068936399504901,20.760864448104563,-0.6517516424434269,0.001,0.9999999999999328,-523.5945437652716,3.2882513716536157,662,"2026-10-04T10:41:41.596026Z"
"NC_000913.3","fork1",1325,3926407,-0.88,-1.11502459031999,0.24693533677668908,36.85112349740418,0.807084686476328,20.78145817712913,-0.49097405396833477,0.001,0.9999999999999325,841.5624820705104,3.293218526114958,663,"2026-10-04T10:41:41.597027Z"
"NC_000913.3","fork1",1327,3926408,-1.0,-0.9554055905546683,0.277799014514135,36.914461060478345,0.8072994393527414,20.802658375820656,-0.5242966080624432,0.001,0.9999999999999324,-155.16697448078347,3.2981856805849876,664,"2026-10-04T10:41:41.598027Z"
"NC_000913.3","fork1",1329,3926409,-1.3,-1.197553383706671,0.23191074185089536,36.97195338382124,0.8074785788177207,20.82293672964571,-0.4763529079786448,0.001,0.9999999999999317,267.6333776554809,3.3031528350609958,665,"2026-10-04T10:41:41.599026Z"
"NC_000913.3","fork1",1331,3926410,-2.17,-2.077195418181337,0.11133314431997621,37.01401300777332,0.8075645330423508,20.840805431865682,-0.3488361421603064,0.001,0.9999999999999315,1483.542738790484,3.3081199895348923,666,"2026-10-04T10:41:41.600027Z"
"NC_000913.3","fork1",1333,3926411,-1.84,1.7785320302240026,0.8555155067192858,37.15153921999526,0.8082240544197125,20.87347884427157,-1.140401516935054,0.001,0.9999999999999308,-1200.2118535433594,3.313087144053573,667,"2026-10-04T10:41:41.601027Z"
"NC_000913.3","fork1",1335,3926412,-2.24,-2.2677208491146654,0.09383182322637987,37.19142473101937,0.8082962848499967,20.890987137059923,-0.3314366604322195,0.001,0.9999999999999306,11199.779003381196,3.3180542985736015,668,"2026-10-04T10:41:41.602027Z"
"NC_000913.3","fork1",1337,3926413,-1.45,-1.2993432113333396,0.21427557416581033,37.24678148398316,0.8084611533896277,20.91088260548006,-0.4602850166056439,0.001,0.9999999999999301,-781.521789796017,3.3230214530970796,669,"2026-10-04T10:41:41.603027Z"
"NC_000913.3","fork1",1339,3926414,-1.44,1.3110377889013387,0.7876867636969223,37.37588278656043,0.8090662876373921,20.94216875031593,-1.0735252497840142,0.001,0.9999999999999298,-1013.3953506083803,3.3279886076617347,670,"2026-10-04T10:41:41.604027Z"
"NC_000913.3","fork1",1341,3926415,-1.84,-1.9014679697759975,0.1299424193591184,37.42048431705903,0.8091659744164007,20.960373681622784,-0.37159345242104136,0.001,0.9999999999999298,7041.373032047252,3.332955762229286,671,"2026-10-04T10:41:41.605027Z"
"NC_000913.3","fork1",1343,3926416,-2.17,-2.077195418181337,0.11133314431997621,37.46269380033936,0.8092513532420395,20.97819991876713,-0.35195211768683793,0.001,0.9999999999999294,230.04924918162942,3.33792291679392,672,"2026-10-04T10:41:41.606027Z"
"NC_000913.3","fork1",1345,3926417,-2.24,-2.2677208491146654,0.09383182322637987,37.50264867772074,0.8093232880335819,20.995669067772056,-0.33342212854230885,0.001,0.9999999999999287,257.5942565093441,3.34289007135441,673,"2026-10-04T10:41:41.607026Z"
"NC_000913.3","fork1",1347,3926418,-1.84,-1.9014679697759975,0.1299424193591184,37.54725744472603,0.8094228722387229,21.01384722054724,-0.3725297686916661,0.001,0.9999999999999283,-392.7092664342179,3.3478572259129904,674,"2026-10-04T10:41:41.608026Z"
"NC_000913.3","fork1",1349,3926419,-2.17,-2.077195418181337,0.11133314431997621,37.58946888090426,0.8095081631865697,21.03164629538041,-0.35279658840831035,0.001,0.9999999999999276,231.36312564841836,3.3528243804687503,675,"2026-10-04T10:41:41.609026Z"
"NC_000913.3","fork1",1351,3926420,-1.3,1.4024466162933291,0.8025718425954855,37.72095146883936,0.81012213998091,21.0631829295409,-1.0987333350987605,0.001,0.9999999999999276,-1214.9266121563535,3.357791535066025,676,"2026-10-04T10:41:41.610027Z"
"NC_000913.3","fork1",1353,3926421,-1.28,1.1703218578506713,0.7632031881188912,37.847478696520746,0.8107045927852551,21.09391142610309,-1.058452228398278,0.001,0.9999999999999278,69.15771784423588,3.362758689706799,677,"2026-10-04T10:41:41.611026Z"
"NC_000913.3","fork1",1355,3926422,-1.84,1.7785320302240026,0.8555155067192858,37.98607033855711,0.8113558663415578,21.1264427847775,-1.1603720351520481,0.001,0.9999999999999273,-156.49308307921385,3.3677258443965203,678,"2026-10-04T10:41:41.612026Z"
"NC_000913.3","fork1",1357,3926423,-1.84,1.7785320302240026,0.8555155067192858,38.1248045228659,0.8120054187823157,21.15894281766333,-1.1627292630778836,0.001,0.9999999999999273,-3.629003261206991,3.3726929991355283,679,"2026-10-04T10:41:41.613027Z"
"NC_000913.3","fork1",1359,3926424,-1.44,-1.5689622110986612,0.1723643870770019,38.17519446047679,0.8121360786789676,21.177925258165573,-0.4231407598212434,0.001,0.9999999999999268,5660.409369729816,3.3776601538795803,680,"2026-10-04T10:41:41.614027Z"
"NC_000913.3","fork1",1361,3926425,-1.45,1.6006567886666603,0.832110160392121,38.311114427852345,0.8127658733724918,21.209926654209845,-1.141199512848355,0.001,0.9999999999999268,-1140.1473534319653,3.38262730866719,681,"2026-10-04T10:41:41.615026Z"
"NC_000913.3","fork1",1363,3926426,-2.24,-2.2677208491146654,0.09383182322637987,38.351404474426616,0.8128367893098155,21.227345576028988,-0.33896049344373863,0.001,0.9999999999999265,11312.534948852363,3.3875944634543744,682,"2026-10-04T10:41:41.616027Z"
"NC_000913.3","fork1",1365,3926427,-1.28,-1.3896781421493287,0.19945914459223538,38.405403513134225,0.8129874672605821,21.246840323327305,-0.4545710746343963,0.001,0.9999999999999261,-767.2694020754433,3.392561618243942,683,"2026-10-04T10:41:41.617027Z"
"NC_000913.3","fork1",1367,3926428,-1.45,1.6006567886666603,0.832110160392121,38.54160605954304,0.8136150627968718,21.278802448290858,-1.1464388740756264,0.001,0.9999999999999254,-1102.4103254964928,3.397528773077202,684,"2026-10-04T10:41:41.618027Z"
"NC_000913.3","fork1",1369,3926429,-2.24,-2.2677208491146654,0.09383182322637987,38.58196799353009,0.8136857308290844,21.296201028946708,-0.3404131443735369,0.001,0.9999999999999251,11405.804073865393,3.4024959279097344,685,"2026-10-04T10:41:41.619026Z"
"NC_000913.3","fork1",1371,3926430,-1.84,-1.9014679697759975,0.1299424193591184,38.627025073824534,0.8137835608991224,21.31430237966737,-0.3802788879840016,0.001,0.9999999999999248,-407.49989849704235,3.4074630827401835,686,"2026-10-04T10:41:41.620027Z"
"NC_000913.3","fork1",1373,3926431,-2.17,-2.077195418181337,0.11133314431997621,38.66966349497165,0.813867349043859,21.332028094467468,-0.36014928780422845,0.001,0.9999999999999243,240.24401355398993,3.4124302375675475,687,"2026-10-04T10:41:41.621027Z"
"NC_000913.3","fork1",1375,3926432,-2.24,-2.2677208491146654,0.09383182322637987,38.710022338754484,0.8139379432963181,21.349399634353674,-0.3411608410260579,0.001,0.9999999999999238,268.9800673105762,3.417397392390649,688,"2026-10-04T10:41:41.622027Z"
"NC_000913.3","fork1",1377,3926433,-1.28,-1.3896781421493287,0.19945914459223538,38.76415036073244,0.8140879375097076,21.36884674173689,-0.4578279334193401,0.001,0.9999999999999233,-777.810621868926,3.4223645472162416,689,"2026-10-04T10:41:41.623027Z"
"NC_000913.3","fork1",1379,3926434,-1.45,1.6006567886666603,0.832110160392121,38.90084157162644,0.8147126816612569,21.400758955755478,-1.156006280029731,0.001,0.9999999999999235,-1117.542829139036,3.4273317020855805,690,"2026-10-04T10:41:41.624027Z"
"NC_000913.3","fork1",1381,3926435,-1.3,1.4024466162933291,0.8025718425954855,39.033812867412855,0.8153137108001285,21.43206032279601,-1.125620635041537,0.001,0.9999999999999231,50.55602636045385,3.432298856999561,691,"2026-10-04T10:41:41.625026Z"
"NC_000913.3","fork1",1383,3926436,-0.88,-1.11502459031999,0.24693533677668908,39.09431308458913,0.8154983318396597,21.45241935907632,-0.51301726068008,0.001,0.9999999999999227,3318.1666397122904,3.437266011922014,692,"2026-10-04T10:41:41.626027Z"
"NC_000913.3","fork1",1385,3926437,-0.58,-0.40523812514667396,0.4000544771470622,39.174861296900126,0.8157971291692975,21.47577988895401,-0.6833912689557096,0.001,0.9999999999999226,-570.199233313657,3.4422331668604222,693,"2026-10-04T10:41:41.627026Z"
"NC_000913.3","fork1",1387,3926438,-1.0,1.0445944094453317,0.7397355271799415,39.29991315032983,0.8163486443190899,21.50579814938082,-1.0612902038595142,0.001,0.9999999999999225,-685.2013676251909,3.447200321837261,694,"2026-10-04T10:41:41.628026Z"
"NC_000913.3","fork1",1389,3926439,-1.28,1.1703218578506713,0.7632031881188912,39.42815712619085,0.8169163137216258,21.53625205373027,-1.0892759736041777,0.001,0.9999999999999218,-49.29941550425038,3.452167476855215,695,"2026-10-04T10:41:41.629026Z"
"NC_000913.3","fork1",1391,3926440,-1.3,1.4024466162933291,0.8025718425954855,39.56168344960852,0.8175117958914319,21.56745009473034,-1.135039757600871,0.001,0.999999999999922,-76.85164446081623,3.457134631916691,696,"2026-10-04T10:41:41.630027Z"
"NC_000913.3","fork1",1393,3926441,-1.28,1.1703218578506713,0.7632031881188912,39.69017780480438,0.8180766711904743,21.597851533193133,-1.0932514081692335,0.001,0.9999999999999217,73.97800807093735,3.4621017870190554,697,"2026-10-04T10:41:41.631026Z"
"NC_000913.3","fork1",1395,3926442,-1.44,-1.5689622110986612,0.1723643870770019,39.7412593531401,0.8182040561628039,21.616704909219333,-0.4353580647993653,0.001,0.999999999999921,5164.6071851225015,3.4670689421238485,698,"2026-10-04T10:41:41.632026Z"
"NC_000913.3","fork1",1397,3926443,-1.45,1.6006567886666603,0.832110160392121,39.87899357282101,0.8188180468005214,21.64841717502895,-1.1735777323446088,0.001,0.9999999999999214,-1202.3304952817596,3.4720360972718787,699,"2026-10-04T10:41:41.633027Z"
"NC_000913.3","fork1",1399,3926444,-1.3,1.4024466162933291,0.8025718425954855,40.01298184760799,0.8194087109335709,21.679524426688317,-1.142645312433415,0.001,0.9999999999999208,52.368881366628905,3.4770032524628998,700,"2026-10-04T10:41:41.634027Z"
"NC_000913.3","fork1",1401,3926445,-0.88,-1.11502459031999,0.24693533677668908,40.07402748871547,0.8195901442273537,21.699807994795172,-0.5214563653540802,0.001,0.9999999999999202,3423.786969459004,3.4819704076607616,701,"2026-10-04T10:41:41.635026Z"
"NC_000913.3","fork1",1403,3926446,-0.58,-0.40523812514667396,0.4000544771470622,40.15525043909015,0.8198837785343056,21.723060169570925,-0.6941621858953257,0.001,0.9999999999999206,-588.1663567653434,3.4869375628740102,702,"2026-10-04T10:41:41.636027Z"
"NC_000913.3","fork1",1405,3926447,-0.88,-1.11502459031999,0.24693533677668908,40.216362300711346,0.820064839352676,21.743327620437164,-0.5228013172532735,0.001,0.9999999999999196,946.427118712454,3.4919047180930756,703,"2026-10-04T10:41:41.637027Z"
"NC_000913.3","fork1",1407,3926448,-1.3,-1.197553383706671,0.23191074185089536,40.27551994069423,0.8202347542617648,21.763295167058203,-0.5064669137707951,0.001,0.9999999999999193,96.13284419875147,3.49687187331666,704,"2026-10-04T10:41:41.638027Z"
"NC_000913.3","fork1",1409,3926449,-1.28,-1.3896781421493287,0.19945914459223538,40.3304207451501,0.8203807924997021,21.782624171018874,-0.4703902319452513,0.001,0.9999999999999187,247.03586084794898,3.5018390285426615,705,"2026-10-04T10:41:41.639027Z"
"NC_000913.3","fork1",1411,3926450,-1.45,1.6006567886666603,0.832110160392121,40.468836004780286,0.8209890399388216,21.814228906522533,-1.1856388392301194,0.001,0.9999999999999188,-1175.9171700259014,3.506806183811828,706,"2026-10-04T10:41:41.640027Z"
"NC_000913.3","fork1",1413,3926451,-2.24,-2.2677208491146654,0.09383182322637987,40.50987939381842,0.8210575270259218,21.83149366826988,-0.35224553164991124,0.001,0.9999999999999183,12168.619558311344,3.511773339077483,707,"2026-10-04T10:41:41.641027Z"
"NC_000913.3","fork1",1415,3926452,-1.84,-1.9014679697759975,0.1299424193591184,40.55569268123898,0.8211523371037103,21.84945049502607,-0.3934406626555451,0.001,0.9999999999999175,-434.50160538371983,3.51674049434081,708,"2026-10-04T10:41:41.642027Z"
"NC_000913.3","fork1",1417,3926453,-1.45,-1.2993432113333396,0.21427557416581033,40.612663931456325,0.821308593477341,21.86903611947361,-0.4895497115465074,0.001,0.9999999999999172,-615.0728233211574,3.5217076496073214,709,"2026-10-04T10:41:41.643026Z"
"NC_000913.3","fork1",1419,3926454,-0.88,-1.11502459031999,0.24693533677668908,40.673977592481535,0.8214885338572039,21.88924781509082,-0.5272156486373005,0.001,0.9999999999999167,-209.32453915841324,3.526674804879261,710,"2026-10-04T10:41:41.644026Z"
"NC_000913.3","fork1",1421,3926455,-0.58,-0.40523812514667396,0.4000544771470622,40.755597248067346,0.8217797502341093,21.912422532307378,-0.702155951831448,0.001,0.9999999999999164,-600.7227514232662,3.531641960166548,711,"2026-10-04T10:41:41.645026Z"
"NC_000913.3","fork1",1423,3926456,-1.0,1.0445944094453317,0.7397355271799415,40.882292553087474,0.8223172543911158,21.942169103371377,-1.0901369269433074,0.001,0.9999999999999161,-721.8194874485002,3.5366091154912485,712,"2026-10-04T10:41:41.646027Z"
"NC_000913.3","fork1",1425,3926457,-1.0,1.0445944094453317,0.7397355271799415,41.009105400481126,0.8228534869090454,21.97189104202604,-1.0919449869208373,0.001,0.999999999999916,-3.3717835399295546,3.541576270853569,713,"2026-10-04T10:41:41.647026Z"
"NC_000913.3","fork1",1427,3926458,-1.44,1.3110377889013387,0.7876867636969223,41.142400058695294,0.8234230822190319,22.00251373621995,-1.148495584960025,0.001,0.9999999999999158,-99.28206403335894,3.546543426256393,714,"2026-10-04T10:41:41.648026Z"
"NC_000913.3","fork1",1429,3926459,-1.84,-1.9014679697759975,0.1299424193591184,41.18846015049429,0.8235169083454311,22.020425151676573,-0.397564320479952,0.001,0.9999999999999154,8003.43457946029,3.551510581657095,715,"2026-10-04T10:41:41.649027Z"
"NC_000913.3","fork1",1431,3926460,-2.17,-2.077195418181337,0.11133314431997621,41.2320508492817,0.8235972663105181,22.03796892462872,-0.37652488701498954,0.001,0.9999999999999151,261.82138189024255,3.556477737054222,716,"2026-10-04T10:41:41.650027Z"
"NC_000913.3","fork1",1433,3926461,-2.24,-2.2677208491146654,0.09383182322637987,41.273314354711744,0.8236649698530866,22.055166108543062,-0.35668255540831123,0.001,0.9999999999999142,293.07671140860776,3.5614448924466626,717,"2026-10-04T10:41:41.651026Z"
"NC_000913.3","fork1",1435,3926462,-1.84,-1.9014679697759975,0.1299424193591184,41.31938141253026,0.823758694959625,22.073052355971264,-0.3984594692434975,0.001,0.9999999999999137,-445.73877137263787,3.5664120478367836,718,"2026-10-04T10:41:41.652026Z"
"NC_000913.3","fork1",1437,3926463,-1.45,-1.2993432113333396,0.21427557416581033,41.37668483696417,0.8239131625051987,22.09256015319864,-0.4959272952719505,0.001,0.9999999999999133,-630.9922622670655,3.571379203230058,719,"2026-10-04T10:41:41.653027Z"
"NC_000913.3","fork1",1439,3926464,-1.44,1.3110377889013387,0.7876867636969223,41.51043356078459,0.8244800773366038,22.123130134166008,-1.1572504333586324,0.001,0.9999999999999132,-1166.5299643822557,3.576346358663497,720,"2026-10-04T10:41:41.654027Z"
"NC_000913.3","fork1",1441,3926465,-1.84,-1.9014679697759975,0.1299424193591184,41.55658148037566,0.8245734614729567,22.140995608555205,-0.3999905209899349,0.001,0.9999999999999128,8109.08513954154,3.5813135140945422,721,"2026-10-04T10:41:41.655026Z"
"NC_000913.3","fork1",1443,3926466,-1.28,-1.3896781421493287,0.19945914459223538,41.612011667684385,0.8247167282415853,22.160194260164825,-0.4807233675203716,0.001,0.9999999999999125,-563.5141163808067,3.586280669527765,722,"2026-10-04T10:41:41.656027Z"
"NC_000913.3","fork1",1445,3926467,-1.0,-0.9554055905546683,0.277799014514135,41.67792182574777,0.8249161111341349,22.180896501152382,-0.5719328547702607,0.001,0.999999999999912,-457.4589428588615,3.5912478249682116,723,"2026-10-04T10:41:41.657027Z"
"NC_000913.3","fork1",1447,3926468,-1.0,-0.9554055905546683,0.277799014514135,41.743863368969784,0.8251153153237712,22.201590740618297,-0.5725971976064801,0.001,0.9999999999999113,-3.334984256265443,3.596214980415854,724,"2026-10-04T10:41:41.658027Z"
"NC_000913.3","fork1",1449,3926469,-0.58,-0.40523812514667396,0.4000544771470622,41.82618726641478,0.8254018726195824,22.224633845721037,-0.7151971438980886,0.001,0.999999999999911,-497.6315325978451,3.601182135878576,725,"2026-10-04T10:41:41.659027Z"
"NC_000913.3","fork1",1451,3926470,-0.88,-1.11502459031999,0.24693533677668908,41.88807212789737,0.8255785664763841,22.244716823752633,-0.538128934426071,0.001,0.9999999999999105,1002.1186513054764,3.6061492913463904,726,"2026-10-04T10:41:41.660027Z"
"NC_000913.3","fork1",1453,3926471,-1.0,-0.9554055905546683,0.277799014514135,41.954116176596834,0.8257771761337518,22.26538672202707,-0.5746566269472895,0.001,0.9999999999999101,-183.91700084143582,3.611116446821379,727,"2026-10-04T10:41:41.661027Z"
"NC_000913.3","fork1",1455,3926472,-0.58,-0.40523812514667396,0.4000544771470622,42.03657633279919,0.8260628775521645,22.288403315414335,-0.7178353631347945,0.001,0.9999999999999101,-501.1481461415033,3.616083602311399,728,"2026-10-04T10:41:41.662027Z"
"NC_000913.3","fork1",1457,3926473,-1.0,1.0445944094453317,0.7397355271799415,42.16464589193606,0.826590189855025,22.317943468534583,-1.1149933802225438,0.001,0.9999999999999093,-753.174190955307,3.6210507578382245,729,"2026-10-04T10:41:41.663026Z"
"NC_000913.3","fork1",1459,3926474,-1.28,1.1703218578506713,0.7632031881188912,42.29598117660579,0.8271329059987153,22.347908841133282,-1.1441090353481136,0.001,0.9999999999999094,-53.64803583618039,3.6260179134028627,730,"2026-10-04T10:41:41.664026Z"
"NC_000913.3","fork1",1461,3926475,-1.3,1.4024466162933291,0.8025718425954855,42.43272400787919,0.8277021671015723,22.378601511774583,-1.1918815617326404,0.001,0.9999999999999094,-83.92023650441422,3.6309850690076066,731,"2026-10-04T10:41:41.665026Z"
"NC_000913.3","fork1",1463,3926476,-1.28,1.1703218578506713,0.7632031881188912,42.56430373979477,0.828242126257519,22.408511989819797,-1.1476534517622698,0.001,0.9999999999999091,81.91010279809669,3.6359522246495986,732,"2026-10-04T10:41:41.666027Z"
"NC_000913.3","fork1",1465,3926477,-1.44,-1.5689622110986612,0.1723643870770019,42.616547578461045,0.8283638866353702,22.427109684054077,-0.4564057966938119,0.001,0.9999999999999086,5677.1148978644605,3.6409193802905753,733,"2026-10-04T10:41:41.667026Z"
"NC_000913.3","fork1",1467,3926478,-1.45,1.6006567886666603,0.832110160392121,42.757586490051985,0.8289507372279712,22.458301848296916,-1.2315703795364037,0.001,0.9999999999999084,-1320.8891540979184,3.645886535974247,734,"2026-10-04T10:41:41.668026Z"
"NC_000913.3","fork1",1469,3926479,-1.84,1.7785320302240026,0.8555155067192858,42.90190996874042,0.8295524331047361,22.48990772024757,-1.260930630351575,0.001,0.9999999999999083,-48.79583182957515,3.6508536917005294,735,"2026-10-04T10:41:41.669027Z"
"NC_000913.3","fork1",1471,3926480,-2.24,-2.2677208491146654,0.09383182322637987,42.94372952343202,0.8296183238816791,22.506989371534004,-0.36605236653790635,0.001,0.9999999999999076,13581.237091622754,3.655820847419971,736,"2026-10-04T10:41:41.670027Z"
"NC_000913.3","fork1",1473,3926481,-2.17,-2.077195418181337,0.11133314431997621,42.987906434171734,0.8296964782151903,22.524395991723107,-0.3869328717789684,0.001,0.9999999999999071,-267.1701529905003,3.660788003135715,737,"2026-10-04T10:41:41.671026Z"
"NC_000913.3","fork1",1475,3926482,-1.44,-1.5689622110986612,0.1723643870770019,43.04031937193207,0.8298174194368292,22.54295747718666,-0.45932637398926646,0.001,0.9999999999999067,-598.5841818802779,3.6657551588516792,738,"2026-10-04T10:41:41.672027Z"
"NC_000913.3","fork1",1477,3926483,-0.58,-0.40523812514667396,0.4000544771470622,43.123488954975755,0.8300978585856701,22.565848940699844,-0.7290573386720947,0.001,0.9999999999999063,-961.8163719211975,3.6707223145823935,739,"2026-10-04T10:41:41.673027Z"
"NC_000913.3","fork1",1479,3926484,-0.88,-1.11502459031999,0.24693533677668908,43.1860223054605,0.8302707773266729,22.585815523203852,-0.5486443773377224,0.001,0.9999999999999059,1043.3395494793167,3.6756894703172973,740,"2026-10-04T10:41:41.674027Z"
"NC_000913.3","fork1",1481,3926485,-1.0,-0.9554055905546683,0.277799014514135,43.25275417296994,0.8304651412538188,22.606361916341562,-0.5858230943060362,0.001,0.9999999999999055,-191.28403873218298,3.680656626058822,741,"2026-10-04T10:41:41.675026Z"
"NC_000913.3","fork1",1483,3926486,-1.45,1.6006567886666603,0.832110160392121,43.39451718236886,0.8310462726892232,22.637440563122016,-1.2440986802955065,0.001,0.9999999999999052,-1132.7481975422588,3.6856237818426156,742,"2026-10-04T10:41:41.676027Z"
"NC_000913.3","fork1",1485,3926487,-1.44,-1.5689622110986612,0.1723643870770019,43.44708629020461,0.8311664504082767,22.655965594735328,-0.46211434772103616,0.001,0.9999999999999047,6506.899438037617,3.6905909376241666,743,"2026-10-04T10:41:41.677027Z"
"NC_000913.3","fork1",1487,3926488,-0.58,-0.40523812514667396,0.4000544771470622,43.53051585115882,0.8314451180747741,22.678807798246165,-0.7335782284848347,0.001,0.9999999999999046,-974.1491870080916,3.6955580934203938,744,"2026-10-04T10:41:41.678027Z"
"NC_000913.3","fork1",1489,3926489,-1.44,1.3110377889013387,0.7876867636969223,43.66655246306229,0.8319927283969476,22.708990670346402,-1.19604998953715,0.001,0.9999999999999044,-844.5271068242474,3.7005252492554437,745,"2026-10-04T10:41:41.679027Z"
"NC_000913.3","fork1",1491,3926490,-2.17,-2.077195418181337,0.11133314431997621,43.710953520376975,0.832070014050041,22.726337417814676,-0.3910437960999519,0.001,0.9999999999999036,10415.98487191918,3.705492405084099,746,"2026-10-04T10:41:41.680027Z"
"NC_000913.3","fork1",1493,3926491,-2.24,-2.2677208491146654,0.09383182322637987,43.75297923694131,0.8321351285326882,22.743344132295388,-0.3703754150353988,0.001,0.999999999999903,317.4160374816626,3.7104595609078728,747,"2026-10-04T10:41:41.681026Z"
"NC_000913.3","fork1",1495,3926492,-1.28,-1.3896781421493287,0.19945914459223538,43.80935179948768,0.8322734760099179,22.76234592892068,-0.49704661376182524,0.001,0.9999999999999026,-915.6017967438526,3.7154267167336847,748,"2026-10-04T10:41:41.682027Z"
"NC_000913.3","fork1",1497,3926493,-1.45,1.6006567886666603,0.832110160392121,43.95174362651331,0.8328496564505521,22.793325148161095,-1.2548880981077897,0.001,0.9999999999999023,-1315.2849886951512,3.7203938726018806,749,"2026-10-04T10:41:41.683026Z"
"NC_000913.3","fork1",1499,3926494,-1.44,-1.5689622110986612,0.1723643870770019,44.00452116421451,0.8329688092328398,22.81179906421789,-0.46589330315547695,0.001,0.9999999999999022,6621.706852361296,3.725361028467144,750,"2026-10-04T10:41:41.684026Z"
"NC_000913.3","fork1",1501,3926495,-1.45,1.6006567886666603,0.832110160392121,44.14711594530802,0.8335430787720671,22.842739365614463,-1.2580790613553021,0.001,0.9999999999999013,-1379.4667905695926,3.7303281843748386,751,"2026-10-04T10:41:41.685026Z"
"NC_000913.3","fork1",1503,3926496,-1.3,1.4024466162933291,0.8025718425954855,44.285818506860366,0.8340954648239178,22.873090395331705,-1.2243809152531515,0.001,0.9999999999999015,61.00470131215085,3.7352953403199014,752,"2026-10-04T10:41:41.686027Z"
"NC_000913.3","fork1",1505,3926497,-1.0,1.0445944094453317,0.7397355271799415,44.416082113052674,0.8346033011142773,22.90222897541813,-1.1505539313555673,0.001,0.9999999999999014,145.37555763360294,3.740262496298167,753,"2026-10-04T10:41:41.687026Z"
"NC_000913.3","fork1",1507,3926498,-1.44,1.3110377889013387,0.7876867636969223,44.55300025329439,0.8351426853861189,22.93224224081288,-1.209798436494906,0.001,0.9999999999999014,-109.83728712937496,3.7452296523128044,754,"2026-10-04T10:41:41.688026Z"
"NC_000913.3","fork1",1509,3926499,-2.17,-2.077195418181337,0.11133314431997621,44.59773021025652,0.8352188090035865,22.949535949997145,-0.395890976335689,0.001,0.9999999999999006,10691.91779418597,3.7501968083197736,755,"2026-10-04T10:41:41.689027Z"
"NC_000913.3","fork1",1511,3926500,-2.24,-2.2677208491146654,0.09383182322637987,44.640070511735736,0.8352829442455644,22.9664927391464,-0.3749896892737935,0.001,0.9999999999999,325.8939456265995,3.7551639643216963,756,"2026-10-04T10:41:41.690027Z"
"NC_000913.3","fork1",1513,3926501,-2.17,-2.077195418181337,0.11133314431997621,44.68480004044404,0.8353590158657427,22.983770227525415,-0.3963895044234377,0.001,0.9999999999998993,-281.31141547247137,3.760131120319823,757,"2026-10-04T10:41:41.691026Z"
"NC_000913.3","fork1",1515,3926502,-1.44,-1.5689622110986612,0.1723643870770019,44.73787646204959,0.8354767332188086,23.00218703397238,-0.47060357658454627,0.001,0.9999999999998991,-630.4429230546865,3.7650982763180174,758,"2026-10-04T10:41:41.692027Z"
"NC_000913.3","fork1",1517,3926503,-1.0,-0.9554055905546683,0.277799014514135,44.8053926662314,0.8356663155488397,23.02257798127016,-0.5988866193150356,0.001,0.9999999999998986,-676.6613887981223,3.77006543232273,759,"2026-10-04T10:41:41.693027Z"
"NC_000913.3","fork1",1519,3926504,-1.45,1.6006567886666603,0.832110160392121,44.94884391087604,0.836233134181322,23.053365489568453,-1.2719108815590952,0.001,0.9999999999998986,-1187.371451246695,3.7750325883690206,760,"2026-10-04T10:41:41.694027Z"
"NC_000913.3","fork1",1521,3926505,-1.84,1.7785320302240026,0.8555155067192858,45.09563273886766,0.8368142558840027,23.084558147441147,-1.3019831319170283,0.001,0.9999999999998984,-51.74862721389901,3.7799997444549414,761,"2026-10-04T10:41:41.695027Z"
"NC_000913.3","fork1",1523,3926506,-1.84,1.7785320302240026,0.8555155067192858,45.24255614396188,0.8373937164698837,23.115716051599485,-1.3036871169886002,0.001,0.9999999999998979,-2.940640162749317,3.784966900580049,762,"2026-10-04T10:41:41.696027Z"
"NC_000913.3","fork1",1525,3926507,-1.3,1.4024466162933291,0.8025718425954855,45.38234989642123,0.8379358086721781,23.14585278991895,-1.2410153161012318,0.001,0.9999999999998981,115.6109617923129,3.7899340567406465,763,"2026-10-04T10:41:41.697027Z"
"NC_000913.3","fork1",1527,3926508,-0.88,-1.11502459031999,0.24693533677668908,45.445982632967066,0.8381023061127361,23.165617584770377,-0.5656969142876462,0.001,0.9999999999998974,4056.0287266306123,3.7949012129010953,764,"2026-10-04T10:41:41.698027Z"
"NC_000913.3","fork1",1529,3926509,-1.3,-1.197553383706671,0.23191074185089536,45.50757613648569,0.8382585474465084,23.185094811890174,-0.5478959793294684,0.001,0.999999999999897,113.93230285729076,3.7998683690642703,765,"2026-10-04T10:41:41.699026Z"
"NC_000913.3","fork1",1531,3926510,-1.28,-1.3896781421493287,0.19945914459223538,45.564730593754376,0.8383928283521029,23.203959992241405,-0.5087317358514759,0.001,0.9999999999998959,291.65906578148497,3.8048355252282,766,"2026-10-04T10:41:41.700026Z"
"NC_000913.3","fork1",1533,3926511,-0.58,-0.40523812514667396,0.4000544771470622,45.649496093866084,0.8386618837917639,23.226552680731178,-0.754657130048219,0.001,0.999999999999896,-914.0324183991888,3.809802681406024,767,"2026-10-04T10:41:41.701026Z"
"NC_000913.3","fork1",1535,3926512,-1.44,1.3110377889013387,0.7876867636969223,45.78767287295283,0.8391905826138917,23.25634065050453,-1.2299116101391787,0.001,0.9999999999998958,-898.9134459922716,3.814769837621151,768,"2026-10-04T10:41:41.702027Z"
"NC_000913.3","fork1",1537,3926513,-1.84,-1.9014679697759975,0.1299424193591184,45.8353717133379,0.8392776658339166,23.273891485057298,-0.42524450726524843,0.001,0.9999999999998953,9240.208419527517,3.819736993828248,769,"2026-10-04T10:41:41.703026Z"
"NC_000913.3","fork1",1539,3926514,-1.28,-1.3896781421493287,0.19945914459223538,45.89265612196568,0.8394112627369814,23.292726320981803,-0.5109431311671476,0.001,0.999999999999895,-641.4716354639581,3.8247041500367978,770,"2026-10-04T10:41:41.704026Z"
"NC_000913.3","fork1",1541,3926515,-1.45,1.6006567886666603,0.832110160392121,46.03721341272372,0.8399676379723399,23.323295368503548,-1.288578810939208,0.001,0.9999999999998943,-1397.682050443991,3.8296713062869316,771,"2026-10-04T10:41:41.705027Z"
"NC_000913.3","fork1",1543,3926516,-1.44,-1.5689622110986612,0.1723643870770019,46.090847711565374,0.8400826909933927,23.341612576394013,-0.4788464497824729,0.001,0.9999999999998939,7037.906121428374,3.8346384625311094,772,"2026-10-04T10:41:41.706027Z"
"NC_000913.3","fork1",1545,3926517,-1.45,1.6006567886666603,0.832110160392121,46.23560492795649,0.8406371816365851,23.37214174395262,-1.2915342792977622,0.001,0.9999999999998935,-1465.6475082003685,3.8396056188169982,773,"2026-10-04T10:41:41.707026Z"
"NC_000913.3","fork1",1547,3926518,-1.84,1.7785320302240026,0.8555155067192858,46.38372584918514,0.8412056432803028,23.403069760852258,-1.3219019621022472,0.001,0.9999999999998934,-53.420812362786485,3.8445727751404983,774,"2026-10-04T10:41:41.708026Z"
"NC_000913.3","fork1",1549,3926519,-1.3,1.4024466162933291,0.8025718425954855,46.52465914287831,0.8417374291455694,23.432987435567494,-1.258251148952194,0.001,0.9999999999998936,119.69256294193669,3.849539931497706,775,"2026-10-04T10:41:41.709027Z"
"NC_000913.3","fork1",1551,3926520,-1.0,1.0445944094453317,0.7397355271799415,46.657021701647125,0.8422262980237036,23.461718932064098,-1.18223301580767,0.001,0.9999999999998932,155.4980006799417,3.854507087884791,776,"2026-10-04T10:41:41.710027Z"
"NC_000913.3","fork1",1553,3926521,-1.0,1.0445944094453317,0.7397355271799415,46.78949679357204,0.8427139389749154,23.49042400942959,-1.183618493724575,0.001,0.9999999999998929,-2.841184509755015,3.859474244302083,777,"2026-10-04T10:41:41.711026Z"
"NC_000913.3","fork1",1555,3926522,-1.0,1.0445944094453317,0.7397355271799415,46.922084328638164,0.843200353340383,23.519102640864098,-1.184993021236159,0.001,0.9999999999998922,-2.8258365894737087,3.864441400749357,778,"2026-10-04T10:41:41.712027Z"
"NC_000913.3","fork1",1557,3926523,-1.28,1.1703218578506713,0.7632031881188912,47.058037674092716,0.8437009147655405,23.5481838488043,-1.2153876644939474,0.001,0.9999999999998919,-60.72110580279525,3.8694085572278976,779,"2026-10-04T10:41:41.713027Z"
"NC_000913.3","fork1",1559,3926524,-1.44,-1.5689622110986612,0.1723643870770019,47.11214351528536,0.8438137828685838,23.566445623394184,-0.48438545560965646,0.001,0.9999999999998923,6476.60578298472,3.8743757136993953,780,"2026-10-04T10:41:41.714027Z"
"NC_000913.3","fork1",1561,3926525,-0.58,-0.40523812514667396,0.4000544771470622,47.19786713665143,0.8440754916159176,23.588861305146335,-0.7675347292050163,0.001,0.9999999999998913,-1081.9251418992026,3.8793428701843697,781,"2026-10-04T10:41:41.715027Z"
"NC_000913.3","fork1",1563,3926526,-0.88,-1.11502459031999,0.24693533677668908,47.262373894622804,0.8442368539435183,23.60847057450712,-0.5779994508185965,0.001,0.9999999999998912,1174.5943505186888,3.8843100266706556,782,"2026-10-04T10:41:41.716027Z"
"NC_000913.3","fork1",1565,3926527,-1.45,1.6006567886666603,0.832110160392121,47.40823936484082,0.8447796020075692,23.638747932121156,-1.3061824476869695,0.001,0.9999999999998909,-1341.6593169094003,3.889277183197308,783,"2026-10-04T10:41:41.717027Z"
"NC_000913.3","fork1",1567,3926528,-1.84,1.7785320302240026,0.8555155067192858,47.55748842735155,0.845336005884511,23.669417408699353,-1.3367218311662965,0.001,0.9999999999998905,-54.88707887368401,3.8942443397595006,784,"2026-10-04T10:41:41.718027Z"
"NC_000913.3","fork1",1569,3926529,-1.84,1.7785320302240026,0.8555155067192858,47.70686991469059,0.8458907791183596,23.70005144264517,-1.3381785932993482,0.001,0.9999999999998906,-2.625869534017662,3.8992114963567044,785,"2026-10-04T10:41:41.719026Z"
"NC_000913.3","fork1",1571,3926530,-1.3,1.4024466162933291,0.8025718425954855,47.84901092988429,0.8464097396899363,23.729691631233763,-1.2736940033148785,0.001,0.9999999999998906,124.25720472089394,3.904178652985215,786,"2026-10-04T10:41:41.720026Z"
"NC_000913.3","fork1",1573,3926531,-0.88,-1.11502459031999,0.24693533677668908,47.913849160298156,0.8465691254661198,23.749253406915788,-0.5817649926306311,0.001,0.9999999999998899,4341.221828272261,3.909145809609834,787,"2026-10-04T10:41:41.721026Z"
"NC_000913.3","fork1",1575,3926532,-1.0,-0.9554055905546683,0.277799014514135,47.98301522904243,0.8467482704755613,23.76936594513005,-0.62087091286153,0.001,0.9999999999998892,-218.29198788632783,3.914112966238926,788,"2026-10-04T10:41:41.722027Z"
"NC_000913.3","fork1",1577,3926533,-0.58,-0.40523812514667396,0.4000544771470622,48.06926855382633,0.8470059536663255,23.791681361576742,-0.7744414288499123,0.001,0.9999999999998889,-595.9663706933441,3.9190801228799375,789,"2026-10-04T10:41:41.723026Z"
"NC_000913.3","fork1",1579,3926534,-1.0,1.0445944094453317,0.7397355271799415,48.20299657760141,0.8474814970376483,23.820119768957188,-1.200384338009167,0.001,0.9999999999998888,-895.6972903951973,3.9240472795530903,790,"2026-10-04T10:41:41.724026Z"
"NC_000913.3","fork1",1581,3926535,-1.0,1.0445944094453317,0.7397355271799415,48.3368360212293,0.8479558276340922,23.84853144460661,-1.2016489584869414,0.001,0.9999999999998882,-2.6661161798448245,3.9290144362541484,791,"2026-10-04T10:41:41.725027Z"
"NC_000913.3","fork1",1583,3926536,-1.0,1.0445944094453317,0.7397355271799415,48.470786797757995,0.8484289468994177,23.87691636659186,-1.2029026366007405,0.001,0.9999999999998879,-2.649814128656091,3.9339815929828874,792,"2026-10-04T10:41:41.726027Z"
"NC_000913.3","fork1",1585,3926537,-1.0,1.0445944094453317,0.7397355271799415,48.60484882003486,0.8489008562863314,23.905274513347784,-1.2041453735529044,0.001,0.9999999999998876,-2.633422827826254,3.9389487497390756,793,"2026-10-04T10:41:41.727026Z"
"NC_000913.3","fork1",1587,3926538,-1.0,1.0445944094453317,0.7397355271799415,48.739022001104,0.8493715572564139,23.933605863727166,-1.205377174386974,0.001,0.9999999999998879,-2.616949852161074,3.943915906522519,794,"2026-10-04T10:41:41.728027Z"
"NC_000913.3","fork1",1589,3926539,-1.28,1.1703218578506713,0.7632031881188912,48.87659295298746,0.8498559259573769,23.962329798834528,-1.2360711445091195,0.001,0.999999999999888,-63.369020461313426,3.948883063334462,795,"2026-10-04T10:41:41.729027Z"
"NC_000913.3","fork1",1591,3926540,-2.24,-2.2677208491146654,0.09383182322637987,48.92047311385445,0.8499153879385156,23.979073362350682,-0.39486641957813573,0.001,0.9999999999998864,14146.934037880117,3.953850220131711,796,"2026-10-04T10:41:41.730027Z"
"NC_000913.3","fork1",1593,3926541,-1.84,-1.9014679697759975,0.1299424193591184,48.96941422016309,0.8499977014734891,23.996454697567778,-0.44062742352714346,0.001,0.9999999999998862,-555.935350896606,3.9588173769255857,797,"2026-10-04T10:41:41.731026Z"
"NC_000913.3","fork1",1595,3926542,-2.17,-2.077195418181337,0.11133314431997621,49.01574773262378,0.8500681971712396,24.013495663931934,-0.4173950987605137,0.001,0.9999999999998856,329.5566326450865,3.963784533714441,798,"2026-10-04T10:41:41.732027Z"
"NC_000913.3","fork1",1597,3926543,-1.3,1.4024466162933291,0.8025718425954855,49.1591343559098,0.8505755753169867,24.04287885185375,-1.290587453247817,0.001,0.9999999999998853,-1720.989289362434,3.9687516905426006,799,"2026-10-04T10:41:41.733027Z"
"NC_000913.3","fork1",1599,3926544,-0.88,-1.11502459031999,0.24693533677668908,49.22458028843989,0.8507314004530978,24.062327171806732,-0.589808346815827,0.001,0.999999999999885,4497.214787813542,3.973718847365053,800,"2026-10-04T10:41:41.734027Z"
"NC_000913.3","fork1",1601,3926545,-1.3,-1.197553383706671,0.23191074185089536,49.287938204560234,0.8508776224952539,24.081499815926183,-0.5712764955760248,0.001,0.9999999999998843,126.73774053859972,3.9786860041885115,801,"2026-10-04T10:41:41.735027Z"
"NC_000913.3","fork1",1603,3926546,-1.45,-1.2993432113333396,0.21427557416581033,49.348836922700194,0.8510126203678448,24.100350379697492,-0.5493848021397886,0.001,0.9999999999998841,162.16324758378911,3.9836531610120596,802,"2026-10-04T10:41:41.736026Z"
"NC_000913.3","fork1",1605,3926547,-1.28,1.1703218578506713,0.7632031881188912,49.48701843420114,0.8514926346466902,24.128973142541206,-1.2457682681351994,0.001,0.9999999999998834,-1450.7557309968863,3.988620317870902,803,"2026-10-04T10:41:41.737026Z"
"NC_000913.3","fork1",1607,3926548,-1.84,1.7785320302240026,0.8555155067192858,49.638316061390206,0.8520291899036746,24.159206699891506,-1.3639272335801833,0.001,0.9999999999998832,-220.2177015449975,3.9935874747629674,804,"2026-10-04T10:41:41.738027Z"
"NC_000913.3","fork1",1609,3926549,-1.84,1.7785320302240026,0.8555155067192858,49.78974435936707,0.8525641422559579,24.189404358111357,-1.3651805200063856,0.001,0.9999999999998833,-2.342800103323157,3.9985546316866274,805,"2026-10-04T10:41:41.739026Z"
"NC_000913.3","fork1",1611,3926550,-2.24,-2.2677208491146654,0.09383182322637987,49.83389223723585,0.8526227176889116,24.206087157471174,-0.39866119469641714,0.001,0.9999999999998828,16500.42136390838,4.003521788593158,806,"2026-10-04T10:41:41.740026Z"
"NC_000913.3","fork1",1613,3926551,-1.28,-1.3896781421493287,0.19945914459223538,49.89294192842442,0.8527471680603793,24.224634059728725,-0.5334058262625796,0.001,0.9999999999998819,-1082.7177932622492,4.00848894550069,807,"2026-10-04T10:41:41.741027Z"
"NC_000913.3","fork1",1615,3926552,-1.0,-0.9554055905546683,0.277799014514135,49.96306835974976,0.852920352859123,24.24456133358074,-0.6336669936360493,0.001,0.9999999999998812,-578.9259109388152,4.013456102412627,808,"2026-10-04T10:41:41.742027Z"
"NC_000913.3","fork1",1617,3926553,-1.45,1.6006567886666603,0.832110160392121,50.11153730092361,0.8534380964821372,24.27428565824719,-1.3405916387975703,0.001,0.9999999999998813,-1365.39517579378,4.0184232593629945,809,"2026-10-04T10:41:41.743026Z"
"NC_000913.3","fork1",1619,3926554,-1.3,1.4024466162933291,0.8025718425954855,50.25595666376499,0.8539360301834246,24.303455114125395,-1.3041598659825828,0.001,0.9999999999998817,73.16591088491505,4.023390416341241,810,"2026-10-04T10:41:41.744026Z"
"NC_000913.3","fork1",1621,3926555,-0.88,-1.11502459031999,0.24693533677668908,50.321899629993105,0.8540889520758399,24.322807556304817,-0.5962195797627873,0.001,0.9999999999998808,4629.4240480429535,4.0283575733122925,811,"2026-10-04T10:41:41.745027Z"
"NC_000913.3","fork1",1623,3926556,-1.45,1.6006567886666603,0.832110160392121,50.47069320597763,0.854603283296405,24.35245468385393,-1.3442369633930573,0.001,0.9999999999998801,-1454.3495586529164,4.033324730322019,812,"2026-10-04T10:41:41.746027Z"
"NC_000913.3","fork1",1625,3926557,-1.84,1.7785320302240026,0.8555155067192858,50.62292756579291,0.8551305119311967,24.3824783723772,-1.3752752792869312,0.001,0.9999999999998803,-58.87069450644696,4.03829188736237,813,"2026-10-04T10:41:41.747026Z"
"NC_000913.3","fork1",1627,3926558,-1.44,-1.5689622110986612,0.1723643870770019,50.678478403963375,0.8552365425630487,24.400494285067968,-0.5025687220827316,0.001,0.9999999999998795,8230.702222187923,4.043259044389368,814,"2026-10-04T10:41:41.748027Z"
"NC_000913.3","fork1",1629,3926559,-0.58,-0.40523812514667396,0.4000544771470622,50.76632726137636,0.855482389194845,24.422496195715656,-0.794770563434456,0.001,0.9999999999998795,-1188.5533644156703,4.048226201428661,815,"2026-10-04T10:41:41.749027Z"
"NC_000913.3","fork1",1631,3926560,-1.44,1.3110377889013387,0.7876867636969223,50.90922774069027,0.8559654343826603,24.451273258563848,-1.2921623062405736,0.001,0.9999999999998791,-1029.7002337518893,4.053193358501002,816,"2026-10-04T10:41:41.750027Z"
"NC_000913.3","fork1",1633,3926561,-2.17,-2.077195418181337,0.11133314431997621,50.95621951088788,0.8560336004861814,24.46819949744062,-0.42554443200582015,0.001,0.9999999999998782,12713.32567756773,4.058160515556876,817,"2026-10-04T10:41:41.751027Z"
"NC_000913.3","fork1",1635,3926562,-2.24,-2.2677208491146654,0.09383182322637987,51.00072524061806,0.8560910301900229,24.484811888926483,-0.4032597128172327,0.001,0.9999999999998779,388.03472241642754,4.0631276726066385,818,"2026-10-04T10:41:41.752027Z"
"NC_000913.3","fork1",1637,3926563,-1.45,-1.2993432113333396,0.21427557416581033,51.062349354502885,0.8562221059562936,24.50352475210467,-0.5585242151554368,0.001,0.9999999999998772,-1184.5401080284828,4.068094829658229,819,"2026-10-04T10:41:41.753027Z"
"NC_000913.3","fork1",1639,3926564,-0.88,-1.11502459031999,0.24693533677668908,51.128637064004806,0.8563730369956564,24.522801630034724,-0.601019624032309,0.001,0.9999999999998769,-281.5551331010232,4.073061986711675,820,"2026-10-04T10:41:41.754027Z"
"NC_000913.3","fork1",1641,3926565,-1.45,1.6006567886666603,0.832110160392121,51.278233013602794,0.8568806660546159,24.552295143806113,-1.355225095999315,0.001,0.9999999999998764,-1485.7413275609163,4.07802914380345,821,"2026-10-04T10:41:41.755026Z"
"NC_000913.3","fork1",1643,3926566,-1.3,1.4024466162933291,0.8025718425954855,51.42374762388753,0.857368858548424,24.58124001164682,-1.3182911679209055,0.001,0.9999999999998761,75.65443661434736,4.082996300921399,822,"2026-10-04T10:41:41.756026Z"
"NC_000913.3","fork1",1645,3926567,-0.88,-1.11502459031999,0.24693533677668908,51.49020558505733,0.8575187861040968,24.600488695005716,-0.6027907864066625,0.001,0.999999999999876,4772.307387414751,4.087963458030643,823,"2026-10-04T10:41:41.757026Z"
"NC_000913.3","fork1",1647,3926568,-1.3,-1.197553383706671,0.23191074185089536,51.55454503331052,0.8576594717469359,24.619468232247762,-0.5838358509508028,0.001,0.999999999999875,134.73255033948018,4.09293061514005,824,"2026-10-04T10:41:41.758027Z"
"NC_000913.3","fork1",1649,3926569,-2.17,-2.077195418181337,0.11133314431997621,51.60170278935086,0.8577269693840693,24.636341444370235,-0.42821765053120675,0.001,0.9999999999998742,2305.5355272951356,4.097897772242285,825,"2026-10-04T10:41:41.759026Z"
"NC_000913.3","fork1",1651,3926570,-1.84,1.7785320302240026,0.8555155067192858,51.75509787743418,0.8582447499255877,24.6661491588547,-1.3913764881665336,0.001,0.9999999999998744,-1860.1680835877514,4.102864929386533,826,"2026-10-04T10:41:41.760026Z"
"NC_000913.3","fork1",1653,3926571,-1.84,1.7785320302240026,0.8555155067192858,51.9086218595193,0.8587609563803014,24.695920583957076,-1.3924317359729048,0.001,0.9999999999998741,-2.0442359771666534,4.107832086559197,827,"2026-10-04T10:41:41.761027Z"
"NC_000913.3","fork1",1655,3926572,-1.44,-1.5689622110986612,0.1723643870770019,51.96463222745705,0.8588647684216071,24.713834311491603,-0.5087173431214872,0.001,0.9999999999998735,8512.638627815388,4.112799243716866,828,"2026-10-04T10:41:41.762027Z"
"NC_000913.3","fork1",1657,3926573,-1.0,-0.9554055905546683,0.277799014514135,52.03573221003834,0.8590319476788608,24.733567122717613,-0.6459195305295551,0.001,0.9999999999998728,-820.6890595274618,4.117766400878824,829,"2026-10-04T10:41:41.763026Z"
"NC_000913.3","fork1",1659,3926574,-1.0,-0.9554055905546683,0.277799014514135,52.10686118832996,0.8591989613714913,24.753291972993306,-0.646425685919013,0.001,0.9999999999998722,-3.0306221093959724,4.122733558043106,830,"2026-10-04T10:41:41.764027Z"
"NC_000913.3","fork1",1661,3926575,-1.0,-0.9554055905546683,0.277799014514135,52.17801915325157,0.8593658095865615,24.773008867222728,-0.646930902901832,0.001,0.999999999999872,-3.0280035216829546,4.127700715209696,831,"2026-10-04T10:41:41.765027Z"
"NC_000913.3","fork1",1663,3926576,-1.45,1.6006567886666603,0.832110160392121,52.328624619275935,0.8598645920053272,24.80229700739119,-1.3680639985781888,0.001,0.9999999999998715,-1445.7869173916422,4.132667872413547,832,"2026-10-04T10:41:41.766027Z"
"NC_000913.3","fork1",1665,3926577,-2.24,-2.2677208491146654,0.09383182322637987,52.37351464368492,0.8599207435611809,24.81881841201097,-0.40839641684055494,0.001,0.9999999999998711,17090.66769651026,4.13763502959741,833,"2026-10-04T10:41:41.767026Z"
"NC_000913.3","fork1",1667,3926578,-1.45,-1.2993432113333396,0.21427557416581033,52.43567916590501,0.8600489013713373,24.83741228869714,-0.5656991603911681,0.001,0.9999999999998704,-1227.4144147644265,4.14260218678304,834,"2026-10-04T10:41:41.768027Z"
"NC_000913.3","fork1",1669,3926579,-1.28,1.1703218578506713,0.7632031881188912,52.57665056278427,0.860504574348359,24.865465654453022,-1.2818236621890855,0.001,0.9999999999998702,-1571.5755331344149,4.147569344002688,835,"2026-10-04T10:41:41.769027Z"
"NC_000913.3","fork1",1671,3926580,-1.84,1.7785320302240026,0.8555155067192858,52.730992033716674,0.8610138842369465,24.89507670980455,-1.4030330972270209,0.001,0.9999999999998701,-237.9875941032822,4.152536501251382,836,"2026-10-04T10:41:41.770027Z"
"NC_000913.3","fork1",1673,3926581,-1.3,1.4024466162933291,0.8025718425954855,52.87785339096681,0.8614902569471952,24.923743572828016,-1.3350033352872988,0.001,0.9999999999998694,142.80784872039874,4.157503658523687,837,"2026-10-04T10:41:41.771027Z"
"NC_000913.3","fork1",1675,3926582,-1.44,1.3110377889013387,0.7876867636969223,53.02269334813577,0.8619564613951171,24.952123654935825,-1.3165332380155563,0.001,0.9999999999998692,39.618020278598706,4.1624708158194546,838,"2026-10-04T10:41:41.772027Z"
"NC_000913.3","fork1",1677,3926583,-2.17,-2.077195418181337,0.11133314431997621,53.070338721961285,0.8620222492142373,24.968912716776018,-0.4336899620073161,0.001,0.9999999999998685,13419.555288714857,4.167437973096247,839,"2026-10-04T10:41:41.773026Z"
"NC_000913.3","fork1",1679,3926584,-1.3,1.4024466162933291,0.8025718425954855,53.217496057034964,0.862495717718915,24.997510865723786,-1.3380811811883624,0.001,0.9999999999998682,-1910.140189360115,4.1724051304112635,840,"2026-10-04T10:41:41.774027Z"
"NC_000913.3","fork1",1681,3926585,-0.88,-1.11502459031999,0.24693533677668908,53.28473425412561,0.8626411195377102,25.016602580293352,-0.6120765111505465,0.001,0.9999999999998684,4993.092081334018,4.177372287715281,841,"2026-10-04T10:41:41.775026Z"
"NC_000913.3","fork1",1683,3926586,-1.3,-1.197553383706671,0.23191074185089536,53.34983037665579,0.8627775567591809,25.03543033887788,-0.5928177153784178,0.001,0.9999999999998666,141.15499835403622,4.182339445018826,842,"2026-10-04T10:41:41.776026Z"
"NC_000913.3","fork1",1685,3926587,-1.45,-1.2993432113333396,0.21427557416581033,53.412404071375526,0.8629035175828322,25.053949795260127,-0.5700882469805045,0.001,0.9999999999998664,180.44871206008227,4.187306602321113,843,"2026-10-04T10:41:41.777026Z"
"NC_000913.3","fork1",1687,3926588,-1.0,1.0445944094453317,0.7397355271799415,53.550821500219186,0.8633376201500106,25.081416791623973,-1.2600817891833147,0.001,0.9999999999998666,-1589.4712318513552,4.192273759655464,844,"2026-10-04T10:41:41.778027Z"
"NC_000913.3","fork1",1689,3926589,-0.88,-1.11502459031999,0.24693533677668908,53.61819155783243,0.8634822726236815,25.100475954815266,-0.6139353947038324,0.001,0.9999999999998657,4466.887970056571,4.197240916979799,845,"2026-10-04T10:41:41.779026Z"
"NC_000913.3","fork1",1691,3926590,-1.45,1.6006567886666603,0.832110160392121,53.770127978015616,0.8639687663523011,25.1294741060256,-1.3832459666094419,0.001,0.999999999999865,-1581.3370792844994,4.202208074341192,846,"2026-10-04T10:41:41.780026Z"
"NC_000913.3","fork1",1693,3926591,-1.44,-1.5689622110986612,0.1723643870770019,53.82681484834668,0.8640693564928593,25.147249175598244,-0.5167643154832849,0.001,0.9999999999998653,8613.981910333738,4.20717523168565,847,"2026-10-04T10:41:41.781027Z"
"NC_000913.3","fork1",1695,3926592,-1.3,-1.197553383706671,0.23191074185089536,53.892125482403614,0.8642045983825378,25.166028010205274,-0.5955547126497576,0.001,0.9999999999998643,-582.5887034983878,4.212142389031098,848,"2026-10-04T10:41:41.782027Z"
"NC_000913.3","fork1",1697,3926593,-1.28,-1.3896781421493287,0.19945914459223538,53.95276019897275,0.8643208249491193,25.18424868015069,-0.5531630573319223,0.001,0.9999999999998641,364.73292264130674,4.217109546374219,849,"2026-10-04T10:41:41.783026Z"
"NC_000913.3","fork1",1699,3926594,-1.3,-1.197553383706671,0.23191074185089536,54.01810970962423,0.8644558558917969,25.203012839992038,-0.5963710784311087,0.001,0.9999999999998636,-319.986073135645,4.22207670371777,850,"2026-10-04T10:41:41.784027Z"
"NC_000913.3","fork1",1701,3926595,-2.17,-2.077195418181337,0.11133314431997621,54.06600822830068,0.8645206397869657,25.21972367491167,-0.43739789613069535,0.001,0.9999999999998629,2453.899721313381,4.227043861053489,851,"2026-10-04T10:41:41.785027Z"
"NC_000913.3","fork1",1703,3926596,-1.84,1.7785320302240026,0.8555155067192858,54.221803129411285,0.8650175867736896,25.249042422027607,-1.4209497526372532,0.001,0.9999999999998624,-1979.1886917166808,4.232011018430597,852,"2026-10-04T10:41:41.786027Z"
"NC_000913.3","fork1",1705,3926597,-1.44,-1.5689622110986612,0.1723643870770019,54.27861942349947,0.8651175224305977,25.26677434612828,-0.5188945333681773,0.001,0.9999999999998619,9026.360031818149,4.236978175789834,853,"2026-10-04T10:41:41.787026Z"
"NC_000913.3","fork1",1707,3926598,-1.45,1.6006567886666603,0.832110160392121,54.43121254522965,0.8655990958219026,25.2956536914647,-1.3920875376733888,0.001,0.999999999999862,-1813.2085785285449,4.24194533318757,854,"2026-10-04T10:41:41.788027Z"
"NC_000913.3","fork1",1709,3926599,-1.84,1.7785320302240026,0.8555155067192858,54.587327863232865,0.8660926996914369,25.32489261969558,-1.4238304781454962,0.001,0.9999999999998612,-64.30853247171734,4.246912490610348,855,"2026-10-04T10:41:41.789027Z"
"NC_000913.3","fork1",1711,3926600,-1.3,1.4024466162933291,0.8025718425954855,54.735875750380075,0.8665543627810884,25.353205263408366,-1.3546365862937981,0.001,0.9999999999998611,149.87962737918124,4.251879648054031,856,"2026-10-04T10:41:41.790027Z"
"NC_000913.3","fork1",1713,3926601,-1.44,1.3110377889013387,0.7876867636969223,54.882376766196344,0.867006153514744,25.381236027909587,-1.3357371870278467,0.001,0.9999999999998608,41.832197648305986,4.2568468055186335,857,"2026-10-04T10:41:41.791026Z"
"NC_000913.3","fork1",1715,3926602,-1.28,-1.3896781421493287,0.19945914459223538,54.94340815859278,0.8671203509351442,25.39938494714767,-0.5571081644685426,0.001,0.9999999999998606,6818.271549660674,4.261813962967606,858,"2026-10-04T10:41:41.792026Z"
"NC_000913.3","fork1",1717,3926603,-1.45,1.6006567886666603,0.832110160392121,55.096556347925166,0.8675958679936547,25.428118924965435,-1.3964490253910562,0.001,0.9999999999998601,-1765.1119889400627,4.266781120454069,859,"2026-10-04T10:41:41.793026Z"
"NC_000913.3","fork1",1719,3926604,-1.3,1.4024466162933291,0.8025718425954855,55.24552418926611,0.8680531382323189,25.456325411191123,-1.3580721359166137,0.001,0.9999999999998597,83.92605997397695,4.271748277961119,860,"2026-10-04T10:41:41.794027Z"
"NC_000913.3","fork1",1721,3926605,-1.0,1.0445944094453317,0.7397355271799415,55.38545091225977,0.8684734204093787,25.483453554464464,-1.27553165609576,0.001,0.9999999999998597,196.39300528584735,4.2767154354852845,861,"2026-10-04T10:41:41.795026Z"
"NC_000913.3","fork1",1723,3926606,-0.88,-1.11502459031999,0.24693533677668908,55.453616929217915,0.8686134640985343,25.50235968951534,-0.621988307668345,0.001,0.999999999999859,4666.710455627996,4.281682592997233,862,"2026-10-04T10:41:41.796026Z"
"NC_000913.3","fork1",1725,3926607,-1.0,-0.9554055905546683,0.277799014514135,55.52630966359569,0.8687708601174763,25.521771769889092,-0.6634603207666414,0.001,0.9999999999998583,-263.48832312967033,4.286649750510781,863,"2026-10-04T10:41:41.797027Z"
"NC_000913.3","fork1",1727,3926608,-1.0,-0.9554055905546683,0.277799014514135,55.5990307305886,0.8689280960344892,25.541175935018,-0.6639124011578562,0.001,0.9999999999998577,-2.8751725420200867,4.2916169080251745,864,"2026-10-04T10:41:41.798027Z"
"NC_000913.3","fork1",1729,3926609,-1.3,-1.197553383706671,0.23191074185089536,55.66507639510743,0.8690592363645311,25.559809403213045,-0.6032088153200847,0.001,0.9999999999998571,462.8902933092412,4.296584065537553,865,"2026-10-04T10:41:41.799026Z"
"NC_000913.3","fork1",1731,3926610,-1.45,-1.2993432113333396,0.21427557416581033,55.72856485224487,0.8691803053355389,25.578142412082904,-0.5800724367422527,0.001,0.9999999999998568,191.10081125852952,4.301551223047951,866,"2026-10-04T10:41:41.800026Z"
"NC_000913.3","fork1",1733,3926611,-0.88,-1.11502459031999,0.24693533677668908,55.7968476124311,0.8693197096185393,25.597010887967446,-0.6240487734038794,0.001,0.9999999999998561,-315.4590068190172,4.306518380558833,867,"2026-10-04T10:41:41.801027Z"
"NC_000913.3","fork1",1735,3926612,-1.3,-1.197553383706671,0.23191074185089536,55.86295475569592,0.8694505169980737,25.615622305054416,-0.6043789028421701,0.001,0.9999999999998552,150.37278960652466,4.311485538068461,868,"2026-10-04T10:41:41.802027Z"
"NC_000913.3","fork1",1737,3926613,-1.45,-1.2993432113333396,0.21427557416581033,55.92650022540723,0.869571278483893,25.633933521992265,-0.5811763060081114,0.001,0.9999999999998549,192.13573497081592,4.316452695576116,869,"2026-10-04T10:41:41.803026Z"
"NC_000913.3","fork1",1739,3926614,-1.0,1.0445944094453317,0.7397355271799415,56.06704822706675,0.8699874492798307,25.66095365163827,-1.2842799603281072,0.001,0.9999999999998544,-1689.4593786567673,4.321419853114821,870,"2026-10-04T10:41:41.804027Z"
"NC_000913.3","fork1",1741,3926615,-0.88,-1.11502459031999,0.24693533677668908,56.13546082916539,0.870126121971445,25.679789713342828,-0.6257295966722127,0.001,0.9999999999998538,4748.954938350071,4.326387010640782,871,"2026-10-04T10:41:41.805027Z"
"NC_000913.3","fork1",1743,3926616,-1.0,-0.9554055905546683,0.277799014514135,56.20842351367728,0.8702819765028307,25.69912938377415,-0.6675050026027902,0.001,0.9999999999998535,-268.0410095180519,4.33135416816825,872,"2026-10-04T10:41:41.806027Z"
"NC_000913.3","fork1",1745,3926617,-1.45,1.6006567886666603,0.832110160392121,56.36276626522081,0.8707478659735262,25.727626331127944,-1.410546368330783,0.001,0.9999999999998531,-1594.8876556896228,4.33632132573079,873,"2026-10-04T10:41:41.807027Z"
"NC_000913.3","fork1",1747,3926618,-1.44,-1.5689622110986612,0.1723643870770019,56.42034935976583,0.8708441926014056,25.74520506498174,-0.5269113794910383,0.001,0.9999999999998522,9173.32007039728,4.341288483273285,874,"2026-10-04T10:41:41.808027Z"
"NC_000913.3","fork1",1749,3926619,-1.0,-0.9554055905546683,0.277799014514135,56.493434461984805,0.8709993131695668,25.764517775330056,-0.6688513718705293,0.001,0.9999999999998521,-915.030121807854,4.346255640819133,875,"2026-10-04T10:41:41.809027Z"
"NC_000913.3","fork1",1751,3926620,-1.0,-0.9554055905546683,0.277799014514135,56.56654776553742,0.8711542749973596,25.783822618477792,-0.66929005455976,0.001,0.9999999999998516,-2.8309080725162987,4.351222798365622,876,"2026-10-04T10:41:41.810027Z"
"NC_000913.3","fork1",1753,3926621,-1.45,1.6006567886666603,0.832110160392121,56.72122724104214,0.8716174937209452,25.812253052426815,-1.414461879899172,0.001,0.9999999999998512,-1608.6824374700832,4.356189955946989,877,"2026-10-04T10:41:41.811026Z"
"NC_000913.3","fork1",1755,3926622,-1.84,1.7785320302240026,0.8555155067192858,56.87947268720451,0.8720922604419128,25.841032916522227,-1.446489211218505,0.001,0.9999999999998512,-67.45909075948104,4.361157113550143,878,"2026-10-04T10:41:41.812026Z"
"NC_000913.3","fork1",1757,3926623,-1.3,1.4024466162933291,0.8025718425954855,57.030046326495594,0.8725362833796191,25.868908935309427,-1.3760137097374452,0.001,0.9999999999998505,158.72040720490355,4.366124271170925,879,"2026-10-04T10:41:41.813026Z"
"NC_000913.3","fork1",1759,3926624,-0.88,-1.11502459031999,0.24693533677668908,57.09886336351393,0.8726726353427606,25.8876645861995,-0.6295188446347876,0.001,0.9999999999998499,5474.764337112838,4.37109142877618,880,"2026-10-04T10:41:41.814027Z"
"NC_000913.3","fork1",1761,3926625,-1.3,-1.197553383706671,0.23191074185089536,57.16548819486872,0.8728005776151664,25.906166863297063,-0.6096647002681924,0.001,0.9999999999998492,155.18048877254307,4.376058586379772,881,"2026-10-04T10:41:41.815026Z"
"NC_000913.3","fork1",1763,3926626,-1.28,-1.3896781421493287,0.19945914459223538,57.2273462745325,0.8729105288823148,25.924130802207454,-0.5662635417011059,0.001,0.9999999999998489,394.730862978631,4.381025743980104,882,"2026-10-04T10:41:41.816026Z"
"NC_000913.3","fork1",1765,3926627,-1.0,-0.9554055905546683,0.277799014514135,57.300782302164556,0.8730635294544048,25.94336933272538,-0.6723533286981469,0.001,0.9999999999998481,-693.3947079272026,4.38599290158287,883,"2026-10-04T10:41:41.817027Z"
"NC_000913.3","fork1",1767,3926628,-1.45,1.6006567886666603,0.832110160392121,57.45610913354473,0.8735208806969117,25.971653667458817,-1.420564920522541,0.001,0.9999999999998478,-1635.9671129856151,4.39096005922011,884,"2026-10-04T10:41:41.818027Z"
"NC_000913.3","fork1",1769,3926629,-1.44,-1.5689622110986612,0.1723643870770019,57.51406778523404,0.8736154406632778,25.9891524427176,-0.530715619074581,0.001,0.9999999999998475,9410.42320174773,4.395927216836027,885,"2026-10-04T10:41:41.819026Z"
"NC_000913.3","fork1",1771,3926630,-1.0,-0.9554055905546683,0.277799014514135,57.58762544219297,0.8737677153266419,26.00836401812828,-0.6736277723002859,0.001,0.9999999999998471,-938.5156405435442,4.400894374455064,886,"2026-10-04T10:41:41.820027Z"
"NC_000913.3","fork1",1773,3926631,-1.45,1.6006567886666603,0.832110160392121,57.74321264678494,0.8742228949083176,26.036593683500815,-1.4232683542765758,0.001,0.9999999999998463,-1646.9117072793595,4.405861532108417,887,"2026-10-04T10:41:41.821027Z"
"NC_000913.3","fork1",1775,3926632,-1.3,1.4024466162933291,0.8025718425954855,57.89454809571707,0.8746605845179795,26.064309170718214,-1.3839208865715458,0.001,0.9999999999998463,89.89810778334449,4.410828689778853,888,"2026-10-04T10:41:41.822027Z"
"NC_000913.3","fork1",1777,3926633,-0.88,-1.11502459031999,0.24693533677668908,57.96370875553327,0.8747949901328208,26.08298835788499,-0.6330792595901436,0.001,0.9999999999998456,5586.385865409642,4.415795847432832,889,"2026-10-04T10:41:41.823026Z"
"NC_000913.3","fork1",1779,3926634,-0.58,-0.40523812514667396,0.4000544771470622,58.05558203603229,0.8750124755759834,26.10414230544118,-0.8408996814460266,0.001,0.9999999999998446,-955.5601461589711,4.420763005095214,890,"2026-10-04T10:41:41.824027Z"
"NC_000913.3","fork1",1781,3926635,-1.0,1.0445944094453317,0.7397355271799415,58.19786719512697,0.8754137721179603,26.130781982480485,-1.301345367712889,0.001,0.9999999999998445,-1147.3951008860172,4.425730162782512,891,"2026-10-04T10:41:41.825027Z"
"NC_000913.3","fork1",1783,3926636,-1.28,1.1703218578506713,0.7632031881188912,58.343738562604216,0.8758266408247961,26.157772492182357,-1.333648351771806,0.001,0.999999999999844,-78.2403304587739,4.430697320486409,892,"2026-10-04T10:41:41.826027Z"
"NC_000913.3","fork1",1785,3926637,-1.44,-1.5689622110986612,0.1723643870770019,58.40201819014857,0.8759197217967661,26.175212380126023,-0.5334196379623544,0.001,0.9999999999998436,8597.124598861386,4.435664478169848,893,"2026-10-04T10:41:41.827027Z"
"NC_000913.3","fork1",1787,3926638,-0.58,-0.40523812514667396,0.4000544771470622,58.49412394003461,0.8761355301711362,26.196316696521695,-0.8428471064443187,0.001,0.9999999999998436,-1433.806585982382,4.44063163586365,894,"2026-10-04T10:41:41.828027Z"
"NC_000913.3","fork1",1789,3926639,-1.44,1.3110377889013387,0.7876867636969223,58.64387991005508,0.8765595038645161,26.223647608947324,-1.3691931278942726,0.001,0.9999999999998428,-1241.4591510477374,4.4455987935849715,895,"2026-10-04T10:41:41.829026Z"
"NC_000913.3","fork1",1791,3926640,-1.45,-1.2993432113333396,0.21427557416581033,58.70849201646073,0.8766746221196189,26.24173948224689,-0.5913446366295185,0.001,0.9999999999998423,6756.951715174601,4.450565951287364,896,"2026-10-04T10:41:41.830027Z"
"NC_000913.3","fork1",1793,3926641,-0.88,-1.11502459031999,0.24693533677668908,58.7779800497743,0.8768071722038794,26.26034911078589,-0.6361087377217766,0.001,0.9999999999998417,-337.71461815357696,4.455533108989479,897,"2026-10-04T10:41:41.831026Z"
"NC_000913.3","fork1",1795,3926642,-1.45,1.6006567886666603,0.832110160392121,58.93459321702874,0.8772529314971603,26.28834081190032,-1.4319595542028694,0.001,0.9999999999998415,-1785.3824440167045,4.4605002667260925,898,"2026-10-04T10:41:41.832026Z"
"NC_000913.3","fork1",1797,3926643,-2.24,-2.2677208491146654,0.09383182322637987,58.98137318705363,0.8773031098365163,26.30447843467184,-0.42831175128544363,0.001,0.9999999999998406,20001.614557189103,4.465467424434831,899,"2026-10-04T10:41:41.833026Z"
"NC_000913.3","fork1",1799,3926644,-1.28,-1.3896781421493287,0.19945914459223538,59.04389043248979,0.8774097157662887,26.32230241759226,-0.5725024099491484,0.001,0.9999999999998397,-1352.5575825991725,4.470434582143892,900,"2026-10-04T10:41:41.834027Z"
"NC_000913.3","fork1",1801,3926645,-1.45,1.6006567886666603,0.832110160392121,59.2007488533001,0.8778535985485724,26.350245729137583,-1.4346161987644,0.001,0.9999999999998396,-1942.2104736296533,4.475401739888756,901,"2026-10-04T10:41:41.835026Z"
"NC_000913.3","fork1",1803,3926646,-1.84,1.7785320302240026,0.8555155067192858,59.3612183434634,0.8783085235041943,26.378527345830296,-1.4668603848375317,0.001,0.9999999999998391,-70.87803312317737,4.480368897651914,902,"2026-10-04T10:41:41.836026Z"
"NC_000913.3","fork1",1805,3926647,-1.3,1.4024466162933291,0.8025718425954855,59.513908588094026,0.8787339677569753,26.40593011268202,-1.3952194720113804,0.001,0.9999999999998391,168.39083465778126,4.485336055429154,903,"2026-10-04T10:41:41.837027Z"
"NC_000913.3","fork1",1807,3926648,-1.28,1.1703218578506713,0.7632031881188912,59.660833736571206,0.8791373526962524,26.432675694726086,-1.3420628780632504,0.001,0.9999999999998388,131.77634753393988,4.490303213219418,904,"2026-10-04T10:41:41.838027Z"
"NC_000913.3","fork1",1809,3926649,-1.3,1.4024466162933291,0.8025718425954855,59.813749483041924,0.879560296635439,26.460015002965548,-1.3960683573640476,0.001,0.9999999999998382,-127.68945076895149,4.4952703710260575,905,"2026-10-04T10:41:41.839026Z"
"NC_000913.3","fork1",1811,3926650,-1.28,1.1703218578506713,0.7632031881188912,59.960893475329506,0.879961308325164,26.486700138187636,-1.3428760033101486,0.001,0.9999999999998384,132.64539517634273,4.500237528845241,906,"2026-10-04T10:41:41.840027Z"
"NC_000913.3","fork1",1813,3926651,-2.24,-2.2677208491146654,0.09383182322637987,60.00801213342744,0.880010530931877,26.502795921728183,-0.4305631086676338,0.001,0.9999999999998375,18534.428701863882,4.505204686637353,907,"2026-10-04T10:41:41.841027Z"
"NC_000913.3","fork1",1815,3926652,-2.17,-2.077195418181337,0.11133314431997621,60.05774754241557,0.8800689118260586,26.5191612518457,-0.4546503000051351,0.001,0.9999999999998366,-412.5868860891054,4.510171844424276,908,"2026-10-04T10:41:41.842027Z"
"NC_000913.3","fork1",1817,3926653,-1.44,-1.5689622110986612,0.1723643870770019,60.11662297667471,0.8801592478986708,26.536483912219552,-0.5383389509408313,0.001,0.9999999999998361,-926.4145375783919,4.515139002209193,909,"2026-10-04T10:41:41.843027Z"
"NC_000913.3","fork1",1819,3926654,-1.3,-1.197553383706671,0.23191074185089536,60.184431033943255,0.8802806994287122,26.5547401727573,-0.6201261435168111,0.001,0.9999999999998354,-673.4142628594655,4.520106159993817,910,"2026-10-04T10:41:41.844027Z"
"NC_000913.3","fork1",1821,3926655,-2.17,-2.077195418181337,0.11133314431997621,60.23418185873016,0.8803389667465955,26.571085372647712,-0.4552403381660771,0.001,0.9999999999998347,2829.816290515404,4.525073317768982,911,"2026-10-04T10:41:41.845027Z"
"NC_000913.3","fork1",1823,3926656,-1.3,1.4024466162933291,0.8025718425954855,60.38762169658424,0.8807582761168092,26.598327700855172,-1.402143833384922,0.001,0.9999999999998342,-2258.2454924300787,4.53004047558037,912,"2026-10-04T10:41:41.846027Z"
"NC_000913.3","fork1",1825,3926657,-0.88,-1.11502459031999,0.24693533677668908,60.45778179482747,0.8808870334351433,26.61679665340605,-0.6417169574486628,0.001,0.9999999999998337,5905.8924632410635,4.5350076333724605,913,"2026-10-04T10:41:41.847026Z"
"NC_000913.3","fork1",1827,3926658,-1.3,-1.197553383706671,0.23191074185089536,60.525708129305976,0.8810078471121384,26.635021729407466,-0.6214502048393329,0.001,0.9999999999998331,167.75213794832035,4.539974791161877,914,"2026-10-04T10:41:41.848026Z"
"NC_000913.3","fork1",1829,3926659,-2.17,-2.077195418181337,0.11133314431997621,60.575537561065204,0.8810658083431788,26.65134161427072,-0.4561353926794835,0.001,0.9999999999998326,2852.161853577779,4.544941948941784,915,"2026-10-04T10:41:41.849026Z"
"NC_000913.3","fork1",1831,3926660,-1.3,1.4024466162933291,0.8025718425954855,60.729283161175935,0.8814829136447853,26.678525099829827,-1.4054624592386804,0.001,0.999999999999832,-2275.98897185667,4.549909106757855,916,"2026-10-04T10:41:41.850027Z"
"NC_000913.3","fork1",1833,3926661,-1.0,1.0445944094453317,0.7397355271799415,60.87369085871413,0.8818662403354565,26.70469153635748,-1.3196383427775094,0.001,0.9999999999998316,223.89287923283726,4.554876264584105,917,"2026-10-04T10:41:41.851026Z"
"NC_000913.3","fork1",1835,3926662,-1.44,1.3110377889013387,0.7876867636969223,61.02541831529531,0.8822732342254568,26.73157977096295,-1.3857556367196138,0.001,0.9999999999998312,-162.4527924535987,4.559843422425227,918,"2026-10-04T10:41:41.852026Z"
"NC_000913.3","fork1",1837,3926663,-2.17,-2.077195418181337,0.11133314431997621,61.0754121786591,0.8823306614087575,26.747876417634828,-0.4571662376322972,0.001,0.9999999999998308,16169.857996080558,4.564810580238642,919,"2026-10-04T10:41:41.853027Z"
"NC_000913.3","fork1",1839,3926664,-1.84,1.7785320302240026,0.8555155067192858,61.237525361241715,0.882771138600728,26.775785491418247,-1.4801884349464594,0.001,0.9999999999998307,-2322.531599735363,4.569777738091213,920,"2026-10-04T10:41:41.854027Z"
"NC_000913.3","fork1",1841,3926665,-2.24,-2.2677208491146654,0.09383182322637987,61.28494228636443,0.882819362451108,26.791797113500476,-0.43353186055102316,0.001,0.9999999999998294,21704.12702732378,4.574744895912605,921,"2026-10-04T10:41:41.855026Z"
"NC_000913.3","fork1",1843,3926666,-1.45,-1.2993432113333396,0.21427557416581033,61.35052237945119,0.8829294225631867,26.8096800474271,-0.5996610195871668,0.001,0.999999999999829,-1509.4402131568497,4.579712053735041,922,"2026-10-04T10:41:41.856026Z"
"NC_000913.3","fork1",1845,3926667,-1.44,1.3110377889013387,0.7876867636969223,61.50265084605994,0.8833332381631975,26.83648325763763,-1.3893517002644407,0.001,0.9999999999998289,-1955.5724956048446,4.584679211589093,923,"2026-10-04T10:41:41.857027Z"
"NC_000913.3","fork1",1847,3926668,-1.45,-1.2993432113333396,0.21427557416581033,61.568311821977005,0.8834428793488451,26.85434978072999,-0.6002389476376241,0.001,0.9999999999998278,7197.229289029265,4.589646369421197,924,"2026-10-04T10:41:41.858027Z"
"NC_000913.3","fork1",1849,3926669,-0.88,-1.11502459031999,0.24693533677668908,61.638923684762744,0.8835691210388321,26.8727169305383,-0.6456044266547406,0.001,0.9999999999998271,-359.3541802378762,4.594613527252295,925,"2026-10-04T10:41:41.859026Z"
"NC_000913.3","fork1",1851,3926670,-1.3,-1.197553383706671,0.23191074185089536,61.70728687909966,0.8836875735326893,26.890843352800378,-0.6251970958271846,0.001,0.9999999999998267,172.28282970685126,4.599580685080406,926,"2026-10-04T10:41:41.860027Z"
"NC_000913.3","fork1",1853,3926671,-1.45,-1.2993432113333396,0.21427557416581033,61.77300291916883,0.8837969255268049,26.908688748300975,-0.6011503192448164,0.001,0.9999999999998257,219.90249722340715,4.604547842904963,927,"2026-10-04T10:41:41.861027Z"
"NC_000913.3","fork1",1855,3926672,-1.44,1.3110377889013387,0.7876867636969223,61.92550136804207,0.8841981412791771,26.93542095494487,-1.393280645763281,0.001,0.9999999999998258,-1974.3250902663221,4.609515000761012,928,"2026-10-04T10:41:41.862027Z"
"NC_000913.3","fork1",1857,3926673,-1.28,-1.3896781421493287,0.19945914459223538,61.98905496949165,0.8842995464965347,26.95302046247462,-0.5812205023433865,0.001,0.9999999999998248,8008.070635611554,4.614482158593861,929,"2026-10-04T10:41:41.863027Z"
"NC_000913.3","fork1",1859,3926674,-1.0,-0.9554055905546683,0.277799014514135,62.06448984394665,0.884440651168166,26.97182615665017,-0.6899204215514619,0.001,0.9999999999998243,-770.3495423041825,4.619449316428019,930,"2026-10-04T10:41:41.864027Z"
"NC_000913.3","fork1",1861,3926675,-1.0,-0.9554055905546683,0.277799014514135,62.13995202636857,0.8845816062136349,26.990624116121854,-0.6902768135424877,0.001,0.9999999999998235,-2.528408896893687,4.624416474260822,931,"2026-10-04T10:41:41.865027Z"
"NC_000913.3","fork1",1863,3926676,-1.0,-0.9554055905546683,0.277799014514135,62.215441509204155,0.8847224117368307,27.009414345537945,-0.6906322454794498,0.001,0.9999999999998231,-2.5242755319173273,4.629383632092259,932,"2026-10-04T10:41:41.866027Z"
"NC_000913.3","fork1",1865,3926677,-0.58,-0.40523812514667396,0.4000544771470622,62.30950707684501,0.884924921306079,27.03008616131417,-0.8604358844438049,0.001,0.9999999999998224,-838.4968650848081,4.634350789929644,933,"2026-10-04T10:41:41.867026Z"
"NC_000913.3","fork1",1867,3926678,-0.88,-1.11502459031999,0.24693533677668908,62.380375880894476,0.8850497666735871,27.048383322862062,-0.6484966944148488,0.001,0.999999999999822,1697.6135699642375,4.6393179477596025,934,"2026-10-04T10:41:41.868026Z"
"NC_000913.3","fork1",1869,3926679,-0.58,-0.40523812514667396,0.4000544771470622,62.47452330675833,0.8852517757605618,27.069036305676377,-0.8613319767674887,0.001,0.9999999999998214,-1053.5926157586448,4.644285105596537,935,"2026-10-04T10:41:41.869026Z"
"NC_000913.3","fork1",1871,3926680,-1.0,1.0445944094453317,0.7397355271799415,62.620337589044134,0.8856244942775674,27.09491084345097,-1.33280242791193,0.001,0.9999999999998209,-1264.9504374835194,4.649252263455472,936,"2026-10-04T10:41:41.870027Z"
"NC_000913.3","fork1",1873,3926681,-1.0,1.0445944094453317,0.7397355271799415,62.76625410324488,0.8859961580600235,27.12075754622459,-1.3330623480184203,0.001,0.9999999999998209,-0.6993420364305389,4.654219421324588,937,"2026-10-04T10:41:41.871026Z"
"NC_000913.3","fork1",1875,3926682,-1.28,1.1703218578506713,0.7632031881188912,62.91584286055901,0.8863785092832642,27.146935989040955,-1.3658268818228432,0.001,0.9999999999998201,-85.69224266296176,4.6591865792050555,938,"2026-10-04T10:41:41.872026Z"
"NC_000913.3","fork1",1877,3926683,-1.3,1.4024466162933291,0.8025718425954855,63.07152976991166,0.8867793770658838,27.17368660565893,-1.4205738318968848,0.001,0.9999999999998199,-136.57109013919506,4.664153737098215,939,"2026-10-04T10:41:41.873027Z"
"NC_000913.3","fork1",1879,3926684,-0.88,-1.11502459031999,0.24693533677668908,63.14271118798053,0.886902467658593,27.191926136265685,-0.6500516634057513,0.001,0.9999999999998189,6259.797369823673,4.669120894969344,940,"2026-10-04T10:41:41.874027Z"
"NC_000913.3","fork1",1881,3926685,-1.45,1.6006567886666603,0.832110160392121,63.30307822061488,0.887316392783036,27.219083522080886,-1.4625215292768468,0.001,0.9999999999998189,-1962.8425961447044,4.674088052872816,941,"2026-10-04T10:41:41.875026Z"
"NC_000913.3","fork1",1883,3926686,-2.24,-2.2677208491146654,0.09383182322637987,63.35101040631439,0.887362985446412,27.234972574235297,-0.43769648335664113,0.001,0.9999999999998177,21995.416695740463,4.679055210743866,942,"2026-10-04T10:41:41.876027Z"
"NC_000913.3","fork1",1885,3926687,-1.28,-1.3896781421493287,0.19945914459223538,63.41505152845939,0.8874619720108242,27.252464394673975,-0.5848640574648278,0.001,0.9999999999998173,-1486.742922962163,4.684022368614999,943,"2026-10-04T10:41:41.877027Z"
"NC_000913.3","fork1",1887,3926688,-1.45,1.6006567886666603,0.832110160392121,63.57565807772524,0.8878741082901211,27.279573143423306,-1.464657403442909,0.001,0.9999999999998171,-2134.714632448623,4.688989526520059,944,"2026-10-04T10:41:41.878027Z"
"NC_000913.3","fork1",1889,3926689,-1.44,-1.5689622110986612,0.1723643870770019,63.635641986871605,0.8879593136964034,27.296637548336143,-0.5476124000500178,0.001,0.9999999999998165,10762.75606685759,4.693956684397109,945,"2026-10-04T10:41:41.879026Z"
"NC_000913.3","fork1",1891,3926690,-0.58,-0.40523812514667396,0.4000544771470622,63.730421270502376,0.8881568558003518,27.317152225763174,-0.8649876677899834,0.001,0.9999999999998161,-1606.6208742155877,4.698923842283325,946,"2026-10-04T10:41:41.880027Z"
"NC_000913.3","fork1",1893,3926691,-1.28,1.1703218578506713,0.7632031881188912,63.880756693751614,0.8885328720781958,27.343157929435627,-1.370610051382922,0.001,0.9999999999998158,-1344.682167729725,4.703891000192013,947,"2026-10-04T10:41:41.881027Z"
"NC_000913.3","fork1",1895,3926692,-1.44,-1.5689622110986612,0.1723643870770019,63.94083677265612,0.8886176396838169,27.360200823094974,-0.5482896581235601,0.001,0.9999999999998153,9700.880274176212,4.708858158074883,948,"2026-10-04T10:41:41.882027Z"
"NC_000913.3","fork1",1897,3926693,-1.45,1.6006567886666603,0.832110160392121,64.10187918047771,0.8890260729134942,27.387209622163933,-1.467486521526607,0.001,0.9999999999998147,-2250.5437770801746,4.713825315992429,949,"2026-10-04T10:41:41.883027Z"
"NC_000913.3","fork1",1899,3926694,-1.84,1.7785320302240026,0.8555155067192858,64.26662126603209,0.8894446272619049,27.414536029766598,-1.5000485776218508,0.001,0.999999999999814,-77.79648262857542,4.71879247392186,950,"2026-10-04T10:41:41.884026Z"
"NC_000913.3","fork1",1901,3926695,-2.24,-2.2677208491146654,0.09383182322637987,64.31481013081387,0.889490449534978,27.4303740377496,-0.4393495787357845,0.001,0.9999999999998135,23148.109592748056,4.723759631817021,951,"2026-10-04T10:41:41.885026Z"
"NC_000913.3","fork1",1903,3926696,-1.84,-1.9014679697759975,0.1299424193591184,64.3685305920487,0.889553878759912,27.446749201150705,-0.48992415601297506,0.001,0.9999999999998127,-797.3387240636088,4.728726789708091,952,"2026-10-04T10:41:41.886027Z"
"NC_000913.3","fork1",1905,3926697,-2.17,-2.077195418181337,0.11133314431997621,64.41940068653236,0.8896081988118079,27.462837643518473,-0.46410625222619994,0.001,0.9999999999998123,475.2923254982497,4.733693947592665,953,"2026-10-04T10:41:41.887026Z"
"NC_000913.3","fork1",1907,3926698,-1.84,1.7785320302240026,0.8555155067192858,64.58444308996891,0.8900248291863846,27.490110891842466,-1.5032751355269167,0.001,0.9999999999998116,-2494.2225692412403,4.738661105515398,954,"2026-10-04T10:41:41.888026Z"
"NC_000913.3","fork1",1909,3926699,-1.44,-1.5689622110986612,0.1723643870770019,64.64474167612376,0.8901086025239735,27.507103802509015,-0.5498173039386511,0.001,0.9999999999998113,11381.3996079163,4.743628263408266,955,"2026-10-04T10:41:41.889027Z"
"NC_000913.3","fork1",1911,3926700,-1.0,-0.9554055905546683,0.277799014514135,64.72124292729444,0.8902435019631598,27.525672659829834,-0.6975438439811761,0.001,0.9999999999998104,-1095.0863912672637,4.74859542130286,956,"2026-10-04T10:41:41.890027Z"
"NC_000913.3","fork1",1913,3926701,-1.45,1.6006567886666603,0.832110160392121,64.88294688181132,0.8906467069195124,27.55253846871986,-1.4723821010453186,0.001,0.9999999999998103,-1921.6982451638182,4.7535625792279275,957,"2026-10-04T10:41:41.891026Z"
"NC_000913.3","fork1",1915,3926702,-1.44,-1.5689622110986612,0.1723643870770019,64.9433368546456,0.8907300647018521,27.56951004605477,-0.5504504462658963,0.001,0.9999999999998093,11059.93500429716,4.758529737123717,958,"2026-10-04T10:41:41.892026Z"
"NC_000913.3","fork1",1917,3926703,-1.45,1.6006567886666603,0.832110160392121,65.10521960115035,0.8911317007942687,27.596333132099947,-1.4733059427681074,0.001,0.999999999999809,-2297.740451933644,4.763496895053819,959,"2026-10-04T10:41:41.893027Z"
"NC_000913.3","fork1",1919,3926704,-1.44,-1.5689622110986612,0.1723643870770019,65.16568241835355,0.8912147340316491,27.61329016723311,-0.5508485404482252,0.001,0.9999999999998086,11109.495804606662,4.768464052954401,960,"2026-10-04T10:41:41.894027Z"
"NC_000913.3","fork1",1921,3926705,-0.58,-0.40523812514667396,0.4000544771470622,65.26121522652804,0.8914072383499705,27.633635984863425,-0.8700424412745323,0.001,0.9999999999998076,-1658.1129379829185,4.773431210863815,961,"2026-10-04T10:41:41.895026Z"
"NC_000913.3","fork1",1923,3926706,-1.0,1.0445944094453317,0.7397355271799415,65.40912623523339,0.8917624076464287,27.659025753679153,-1.3457002606302488,0.001,0.9999999999998072,-1339.2425080069493,4.778398368793335,962,"2026-10-04T10:41:41.896027Z"
"NC_000913.3","fork1",1925,3926707,-0.88,-1.11502459031999,0.24693533677668908,65.48117706364927,0.8918807413259893,27.677069983974107,-0.6559944174129259,0.001,0.9999999999998068,5828.483030176663,4.783365526700936,963,"2026-10-04T10:41:41.897027Z"
"NC_000913.3","fork1",1927,3926708,-0.58,-0.40523812514667396,0.4000544771470622,65.57686403564642,0.8920722098156731,27.697381274497765,-0.8709504916917717,0.001,0.999999999999806,-1122.6707571243078,4.788332684614443,964,"2026-10-04T10:41:41.898027Z"
"NC_000913.3","fork1",1929,3926709,-1.28,1.1703218578506713,0.7632031881188912,65.7286317637521,0.8924366568868463,27.723064748470247,-1.3798997695452437,0.001,0.9999999999998057,-1396.4970996068735,4.793299842549219,965,"2026-10-04T10:41:41.899027Z"
"NC_000913.3","fork1",1931,3926710,-1.84,1.7785320302240026,0.8555155067192858,65.89475519022014,0.8928438981857912,27.75008257526662,-1.5090369279799467,0.001,0.999999999999806,-317.1023144490784,4.7982670004965255,966,"2026-10-04T10:41:41.900027Z"
"NC_000913.3","fork1",1933,3926711,-2.24,-2.2677208491146654,0.09383182322637987,65.9433470129627,0.8928884812190745,27.765828657300037,-0.44195868832474305,0.001,0.9999999999998045,23934.626270843295,4.803234158408005,967,"2026-10-04T10:41:41.901027Z"
"NC_000913.3","fork1",1935,3926712,-1.28,-1.3896781421493287,0.19945914459223538,66.00825996373248,0.8929831975426188,27.78312852680622,-0.5904528197395617,0.001,0.9999999999998043,-1567.7776106393162,4.808201316319452,968,"2026-10-04T10:41:41.902027Z"
"NC_000913.3","fork1",1937,3926713,-1.0,-0.9554055905546683,0.277799014514135,66.08530013462077,0.8931149919512351,27.801578219401723,-0.7007560438057547,0.001,0.9999999999998034,-836.9340188573783,4.8131684742313166,969,"2026-10-04T10:41:41.903026Z"
"NC_000913.3","fork1",1939,3926714,-1.3,-1.197553383706671,0.23191074185089536,66.15526808810307,0.8932249064296148,27.819343299120934,-0.6365587864618519,0.001,0.999999999999803,584.0655233983393,4.818135632137887,970,"2026-10-04T10:41:41.904026Z"
"NC_000913.3","fork1",1941,3926715,-1.45,-1.2993432113333396,0.21427557416581033,66.22252587090092,0.8933263742243275,27.83684131102796,-0.6120244577345818,0.001,0.9999999999998018,241.79424414169557,4.823102790039897,971,"2026-10-04T10:41:41.905026Z"
"NC_000913.3","fork1",1943,3926716,-1.28,1.1703218578506713,0.7632031881188912,66.37480726165957,0.8936870909833791,27.862417755720294,-1.3838741765522113,0.001,0.9999999999998016,-2139.76672679978,4.828069947970087,972,"2026-10-04T10:41:41.906027Z"
"NC_000913.3","fork1",1945,3926717,-1.44,-1.5689622110986612,0.1723643870770019,66.43564824562426,0.8937684075767132,27.879283109886394,-0.55341526663829,0.001,0.999999999999801,10212.66233451087,4.833037105872322,973,"2026-10-04T10:41:41.907026Z"
"NC_000913.3","fork1",1947,3926718,-1.45,1.6006567886666603,0.832110160392121,66.59877251807565,0.8941602028406578,27.905833399089012,-1.4814616573326562,0.001,0.9999999999998004,-2368.7024221547335,4.838004263808333,974,"2026-10-04T10:41:41.908026Z"
"NC_000913.3","fork1",1949,3926719,-1.3,1.4024466162933291,0.8025718425954855,66.7574303150203,0.8945368826455363,27.931916909554875,-1.4398490744478232,0.001,0.9999999999998,110.4720304775845,4.84297142175013,975,"2026-10-04T10:41:41.909027Z"
"NC_000913.3","fork1",1951,3926720,-1.44,1.3110377889013387,0.7876867636969223,66.91388838278027,0.8949054259326993,27.957750945481205,-1.4188520339264739,0.001,0.9999999999997999,56.9730646377641,4.8479385796978,976,"2026-10-04T10:41:41.910027Z"
"NC_000913.3","fork1",1953,3926721,-1.28,-1.3896781421493287,0.19945914459223538,66.97912712003199,0.8949985684567884,27.97498126633987,-0.5921407146425206,0.001,0.999999999999799,8875.76676033772,4.85290573761756,977,"2026-10-04T10:41:41.911026Z"
"NC_000913.3","fork1",1955,3926722,-1.0,-0.9554055905546683,0.277799014514135,67.05654912117296,0.8951281723601094,27.993347492935257,-0.7027043525772725,0.001,0.9999999999997983,-853.0887967228645,4.857872895537542,978,"2026-10-04T10:41:41.912026Z"
"NC_000913.3","fork1",1957,3926723,-1.3,-1.197553383706671,0.23191074185089536,67.12686591172837,0.8952362594403169,28.011037309791803,-0.638337531568768,0.001,0.9999999999997977,595.5089256268606,4.862840053451918,979,"2026-10-04T10:41:41.913027Z"
"NC_000913.3","fork1",1959,3926724,-1.45,-1.2993432113333396,0.21427557416581033,67.1944598086809,0.8953360398235429,28.028463234747896,-0.6137331031486457,0.001,0.9999999999997973,246.5858280419096,4.8678072113615185,980,"2026-10-04T10:41:41.914027Z"
"NC_000913.3","fork1",1961,3926725,-0.88,-1.11502459031999,0.24693533677668908,67.26715127039128,0.8954509245810784,28.046358132376294,-0.6600662263633738,0.001,0.9999999999997965,-403.3008747953738,4.872774369268941,981,"2026-10-04T10:41:41.915026Z"
"NC_000913.3","fork1",1963,3926726,-1.3,-1.197553383706671,0.23191074185089536,67.33752576979506,0.8955587178263029,28.064027186963756,-0.6391246430278592,0.001,0.9999999999997956,194.27546959834683,4.877741527172019,982,"2026-10-04T10:41:41.916027Z"
"NC_000913.3","fork1",1965,3926727,-1.45,-1.2993432113333396,0.21427557416581033,67.40517317748875,0.895658226885204,28.08143267389001,-0.6144701523914466,0.001,0.9999999999997946,247.76126825714633,4.8827086850703125,983,"2026-10-04T10:41:41.917027Z"
"NC_000913.3","fork1",1967,3926728,-1.0,1.0445944094453317,0.7397355271799415,67.55471065916544,0.8960011147687745,28.106468540324936,-1.3565489322575666,0.001,0.9999999999997942,-2164.202397993236,4.887675842994978,984,"2026-10-04T10:41:41.918027Z"
"NC_000913.3","fork1",1969,3926729,-1.28,1.1703218578506713,0.7632031881188912,67.70800626096106,0.8963538362782879,28.13181670497816,-1.3895813474068026,0.001,0.9999999999997946,-93.65012980015999,4.892643000925885,985,"2026-10-04T10:41:41.919027Z"
"NC_000913.3","fork1",1971,3926730,-1.84,1.7785320302240026,0.8555155067192858,67.8758032886331,0.8967479627614315,28.158468997707597,-1.5195134726871924,0.001,0.9999999999997939,-329.67113563144864,4.897610158867192,986,"2026-10-04T10:41:41.920027Z"
"NC_000913.3","fork1",1973,3926731,-2.24,-2.2677208491146654,0.09383182322637987,67.92485708851174,0.8967911092453366,28.174100053616908,-0.44476137717593156,0.001,0.9999999999997927,24909.378429934797,4.902577316770928,987,"2026-10-04T10:41:41.921027Z"
"NC_000913.3","fork1",1975,3926732,-1.28,-1.3896781421493287,0.19945914459223538,67.99039983433154,0.8968827731093411,28.19125026859041,-0.5942971198593611,0.001,0.9999999999997925,-1631.3488887626493,4.907544474674582,988,"2026-10-04T10:41:41.922027Z"
"NC_000913.3","fork1",1977,3926733,-1.0,-0.9554055905546683,0.277799014514135,68.0681940410371,0.8970103189497444,28.2095246057152,-0.7053556432887005,0.001,0.9999999999997913,-870.7341852793029,4.912511632578317,989,"2026-10-04T10:41:41.923026Z"
"NC_000913.3","fork1",1979,3926734,-1.0,-0.9554055905546683,0.277799014514135,68.14601472737868,0.8971377251219896,28.22779139383036,-0.7056290783330399,0.001,0.9999999999997912,-2.146167956549378,4.917478790478883,990,"2026-10-04T10:41:41.924026Z"
"NC_000913.3","fork1",1981,3926735,-1.3,-1.197553383706671,0.23191074185089536,68.21668650371281,0.8972439787975012,28.24538914923256,-0.6409191577536361,0.001,0.9999999999997901,609.0134789961044,4.922445948373628,991,"2026-10-04T10:41:41.925026Z"
"NC_000913.3","fork1",1983,3926736,-1.84,-1.9014679697759975,0.1299424193591184,68.27142504785127,0.8973034715362742,28.261510310522322,-0.49662341914947083,0.001,0.9999999999997893,2425.4344577184274,4.927413106258582,992,"2026-10-04T10:41:41.926027Z"
"NC_000913.3","fork1",1985,3926737,-1.45,-1.2993432113333396,0.21427557416581033,68.33936691003396,0.8974015086830154,28.278840784543437,-0.6164446213947796,0.001,0.9999999999997886,-1222.202055325532,4.932380264142855,993,"2026-10-04T10:41:41.927026Z"
"NC_000913.3","fork1",1987,3926738,-1.28,1.1703218578506713,0.7632031881188912,68.49328886319695,0.897750022642527,28.304064148261638,-1.394608812575438,0.001,0.9999999999997882,-2232.8063767405197,4.937347422054538,994,"2026-10-04T10:41:41.928026Z"
"NC_000913.3","fork1",1989,3926739,-2.24,-2.2677208491146654,0.09383182322637987,68.542435532173,0.8977927981158997,28.319647337163335,-0.4457892798580617,0.001,0.9999999999997877,22181.391762747342,4.942314579932111,995,"2026-10-04T10:41:41.929027Z"
"NC_000913.3","fork1",1991,3926740,-1.28,-1.3896781421493287,0.19945914459223538,68.60813784335764,0.8978836736426752,28.336742737937232,-0.5959878346933414,0.001,0.9999999999997867,-1652.7943238933824,4.94728173780966,996,"2026-10-04T10:41:41.930027Z"
"NC_000913.3","fork1",1993,3926741,-1.0,-0.9554055905546683,0.277799014514135,68.6861410056761,0.8980101222499082,28.354957104199155,-0.7075329933935766,0.001,0.9999999999997858,-882.1382942930176,4.952248895687264,997,"2026-10-04T10:41:41.931026Z"
"NC_000913.3","fork1",1995,3926742,-1.0,-0.9554055905546683,0.277799014514135,68.76417059390026,0.898136432041987,28.373163958292643,-0.7077990620452574,0.001,0.9999999999997851,-2.1064768400126375,4.957216053561616,998,"2026-10-04T10:41:41.932027Z"
"NC_000913.3","fork1",1997,3926743,-1.45,1.6006567886666603,0.832110160392121,68.92925137232217,0.8985139467361256,28.399307486152722,-1.4951483693167171,0.001,0.9999999999997854,-2085.6123470054577,4.962183211464534,999,"2026-10-04T10:41:41.933027Z"
"NC_000913.3","fork1",1999,3926744,-2.24,-2.2677208491146654,0.09383182322637987,68.97848072595757,0.8985564387398093,28.414861531301533,-0.44640259374649216,0.001,0.9999999999997841,24681.014888767804,4.9671503693301755,1000,"2026-10-04T10:41:41.934027Z"
"NC_000913.3","fork1",2001,3926745,-1.84,-1.9014679697759975,0.1299424193591184,69.03338247357718,0.8986152574653102,28.430926369046148,-0.4979583103199322,0.001,0.9999999999997837,-876.5187639539148,4.97211752719181,1001,"2026-10-04T10:41:41.935026Z"
"NC_000913.3","fork1",2003,3926746,-1.45,-1.2993432113333396,0.21427557416581033,69.10154725190003,0.8987121836988456,28.448192237968403,-0.6182800066070471,0.001,0.9999999999997825,-1241.3738974305372,4.977084685052765,1002,"2026-10-04T10:41:41.936027Z"
"NC_000913.3","fork1",2005,3926747,-1.28,1.1703218578506713,0.7632031881188912,69.2560803837058,0.8990567462633474,28.47329674497329,-1.3996921657056882,0.001,0.9999999999997824,-2267.8382378205915,4.982051842940898,1003,"2026-10-04T10:41:41.937027Z"
"NC_000913.3","fork1",2007,3926748,-2.24,-2.2677208491146654,0.09383182322637987,69.30536455497567,0.8990990365197462,28.48882729982855,-0.44688606716246093,0.001,0.9999999999997817,22530.156581657793,4.987019000794479,1004,"2026-10-04T10:41:41.938027Z"
"NC_000913.3","fork1",2009,3926749,-2.17,-2.077195418181337,0.11133314431997621,69.35740212729505,0.8991491942647928,28.5046015359431,-0.47198921241737735,0.001,0.9999999999997805,-500.4839278880325,4.99198615864302,1005,"2026-10-04T10:41:41.939026Z"
"NC_000913.3","fork1",2011,3926750,-2.24,-2.2677208491146654,0.09383182322637987,69.40668272518214,0.8991914501328377,28.52011967183012,-0.4471432566012812,0.001,0.9999999999997795,587.988295250734,4.996953316484787,1006,"2026-10-04T10:41:41.940026Z"
"NC_000913.3","fork1",2013,3926751,-2.17,-2.077195418181337,0.11133314431997621,69.45871949384585,0.8992415670873563,28.535881551811503,-0.47228723178177784,0.001,0.9999999999997791,-501.7059680114984,5.001920474321541,1007,"2026-10-04T10:41:41.941026Z"
"NC_000913.3","fork1",2015,3926752,-1.84,1.7785320302240026,0.8555155067192858,69.62811550394082,0.8996259422900819,28.56225031051199,-1.5346736202762867,0.001,0.9999999999997788,-2763.9306098861784,5.006887632195115,1008,"2026-10-04T10:41:41.942027Z"
"NC_000913.3","fork1",2017,3926753,-1.3,1.4024466162933291,0.8025718425954855,69.78927477355633,0.8999853455445226,28.587830922748523,-1.4588636508892785,0.001,0.9999999999997784,210.93289626711197,5.011854790070439,1009,"2026-10-04T10:41:41.943026Z"
"NC_000913.3","fork1",2019,3926754,-1.0,1.0445944094453317,0.7397355271799415,69.94062317752578,0.9003155962764416,28.612489350832472,-1.3690918385981345,0.001,0.9999999999997778,271.82926066352076,5.016821947945972,1010,"2026-10-04T10:41:41.944026Z"
"NC_000913.3","fork1",2021,3926755,-1.28,1.1703218578506713,0.7632031881188912,70.09577645557822,0.9006553072740725,28.637451957947654,-1.4023246554370974,0.001,0.9999999999997776,-97.8267323422794,5.021789105825618,1011,"2026-10-04T10:41:41.945027Z"
"NC_000913.3","fork1",2023,3926756,-1.84,1.7785320302240026,0.8555155067192858,70.2656184954904,0.9010348828527093,28.663686410134396,-1.5334159760973645,0.001,0.9999999999997774,-345.36289487083434,5.026756263713355,1012,"2026-10-04T10:41:41.946027Z"
"NC_000913.3","fork1",2025,3926757,-1.84,1.7785320302240026,0.8555155067192858,70.43557696478892,0.9014131669007811,28.68988469077856,-1.532945701023667,0.001,0.9999999999997773,1.2431797642396738,5.031723421604946,1013,"2026-10-04T10:41:41.947026Z"
"NC_000913.3","fork1",2027,3926758,-1.44,-1.5689622110986612,0.1723643870770019,70.49759742974186,0.9014892253789097,28.70646402048567,-0.559933452459994,0.001,0.9999999999997763,12792.94922149266,5.036690579461412,1014,"2026-10-04T10:41:41.948026Z"
"NC_000913.3","fork1",2029,3926759,-0.58,-0.40523812514667396,0.4000544771470622,70.59565925136131,0.9016655542613597,28.726233269154474,-0.8849137569051411,0.001,0.9999999999997758,-1843.0350146255191,5.041657737325699,1015,"2026-10-04T10:41:41.949027Z"
"NC_000913.3","fork1",2031,3926760,-1.28,1.1703218578506713,0.7632031881188912,70.751262349339,0.902001165543345,28.75107815147578,-1.402413176140875,0.001,0.9999999999997753,-1541.9607355706062,5.046624895208282,1016,"2026-10-04T10:41:41.950027Z"
"NC_000913.3","fork1",2033,3926761,-1.44,-1.5689622110986612,0.1723643870770019,70.81337582867876,0.902076819667598,28.767636480696453,-0.560290885177454,0.001,0.9999999999997747,11131.214580541015,5.051592053059563,1017,"2026-10-04T10:41:41.951026Z"
"NC_000913.3","fork1",2035,3926762,-1.3,-1.197553383706671,0.23191074185089536,70.88493607414306,0.9021785277066353,28.78502150494952,-0.6455159097895299,0.001,0.9999999999997737,-837.937939013994,5.056559210909074,1018,"2026-10-04T10:41:41.952027Z"
"NC_000913.3","fork1",2037,3926763,-1.28,-1.3896781421493287,0.19945914459223538,70.95136979831892,0.9022659282475426,28.801946053647853,-0.5993774323211061,0.001,0.9999999999997732,527.8969327818133,5.061526368752358,1019,"2026-10-04T10:41:41.953027Z"
"NC_000913.3","fork1",2039,3926764,-1.0,-0.9554055905546683,0.277799014514135,71.03024513952273,0.902387540328024,28.81995903094654,-0.7115663614564578,0.001,0.9999999999997723,-922.5146769236154,5.066493526595281,1020,"2026-10-04T10:41:41.954027Z"
"NC_000913.3","fork1",2041,3926765,-1.0,-0.9554055905546683,0.277799014514135,71.10914661812507,0.902509017435371,28.8379645780041,-0.7118021408978648,0.001,0.9999999999997712,-1.9409372395858147,5.071460684434345,1021,"2026-10-04T10:41:41.955027Z"
"NC_000913.3","fork1",2043,3926766,-1.45,1.6006567886666603,0.832110160392121,71.27609508468113,0.9028720794592746,28.863690147919105,-1.5036995436120701,0.001,0.9999999999997712,-2181.162860824389,5.076427842300833,1022,"2026-10-04T10:41:41.956027Z"
"NC_000913.3","fork1",2045,3926767,-1.84,1.7785320302240026,0.8555155067192858,71.4468742089885,0.9032440951083556,28.889706540898352,-1.536577953635737,0.001,0.9999999999997704,-88.37910476317538,5.081395000171093,1023,"2026-10-04T10:41:41.957027Z"
"NC_000913.3","fork1",2047,3926768,-2.24,-2.2677208491146654,0.09383182322637987,71.49670062627484,0.9032848197880534,28.90512638975752,-0.4488360629429492,0.001,0.9999999999997703,26709.64876245135,5.0863621580009735,1024,"2026-10-04T10:41:41.958027Z"
"NC_000913.3","fork1",2049,3926769,-2.17,-2.077195418181337,0.11133314431997621,71.54930772920356,0.9033331204975393,28.920783170141885,-0.4740124974749079,0.001,0.9999999999997691,-521.2435759209735,5.091329315825784,1025,"2026-10-04T10:41:41.959026Z"
"NC_000913.3","fork1",2051,3926770,-2.24,-2.2677208491146654,0.09383182322637987,71.59913055532601,0.9033738117148583,28.936190836791422,-0.44907760954291454,0.001,0.999999999999768,612.7830420144288,5.096296473643773,1026,"2026-10-04T10:41:41.960026Z"
"NC_000913.3","fork1",2053,3926771,-1.28,-1.3896781421493287,0.19945914459223538,71.66576481119094,0.9034602585840231,28.95305922064451,-0.6006152250760941,0.001,0.9999999999997675,-1752.9566657210996,5.101263631461688,1027,"2026-10-04T10:41:41.961026Z"
"NC_000913.3","fork1",2055,3926772,-1.3,-1.197553383706671,0.23191074185089536,71.73758119412103,0.9035606833298071,28.970371602531447,-0.6473483061569678,0.001,0.9999999999997667,-465.3542383009908,5.10623078927657,1028,"2026-10-04T10:41:41.962027Z"
"NC_000913.3","fork1",2057,3926773,-1.28,-1.3896781421493287,0.19945914459223538,71.80424582280827,0.9036469808456152,28.987227091003867,-0.6010102426700229,0.001,0.9999999999997662,536.95709607644,5.1111979470851425,1029,"2026-10-04T10:41:41.963026Z"
"NC_000913.3","fork1",2059,3926774,-1.0,-0.9554055905546683,0.277799014514135,71.883412817712,0.903767057746455,29.005162524243918,-0.7136537964724545,0.001,0.9999999999997653,-938.0951125037722,5.116165104893281,1030,"2026-10-04T10:41:41.964026Z"
"NC_000913.3","fork1",2061,3926775,-1.0,-0.9554055905546683,0.277799014514135,71.96260586852637,0.903887000921368,29.023090570031158,-0.7138794312155767,0.001,0.9999999999997646,-1.8811803446590585,5.121132262697428,1031,"2026-10-04T10:41:41.965027Z"
"NC_000913.3","fork1",2063,3926776,-0.58,-0.40523812514667396,0.4000544771470622,72.0613330543848,0.9040594946788629,29.042703693906674,-0.8896393780879006,0.001,0.9999999999997636,-1018.9351164054041,5.126099420504411,1032,"2026-10-04T10:41:41.966027Z"
"NC_000913.3","fork1",2065,3926777,-1.0,1.0445944094453317,0.7397355271799415,72.2143337343545,0.9043777218319268,29.06699927066418,-1.377015213409453,0.001,0.9999999999997636,-1531.5344106534296,5.131066578327719,1033,"2026-10-04T10:41:41.967026Z"
"NC_000913.3","fork1",2067,3926778,-0.88,-1.11502459031999,0.24693533677668908,72.28872041283796,0.9044837407359351,29.084474222047742,-0.6698753269056321,0.001,0.9999999999997632,6669.941489382617,5.136033736124087,1034,"2026-10-04T10:41:41.968027Z"
"NC_000913.3","fork1",2069,3926779,-0.58,-0.40523812514667396,0.4000544771470622,72.38759676728391,0.9046552764948594,29.104053432023598,-0.8900475533284479,0.001,0.999999999999762,-1283.5354435916292,5.14100089392461,1035,"2026-10-04T10:41:41.969027Z"
"NC_000913.3","fork1",2071,3926780,-0.88,-1.11502459031999,0.24693533677668908,72.46203774248906,0.904761020073713,29.12151353935579,-0.6702267997057954,0.001,0.9999999999997623,2078.809474825633,5.145968051713669,1036,"2026-10-04T10:41:41.970027Z"
"NC_000913.3","fork1",2073,3926781,-0.58,-0.40523812514667396,0.4000544771470622,72.56099201132237,0.9049321102114705,29.141074462691087,-0.8905635018493873,0.001,0.9999999999997609,-1287.8398780406444,5.150935209506857,1037,"2026-10-04T10:41:41.971026Z"
"NC_000913.3","fork1",2075,3926782,-1.0,1.0445944094453317,0.7397355271799415,72.71435075354593,0.9052477463217422,29.16529089061788,-1.378480985560849,0.001,0.9999999999997609,-1545.8227618233966,5.155902367316096,1038,"2026-10-04T10:41:41.972027Z"
"NC_000913.3","fork1",2077,3926783,-0.88,-1.11502459031999,0.24693533677668908,72.78890518664913,0.905352901558583,29.182725832527684,-0.6705251871544933,0.001,0.9999999999997596,6732.482562695287,5.160869525098045,1039,"2026-10-04T10:41:41.973027Z"
"NC_000913.3","fork1",2079,3926784,-1.45,1.6006567886666603,0.832110160392121,72.95721733771529,0.9057064793127493,29.208168634818687,-1.5112109836039491,0.001,0.9999999999997595,-2377.6546644786094,5.165836682908112,1040,"2026-10-04T10:41:41.974027Z"
"NC_000913.3","fork1",2081,3926785,-2.24,-2.2677208491146654,0.09383182322637987,73.00732246297662,0.9057462757226155,29.22349167845659,-0.45037954792137525,0.001,0.9999999999997585,26656.460702103814,5.170803840677905,1041,"2026-10-04T10:41:41.975027Z"
"NC_000913.3","fork1",2083,3926786,-1.84,-1.9014679697759975,0.1299424193591184,73.06321514412792,0.9058013626848599,29.239302791380446,-0.5025035271416695,0.001,0.9999999999997575,-946.2126263018251,5.175770998443747,1042,"2026-10-04T10:41:41.976027Z"
"NC_000913.3","fork1",2085,3926787,-2.17,-2.077195418181337,0.11133314431997621,73.11612576509287,0.9058485376012093,29.25485335575988,-0.47583405840187215,0.001,0.9999999999997565,565.3315533674066,5.180738156202941,1043,"2026-10-04T10:41:41.977026Z"
"NC_000913.3","fork1",2087,3926788,-1.3,1.4024466162933291,0.8025718425954855,73.27997585492973,0.9061879834134876,29.279842184888786,-1.470944413040147,0.001,0.9999999999997565,-2931.573519671045,5.185705313994835,1044,"2026-10-04T10:41:41.978027Z"
"NC_000913.3","fork1",2089,3926789,-0.88,-1.11502459031999,0.24693533677668908,73.35471390565647,0.9062922031990159,29.29723080663815,-0.6713765394583977,0.001,0.9999999999997562,7671.939349409209,5.190672471756161,1045,"2026-10-04T10:41:41.979026Z"
"NC_000913.3","fork1",2091,3926790,-0.58,-0.40523812514667396,0.4000544771470622,73.45407122281412,0.9064608270525109,29.316698888989833,-0.8921502038507086,0.001,0.9999999999997549,-1309.2671043658818,5.195639629521393,1046,"2026-10-04T10:41:41.980026Z"
"NC_000913.3","fork1",2093,3926791,-1.0,1.0445944094453317,0.7397355271799415,73.60806798681594,0.9067719105409462,29.34077508981639,-1.3810220906994117,0.001,0.9999999999997551,-1571.513452249077,5.200606787302169,1047,"2026-10-04T10:41:41.981026Z"
"NC_000913.3","fork1",2095,3926792,-1.0,1.0445944094453317,0.7397355271799415,73.7621615201379,0.9070820655082119,29.364824154311236,-1.3806500311974488,0.001,0.9999999999997543,1.1995922723500894,5.205573945082393,1048,"2026-10-04T10:41:41.982027Z"
"NC_000913.3","fork1",2097,3926793,-1.28,1.1703218578506713,0.7632031881188912,73.92012717541024,0.9074010889690532,29.389163349354444,-1.4139679242367547,0.001,0.9999999999997543,-104.43712494196778,5.210541102863161,1049,"2026-10-04T10:41:41.983026Z"
"NC_000913.3","fork1",2099,3926794,-2.24,-2.2677208491146654,0.09383182322637987,73.97045523174046,0.9074402432634074,29.40443695342496,-0.4509568392699367,0.001,0.9999999999997531,24595.28643921738,5.215508260606196,1050,"2026-10-04T10:41:41.984026Z"
"NC_000913.3","fork1",2101,3926795,-1.45,-1.2993432113333396,0.21427557416581033,74.0401760041759,0.9075296007837327,29.421332636980072,-0.6246868702273002,0.001,0.9999999999997524,-1944.2127570799723,5.220475418349947,1051,"2026-10-04T10:41:41.985027Z"
"NC_000913.3","fork1",2103,3926796,-1.28,1.1703218578506713,0.7632031881188912,74.19834892987484,0.9078472437849618,29.44562872718305,-1.4150038709936315,0.001,0.9999999999997516,-2488.0667847492127,5.225442576119014,1052,"2026-10-04T10:41:41.986027Z"
"NC_000913.3","fork1",2105,3926797,-2.24,-2.2677208491146654,0.09383182322637987,74.2487303206369,0.9078862285790056,29.460885544545683,-0.4511717085708078,0.001,0.999999999999751,24723.284707915696,5.230409733850186,1053,"2026-10-04T10:41:41.987026Z"
"NC_000913.3","fork1",2107,3926798,-1.84,-1.9014679697759975,0.1299424193591184,74.30493253057543,0.9079401919585424,29.476623204228567,-0.5033939624591086,0.001,0.9999999999997506,-967.7350517438675,5.235376891577416,1054,"2026-10-04T10:41:41.988027Z"
"NC_000913.3","fork1",2109,3926799,-1.28,-1.3896781421493287,0.19945914459223538,74.37235348858685,0.9080229694511857,29.49329179355963,-0.6038923537090317,0.001,0.9999999999997492,-1214.0787071552531,5.240344049302847,1055,"2026-10-04T10:41:41.989027Z"
"NC_000913.3","fork1",2111,3926800,-0.58,-0.40523812514667396,0.4000544771470622,74.47216693734698,0.9081887943593646,29.512655018237176,-0.8935878026065252,0.001,0.9999999999997489,-1746.995985578085,5.245311207034194,1056,"2026-10-04T10:41:41.990027Z"
"NC_000913.3","fork1",2113,3926801,-1.44,1.3110377889013387,0.7876867636969223,74.63462334652884,0.9085145097781169,29.537214995985433,-1.452317677817789,0.001,0.9999999999997485,-1715.3927724749087,5.25027836478316,1057,"2026-10-04T10:41:41.991027Z"
"NC_000913.3","fork1",2115,3926802,-2.17,-2.077195418181337,0.11133314431997621,74.68790780231016,0.9085604631077658,29.552678620093417,-0.4768235762854067,0.001,0.9999999999997476,21227.930793789856,5.255245522493808,1058,"2026-10-04T10:41:41.992027Z"
"NC_000913.3","fork1",2117,3926803,-1.44,-1.5689622110986612,0.1723643870770019,74.75105779740149,0.908631566449635,29.56895549226028,-0.5651516424621145,0.001,0.9999999999997465,-1242.249152496567,5.260212680202016,1059,"2026-10-04T10:41:41.993027Z"
"NC_000913.3","fork1",2119,3926804,-1.3,-1.197553383706671,0.23191074185089536,74.82384718013071,0.9087271552409317,29.586025143314934,-0.6513967126751531,0.001,0.9999999999997463,-902.2508710813559,5.265179837908154,1060,"2026-10-04T10:41:41.994027Z"
"NC_000913.3","fork1",2121,3926805,-1.45,-1.2993432113333396,0.21427557416581033,74.89380201981342,0.9088153952139773,29.602851775330954,-0.6260826789394358,0.001,0.9999999999997454,286.87716985880957,5.270146995608362,1061,"2026-10-04T10:41:41.995026Z"
"NC_000913.3","fork1",2123,3926806,-0.88,-1.11502459031999,0.24693533677668908,74.9690595678944,0.9089169894809411,29.620109734735344,-0.673518225244969,0.001,0.9999999999997444,-466.91164494940347,5.275114153305303,1062,"2026-10-04T10:41:41.996026Z"
"NC_000913.3","fork1",2125,3926807,-0.58,-0.40523812514667396,0.4000544771470622,75.0691353365986,0.9090813639539924,29.63941110396388,-0.8952202689174156,0.001,0.9999999999997441,-1348.762003959532,5.280081311005786,1063,"2026-10-04T10:41:41.997026Z"
"NC_000913.3","fork1",2127,3926808,-1.0,1.0445944094453317,0.7397355271799415,75.22429167356572,0.9093846035331998,29.66324058256238,-1.3861248914076598,0.001,0.9999999999997434,-1618.8672460677271,5.285048468721002,1064,"2026-10-04T10:41:41.998027Z"
"NC_000913.3","fork1",2129,3926809,-1.44,1.3110377889013387,0.7876867636969223,75.38731690968861,0.9097064984002805,29.68768160753831,-1.454836945966058,0.001,0.9999999999997434,-213.46116880197815,5.290015626436973,1065,"2026-10-04T10:41:41.999026Z"
"NC_000913.3","fork1",2131,3926810,-1.84,-1.9014679697759975,0.1299424193591184,75.44377542936027,0.909759501397645,29.703346759142377,-0.504303953098571,0.001,0.9999999999997425,17933.570555073155,5.2949827841151675,1066,"2026-10-04T10:41:42.000026Z"
"NC_000913.3","fork1",2133,3926811,-2.17,-2.077195418181337,0.11133314431997621,75.49721773679843,0.9098048914500935,29.718758323666624,-0.47749369133272324,0.001,0.9999999999997415,590.6638199265876,5.299949941786709,1067,"2026-10-04T10:41:42.001027Z"
"NC_000913.3","fork1",2135,3926812,-1.3,1.4024466162933291,0.8025718425954855,75.66286746111118,0.910131488465813,29.743354635811748,-1.4773478534780304,0.001,0.9999999999997408,-3061.43079704012,5.304917099490287,1068,"2026-10-04T10:41:42.002027Z"
"NC_000913.3","fork1",2137,3926813,-1.28,1.1703218578506713,0.7632031881188912,75.82222897922051,0.9104410757901448,29.767398283043136,-1.4198985643181938,0.001,0.9999999999997403,185.5673170206371,5.309884257189786,1069,"2026-10-04T10:41:42.003026Z"
"NC_000913.3","fork1",2139,3926814,-2.24,-2.2677208491146654,0.09383182322637987,75.87293077000999,0.9104790714789602,29.782560926560492,-0.4522031753905599,0.001,0.9999999999997395,25468.557594193135,5.31485141485047,1070,"2026-10-04T10:41:42.004026Z"
"NC_000913.3","fork1",2141,3926815,-1.28,-1.3896781421493287,0.19945914459223538,75.94080052754796,0.9105597909699091,29.7991164078547,-0.6053023610383854,0.001,0.9999999999997385,-1896.6817536640176,5.3198185725110605,1071,"2026-10-04T10:41:42.005027Z"
"NC_000913.3","fork1",2143,3926816,-1.45,1.6006567886666603,0.832110160392121,76.11157281572652,0.9108958315099489,29.824027399910847,-1.5202693770016213,0.001,0.9999999999997383,-2722.7876013261484,5.324785730200817,1072,"2026-10-04T10:41:42.006027Z"
"NC_000913.3","fork1",2145,3926817,-2.24,-2.2677208491146654,0.09383182322637987,76.16233168729963,0.9109336531411133,29.83917354408621,-0.4523575730176215,0.001,0.9999999999997377,28235.47718876307,5.32975288784819,1073,"2026-10-04T10:41:42.007026Z"
"NC_000913.3","fork1",2147,3926818,-1.28,-1.3896781421493287,0.19945914459223538,76.23028256652087,0.9110140028041487,29.855708084205176,-0.6055492359143064,0.001,0.9999999999997369,-1906.562605361808,5.334720045495471,1074,"2026-10-04T10:41:42.008027Z"
"NC_000913.3","fork1",2149,3926819,-1.0,-0.9554055905546683,0.277799014514135,76.31100547896895,0.9111258017355589,29.873269734462205,-0.7192533091968907,0.001,0.9999999999997361,-1017.0407878530674,5.339687203141675,1075,"2026-10-04T10:41:42.009027Z"
"NC_000913.3","fork1",2151,3926820,-1.3,-1.197553383706671,0.23191074185089536,76.3842771922613,0.9112190360462934,29.890219369458155,-0.6529024173065752,0.001,0.9999999999997353,711.6574506489007,5.344654360780423,1076,"2026-10-04T10:41:42.010027Z"
"NC_000913.3","fork1",2153,3926821,-2.17,-2.077195418181337,0.11133314431997621,76.43791216869369,0.9112637635734356,29.905573518677368,-0.47810533103953645,0.001,0.9999999999997347,3908.0427073724663,5.349621518407451,1077,"2026-10-04T10:41:42.011027Z"
"NC_000913.3","fork1",2155,3926822,-1.84,1.7785320302240026,0.8555155067192858,76.61291303206026,0.9116067844409443,29.93071638537241,-1.5568455705486324,0.001,0.9999999999997341,-3144.823950052327,5.354588676069162,1078,"2026-10-04T10:41:42.012027Z"
"NC_000913.3","fork1",2157,3926823,-1.84,1.7785320302240026,0.8555155067192858,76.78802684090921,0.9119486074434844,29.9558239128455,-1.5559591546873845,0.001,0.9999999999997337,2.5932013195747,5.359555833728357,1079,"2026-10-04T10:41:42.013027Z"
"NC_000913.3","fork1",2159,3926824,-2.24,-2.2677208491146654,0.09383182322637987,76.83891862434506,0.9119860253856129,29.970931682105384,-0.45268792734902574,0.001,0.9999999999997332,29485.085618785815,5.364522991343577,1080,"2026-10-04T10:41:42.014027Z"
"NC_000913.3","fork1",2161,3926825,-1.28,-1.3896781421493287,0.19945914459223538,76.90705838050674,0.9120655173149826,29.987417492946452,-0.6060846857257078,0.001,0.9999999999997324,-1929.714872854565,5.369490148958715,1081,"2026-10-04T10:41:42.015026Z"
"NC_000913.3","fork1",2163,3926826,-1.45,1.6006567886666603,0.832110160392121,77.07857940291353,0.912396444885671,30.012169939144762,-1.5228112343374696,0.001,0.9999999999997317,-2770.172780421474,5.374457306602679,1082,"2026-10-04T10:41:42.016026Z"
"NC_000913.3","fork1",2165,3926827,-1.3,1.4024466162933291,0.8025718425954855,77.24538118278959,0.912714558162308,30.03650433326981,-1.4792923953105745,0.001,0.9999999999997314,136.8029636705623,5.37942446424193,1083,"2026-10-04T10:41:42.017026Z"
"NC_000913.3","fork1",2167,3926828,-1.44,1.3110377889013387,0.7876867636969223,77.4098533454116,0.9130257553064053,30.06061428454526,-1.457048187818655,0.001,0.9999999999997311,71.47947181983922,5.384391621876977,1084,"2026-10-04T10:41:42.018027Z"
"NC_000913.3","fork1",2169,3926829,-1.45,-1.2993432113333396,0.21427557416581033,77.48060957283765,0.9131102368776118,30.07725946080104,-0.6272271659144012,0.001,0.9999999999997301,9822.509336094121,5.389358779477489,1085,"2026-10-04T10:41:42.019026Z"
"NC_000913.3","fork1",2171,3926830,-0.88,-1.11502459031999,0.24693533677668908,77.55672772594853,0.9132075029868533,30.094322120996665,-0.6747141565395438,0.001,0.9999999999997293,-488.21723203989154,5.394325937074319,1086,"2026-10-04T10:41:42.020026Z"
"NC_000913.3","fork1",2173,3926831,-1.3,-1.197553383706671,0.23191074185089536,77.63040615504814,0.9132987612788928,30.111183278447538,-0.6530973045067295,0.001,0.999999999999729,236.87548330907674,5.399293094664979,1087,"2026-10-04T10:41:42.021027Z"
"NC_000913.3","fork1",2175,3926832,-1.45,-1.2993432113333396,0.21427557416581033,77.70121374527139,0.9133830028257252,30.127809387450117,-0.6276816288849765,0.001,0.9999999999997279,301.7000111871012,5.40426025224928,1088,"2026-10-04T10:41:42.022027Z"
"NC_000913.3","fork1",2177,3926833,-1.0,1.0445944094453317,0.7397355271799415,77.85816831345478,0.9136732576278854,30.151230097745977,-1.3891515752935222,0.001,0.9999999999997274,-2623.453395916869,5.409227409856363,1089,"2026-10-04T10:41:42.023026Z"
"NC_000913.3","fork1",2179,3926834,-0.88,-1.11502459031999,0.24693533677668908,77.93440306033024,0.913769952999234,30.168262879776123,-0.6750544771518698,0.001,0.9999999999997271,7385.018415899618,5.4141945674328715,1090,"2026-10-04T10:41:42.024027Z"
"NC_000913.3","fork1",2181,3926835,-0.58,-0.40523812514667396,0.4000544771470622,78.03578022303479,0.9139263988635614,30.187265810681964,-0.8972352412075009,0.001,0.9999999999997259,-1420.1766535079244,5.419161725012189,1091,"2026-10-04T10:41:42.025027Z"
"NC_000913.3","fork1",2183,3926836,-1.44,1.3110377889013387,0.7876867636969223,78.20082762166791,0.9142336814501997,30.21125158083923,-1.4585074216936658,0.001,0.9999999999997259,-1826.5668309636796,5.424128882607192,1092,"2026-10-04T10:41:42.026027Z"
"NC_000913.3","fork1",2185,3926837,-2.17,-2.077195418181337,0.11133314431997621,78.25490864596512,0.9142770330880418,30.226514648589255,-0.47836054734346173,0.001,0.9999999999997243,22609.22362196818,5.429096040161711,1093,"2026-10-04T10:41:42.027026Z"
"NC_000913.3","fork1",2187,3926838,-2.24,-2.2677208491146654,0.09383182322637987,78.30611470194512,0.9143135545234604,30.241546789557415,-0.4530605818858021,0.001,0.999999999999724,692.742910228961,5.434063197709546,1094,"2026-10-04T10:41:42.028027Z"
"NC_000913.3","fork1",2189,3926839,-2.17,-2.077195418181337,0.11133314431997621,78.36019512508096,0.9143568695705033,30.256798522736027,-0.4785947262195751,0.001,0.9999999999997234,-589.498247767702,5.439030355252553,1095,"2026-10-04T10:41:42.029027Z"
"NC_000913.3","fork1",2191,3926840,-2.24,-2.2677208491146654,0.09383182322637987,78.41139797578141,0.914393360177162,30.271819327984876,-0.4532585859879523,0.001,0.999999999999722,694.3195126520185,5.44399751278888,1096,"2026-10-04T10:41:42.030027Z"
"NC_000913.3","fork1",2193,3926841,-1.84,-1.9014679697759975,0.1299424193591184,78.46853937989295,0.9144438706970601,30.287299286737067,-0.5059066405052074,0.001,0.999999999999721,-1042.318602608684,5.4489646703213905,1097,"2026-10-04T10:41:42.031027Z"
"NC_000913.3","fork1",2195,3926842,-1.84,-1.9014679697759975,0.1299424193591184,78.5256839701936,0.9144943542010938,30.302773583321283,-0.5060326023288286,0.001,0.9999999999997204,-2.4951085712506216,5.453931827848241,1098,"2026-10-04T10:41:42.032026Z"
"NC_000913.3","fork1",2197,3926843,-1.84,-1.9014679697759975,0.1299424193591184,78.58283175561628,0.9145448107004248,30.318242224435235,-0.5061583924131422,0.001,0.9999999999997196,-2.4930402620360272,5.458898985369449,1099,"2026-10-04T10:41:42.033026Z"
"NC_000913.3","fork1",2199,3926844,-2.17,-2.077195418181337,0.11133314431997621,78.63691702618364,0.9145880197665169,30.33346574284655,-0.4791531481967347,0.001,0.9999999999997186,624.990231421184,5.463866142883993,1100,"2026-10-04T10:41:42.034027Z"
"NC_000913.3","fork1",2201,3926845,-1.84,1.7785320302240026,0.8555155067192858,78.81365611635198,0.9149193900886203,30.358245828563792,-1.5625481645844044,0.001,0.999999999999718,-3269.438884902974,5.468833300432609,1101,"2026-10-04T10:41:42.035026Z"
"NC_000913.3","fork1",2203,3926846,-1.44,-1.5689622110986612,0.1723643870770019,78.87786145069069,0.9149860114071726,30.374240965835902,-0.5681042613803076,0.001,0.9999999999997176,14926.812089791567,5.473800457940313,1102,"2026-10-04T10:41:42.036026Z"
"NC_000913.3","fork1",2205,3926847,-0.58,-0.40523812514667396,0.4000544771470622,78.9796374476249,0.9151404558865991,30.393148579023954,-0.8999998124868573,0.001,0.9999999999997164,-2148.9635132251765,5.478767615454551,1103,"2026-10-04T10:41:42.037026Z"
"NC_000913.3","fork1",2207,3926848,-1.0,1.0445944094453317,0.7397355271799415,79.13751824795206,0.9154253667530208,30.41638951999232,-1.394166169816048,0.001,0.9999999999997162,-1734.4594944223616,5.483734772981597,1104,"2026-10-04T10:41:42.038027Z"
"NC_000913.3","fork1",2209,3926849,-0.88,-1.11502459031999,0.24693533677668908,79.2141244838174,0.9155202810318485,30.433317043505763,-0.6767849880746708,0.001,0.9999999999997159,7558.200837660802,5.488701930477486,1105,"2026-10-04T10:41:42.039026Z"
"NC_000913.3","fork1",2211,3926850,-1.45,1.6006567886666603,0.832110160392121,79.38741650515536,0.9158394068496415,30.457697668961362,-1.5281191022957186,0.001,0.9999999999997154,-2667.7068001222638,5.493669087998928,1106,"2026-10-04T10:41:42.040026Z"
"NC_000913.3","fork1",2213,3926851,-1.3,1.4024466162933291,0.8025718425954855,79.55593494038258,0.9161461667886439,30.481670234298416,-1.484296288278073,0.001,0.9999999999997146,142.85703068059243,5.498636245513688,1107,"2026-10-04T10:41:42.041027Z"
"NC_000913.3","fork1",2215,3926852,-0.88,-1.11502459031999,0.24693533677668908,79.63268834414204,0.916240346160981,30.49856973872606,-0.6763905663509113,0.001,0.9999999999997137,8578.372332267283,5.503603402993698,1108,"2026-10-04T10:41:42.042027Z"
"NC_000913.3","fork1",2217,3926853,-1.3,-1.197553383706671,0.23191074185089536,79.70697710134147,0.9163287077365776,30.51527212030428,-0.6546638723112577,0.001,0.9999999999997133,245.88395909614755,5.508570560467287,1109,"2026-10-04T10:41:42.043026Z"
"NC_000913.3","fork1",2219,3926854,-1.84,-1.9014679697759975,0.1299424193591184,79.7644096546006,0.9163781807712899,30.530675321309953,-0.5062664094885381,0.001,0.9999999999997119,2999.5625634414428,5.51353771792983,1110,"2026-10-04T10:41:42.044027Z"
"NC_000913.3","fork1",2221,3926855,-1.84,-1.9014679697759975,0.1299424193591184,79.82184539617182,0.9164276272215768,30.546072926275905,-0.5063869296815655,0.001,0.9999999999997117,-2.4373881710029086,5.518504875386699,1111,"2026-10-04T10:41:42.045027Z"
"NC_000913.3","fork1",2223,3926856,-1.84,-1.9014679697759975,0.1299424193591184,79.87928433488321,0.9164770470985688,30.561464941741352,-0.5065072803631173,0.001,0.9999999999997107,-2.4352687395643757,5.523472032837904,1112,"2026-10-04T10:41:42.046027Z"
"NC_000913.3","fork1",2225,3926857,-2.17,-2.077195418181337,0.11133314431997621,79.93364269817103,0.9165193683419063,30.576615439205156,-0.47945690585839884,0.001,0.9999999999997099,639.1677647326318,5.528439190282458,1113,"2026-10-04T10:41:42.047027Z"
"NC_000913.3","fork1",2227,3926858,-2.24,-2.2677208491146654,0.09383182322637987,79.98510002343477,0.9165550216436092,30.591538481895693,-0.45399316637797743,0.001,0.9999999999997086,714.204246567828,5.533406347720457,1114,"2026-10-04T10:41:42.048027Z"
"NC_000913.3","fork1",2229,3926859,-1.84,-1.9014679697759975,0.1299424193591184,80.04254453510411,0.9166043730423201,30.606913829756273,-0.5068887093937936,0.001,0.9999999999997083,-1071.8144651929072,5.538373505154718,1115,"2026-10-04T10:41:42.049027Z"
"NC_000913.3","fork1",2231,3926860,-1.28,-1.3896781421493287,0.19945914459223538,80.11152755517382,0.9166800748826246,30.6231647754122,-0.6086820854971073,0.001,0.9999999999997075,-1344.6618430132762,5.5433406625870365,1116,"2026-10-04T10:41:42.050027Z"
"NC_000913.3","fork1",2233,3926861,-1.45,1.6006567886666603,0.832110160392121,80.28555027389223,0.9169952167434432,30.647414263059346,-1.5325536380884075,0.001,0.9999999999997063,-2931.6053100387317,5.5483078200471425,1117,"2026-10-04T10:41:42.051026Z"
"NC_000913.3","fork1",2235,3926862,-2.24,-2.2677208491146654,0.09383182322637987,80.3370644571636,0.9170306852150544,30.662315777184453,-0.4541286180817533,0.001,0.9999999999997059,30405.173130347135,5.553274977462598,1118,"2026-10-04T10:41:42.052026Z"
"NC_000913.3","fork1",2237,3926863,-1.28,-1.3896781421493287,0.19945914459223538,80.40612734823635,0.9171060350703304,30.678546303965607,-0.6087843364254106,0.001,0.9999999999997047,-2052.50186317051,5.558242134877999,1119,"2026-10-04T10:41:42.053026Z"
"NC_000913.3","fork1",2239,3926864,-1.0,-0.9554055905546683,0.277799014514135,80.48822642394676,0.9172108757298388,30.69575990501169,-0.7235441989494085,0.001,0.9999999999997042,-1094.6121768220682,5.563209292291887,1120,"2026-10-04T10:41:42.054027Z"
"NC_000913.3","fork1",2241,3926865,-1.3,-1.197553383706671,0.23191074185089536,80.56271916988229,0.9172983058680176,30.71238759601647,-0.6565168099986102,0.001,0.9999999999997036,766.6394031509165,5.568176449697702,1121,"2026-10-04T10:41:42.055026Z"
"NC_000913.3","fork1",2243,3926866,-1.45,-1.2993432113333396,0.21427557416581033,80.6342961420324,0.917379012887918,30.728786589846372,-0.6308311411325603,0.001,0.9999999999997023,318.2581750355441,5.5731436070969265,1122,"2026-10-04T10:41:42.056026Z"
"NC_000913.3","fork1",2245,3926867,-0.88,-1.11502459031999,0.24693533677668908,80.71132525133244,0.9174719323369674,30.74559114199938,-0.6788128918555082,0.001,0.9999999999997015,-516.380060512643,5.578110764492236,1123,"2026-10-04T10:41:42.057027Z"
"NC_000913.3","fork1",2247,3926868,-1.0,-0.9554055905546683,0.277799014514135,80.79351465766806,0.9175763518165198,30.762777921673838,-0.7241673376085184,0.001,0.9999999999997012,-434.34851377792813,5.583077921883517,1124,"2026-10-04T10:41:42.058027Z"
"NC_000913.3","fork1",2249,3926869,-1.0,-0.9554055905546683,0.277799014514135,80.87572923441648,0.9176806510324129,30.77995769469947,-0.7242912438661715,0.001,0.9999999999997,-1.1879883908240005,5.588045079269101,1125,"2026-10-04T10:41:42.059026Z"
"NC_000913.3","fork1",2251,3926870,-1.0,-0.9554055905546683,0.277799014514135,80.95796897544032,0.9177848300931721,30.797130465378412,-0.72441431715246,0.001,0.9999999999996996,-1.1813629859163668,5.593012236648974,1126,"2026-10-04T10:41:42.060026Z"
"NC_000913.3","fork1",2253,3926871,-1.3,-1.197553383706671,0.23191074185089536,81.03258195845552,0.9178717083757322,30.81371946921919,-0.6572376568252899,0.001,0.9999999999996989,773.2273054631679,5.597979394020736,1127,"2026-10-04T10:41:42.061027Z"
"NC_000913.3","fork1",2255,3926872,-1.28,-1.3896781421493287,0.19945914459223538,81.1017995682457,0.9179463627847979,30.82989445011873,-0.6097481736406498,0.001,0.9999999999996974,636.1242929781372,5.602946551385126,1128,"2026-10-04T10:41:42.062027Z"
"NC_000913.3","fork1",2257,3926873,-1.3,-1.197553383706671,0.23191074185089536,81.17644687823457,0.9180330856174393,30.84647110074881,-0.6575290795186757,0.001,0.9999999999996966,-550.9610839809493,5.6079137087455715,1129,"2026-10-04T10:41:42.063026Z"
"NC_000913.3","fork1",2259,3926874,-1.28,-1.3896781421493287,0.19945914459223538,81.24569401558016,0.9181076064227985,30.86263410714158,-0.6099972129635203,0.001,0.999999999999696,637.8335060397108,5.612880866098654,1130,"2026-10-04T10:41:42.064027Z"
"NC_000913.3","fork1",2261,3926875,-0.58,-0.40523812514667396,0.4000544771470622,81.34846350235641,0.9182568865515848,30.88130745875624,-0.904748391693737,0.001,0.9999999999996959,-1974.483684645634,5.6178480234566015,1131,"2026-10-04T10:41:42.065027Z"
"NC_000913.3","fork1",2263,3926876,-1.44,1.3110377889013387,0.7876867636969223,81.5160574825705,0.9185500870993762,30.904821425173722,-1.4730634001524763,0.001,0.9999999999996954,-1938.3149613449277,5.622815180828943,1132,"2026-10-04T10:41:42.066027Z"
"NC_000913.3","fork1",2265,3926877,-1.28,-1.3896781421493287,0.19945914459223538,81.5854035382154,0.9186241795338023,30.920962914993837,-0.609897015580632,0.001,0.9999999999996942,11649.858602414959,5.627782338164012,1133,"2026-10-04T10:41:42.067027Z"
"NC_000913.3","fork1",2267,3926878,-1.3,-1.197553383706671,0.23191074185089536,81.66019125474357,0.9187102494195554,30.937503921981072,-0.6577027596970646,0.001,0.9999999999996937,-555.4293897120522,5.632749495495102,1134,"2026-10-04T10:41:42.068027Z"
"NC_000913.3","fork1",2269,3926879,-2.17,-2.077195418181337,0.11133314431997621,81.71481962982821,0.9187515394118377,30.952532852962744,-0.48057484442155307,0.001,0.9999999999996922,4289.851014361977,5.637716652814163,1135,"2026-10-04T10:41:42.069027Z"
"NC_000913.3","fork1",2271,3926880,-1.3,1.4024466162933291,0.8025718425954855,81.88517264348232,0.9190486230379413,30.97617838712334,-1.4956806783896206,0.001,0.9999999999996924,-3416.902665696269,5.642683810163786,1136,"2026-10-04T10:41:42.070027Z"
"NC_000913.3","fork1",2273,3926881,-1.0,1.0445944094453317,0.7397355271799415,82.04510366829115,0.9193215692468363,30.999012838194076,-1.4026840579351365,0.001,0.9999999999996916,340.71409465985687,5.6476509675032895,1137,"2026-10-04T10:41:42.071026Z"
"NC_000913.3","fork1",2275,3926882,-1.44,1.3110377889013387,0.7876867636969223,82.2131626409117,0.919611285255893,31.022415103318846,-1.472079860325946,0.001,0.9999999999996914,-239.53043746791778,5.652618124838433,1138,"2026-10-04T10:41:42.072026Z"
"NC_000913.3","fork1",2277,3926883,-2.17,-2.077195418181337,0.11133314431997621,82.26794022051367,0.9196521576060382,31.037421761436285,-0.48024246286965266,0.001,0.9999999999996902,24266.70827420098,5.657585282131316,1139,"2026-10-04T10:41:42.073026Z"
"NC_000913.3","fork1",2279,3926884,-1.44,-1.5689622110986612,0.1723643870770019,82.33295388191858,0.9197153981870845,31.05317888460075,-0.5699886770717328,0.001,0.9999999999996898,-1419.1238081204935,5.662552439421818,1140,"2026-10-04T10:41:42.074027Z"
"NC_000913.3","fork1",2281,3926885,-1.45,1.6006567886666603,0.832110160392121,82.50867154476951,0.9200200611833097,31.07708680468542,-1.5374595588805438,0.001,0.9999999999996895,-3175.544433671887,5.6675195967408785,1141,"2026-10-04T10:41:42.075026Z"
"NC_000913.3","fork1",2283,3926886,-1.3,1.4024466162933291,0.8025718425954855,82.67953751028024,0.9203129087822077,31.10059849448366,-1.4931420823368977,0.001,0.9999999999996887,151.33290049298944,5.672486754050928,1142,"2026-10-04T10:41:42.076026Z"
"NC_000913.3","fork1",2285,3926887,-1.0,1.0445944094453317,0.7397355271799415,82.83995345786157,0.9205819605258996,31.123308394682756,-1.4003008973005913,0.001,0.9999999999996885,345.06814102880907,5.677453911350146,1143,"2026-10-04T10:41:42.077027Z"
"NC_000913.3","fork1",2287,3926888,-0.88,-1.11502459031999,0.24693533677668908,82.91766984750838,0.920671589280735,31.139951687831132,-0.6786770192970525,0.001,0.9999999999996879,8051.254079436635,5.682421068616366,1144,"2026-10-04T10:41:42.078027Z"
"NC_000913.3","fork1",2289,3926889,-1.3,-1.197553383706671,0.23191074185089536,82.99288136719773,0.9207556804604243,31.156404303563107,-0.6567717533363557,0.001,0.9999999999996869,260.4942164163374,5.687388225875801,1145,"2026-10-04T10:41:42.079026Z"
"NC_000913.3","fork1",2291,3926890,-2.17,-2.077195418181337,0.11133314431997621,83.04783588862914,0.9207960210745485,31.171372398344595,-0.4800343915183639,0.001,0.9999999999996863,4381.1272003444465,5.692355383123063,1146,"2026-10-04T10:41:42.080027Z"
"NC_000913.3","fork1",2293,3926891,-1.44,-1.5689622110986612,0.1723643870770019,83.11305786356459,0.9208584388155453,31.187083442358364,-0.5697232430598352,0.001,0.9999999999996849,-1436.9128089090627,5.697322540367911,1147,"2026-10-04T10:41:42.081027Z"
"NC_000913.3","fork1",2295,3926892,-1.3,-1.197553383706671,0.23191074185089536,83.18831082300024,0.9209423489354956,31.203518607734267,-0.6572631768154922,0.001,0.9999999999996844,-1043.2583555768601,5.702289697610099,1148,"2026-10-04T10:41:42.082027Z"
"NC_000913.3","fork1",2297,3926893,-1.84,-1.9014679697759975,0.1299424193591184,83.24641352123332,0.9209893292413299,31.218698529692837,-0.5076032634366405,0.001,0.9999999999996835,3185.588316661416,5.707256854841074,1149,"2026-10-04T10:41:42.083026Z"
"NC_000913.3","fork1",2299,3926894,-1.84,-1.9014679697759975,0.1299424193591184,83.30451949682534,0.9210362840227139,31.23387306029489,-0.5077103296110097,0.001,0.999999999999682,-2.2801974839091086,5.7122240120664545,1150,"2026-10-04T10:41:42.084027Z"
"NC_000913.3","fork1",2301,3926895,-1.84,-1.9014679697759975,0.1299424193591184,83.36262875798,0.9210832132906704,31.24904220559574,-0.5078172304460679,0.001,0.9999999999996816,-2.277913969531204,5.7171911692862505,1151,"2026-10-04T10:41:42.085027Z"
"NC_000913.3","fork1",2303,3926896,-2.17,-2.077195418181337,0.11133314431997621,83.4176039681738,0.9211234014523075,31.263978037494724,-0.4805309279997605,0.001,0.9999999999996806,678.9636881803813,5.722158326499511,1152,"2026-10-04T10:41:42.086027Z"
"NC_000913.3","fork1",2305,3926897,-1.84,1.7785320302240026,0.8555155067192858,83.59809618233625,0.9214315948003632,31.28800946811815,-1.5742358498886553,0.001,0.9999999999996803,-3548.7622584618503,5.72712548374559,1153,"2026-10-04T10:41:42.087027Z"
"NC_000913.3","fork1",2307,3926898,-1.3,1.4024466162933291,0.8025718425954855,83.76976428574338,0.9217197138014386,31.311362156967142,-1.4953951293543013,0.001,0.9999999999996798,273.6394345394924,5.732092640980585,1154,"2026-10-04T10:41:42.088026Z"
"NC_000913.3","fork1",2309,3926899,-1.44,1.3110377889013387,0.7876867636969223,83.93902126859938,0.922001548729652,31.334503884004075,-1.4725262635441476,0.001,0.9999999999996795,81.14276663691334,5.737059798206455,1155,"2026-10-04T10:41:42.089026Z"
"NC_000913.3","fork1",2311,3926900,-1.28,-1.3896781421493287,0.19945914459223538,84.0090361120234,0.9220727678398108,31.350487125981783,-0.6094851897528102,0.001,0.9999999999996785,12118.110881567096,5.742026955393768,1156,"2026-10-04T10:41:42.090027Z"
"NC_000913.3","fork1",2313,3926901,-1.45,1.6006567886666603,0.832110160392121,84.18595446367038,0.922369240203792,31.374128485501135,-1.5369777362664605,0.001,0.9999999999996784,-3128.428343401108,5.746994112607547,1157,"2026-10-04T10:41:42.091026Z"
"NC_000913.3","fork1",2315,3926902,-1.3,1.4024466162933291,0.8025718425954855,84.3579857781811,0.9226542093823141,31.397381256840493,-1.4925857710228052,0.001,0.9999999999996783,155.77812826590448,5.751961269810958,1158,"2026-10-04T10:41:42.092026Z"
"NC_000913.3","fork1",2317,3926903,-1.44,1.3110377889013387,0.7876867636969223,84.52760142073497,0.9229329611300492,31.42042488292077,-1.469739338149064,0.001,0.9999999999996778,81.95978342512663,5.756928427004699,1159,"2026-10-04T10:41:42.093027Z"
"NC_000913.3","fork1",2319,3926904,-2.17,-2.077195418181337,0.11133314431997621,84.58289430753408,0.9229722860877496,31.43531630346232,-0.47953396068050635,0.001,0.9999999999996767,25180.074827081775,5.761895584155015,1160,"2026-10-04T10:41:42.094027Z"
"NC_000913.3","fork1",2321,3926905,-2.24,-2.2677208491146654,0.09383182322637987,84.6352256586146,0.9230054149670174,31.449991917370806,-0.4539595842316447,0.001,0.9999999999996757,771.9662425691378,5.766862741298892,1161,"2026-10-04T10:41:42.095026Z"
"NC_000913.3","fork1",2323,3926906,-1.84,-1.9014679697759975,0.1299424193591184,84.6936692559372,0.9230512717244628,31.465096537966783,-0.507036338259617,0.001,0.9999999999996753,-1157.4467316223736,5.771829898439178,1162,"2026-10-04T10:41:42.096026Z"
"NC_000913.3","fork1",2325,3926907,-1.45,-1.2993432113333396,0.21427557416581033,84.76640158344168,0.9231268350264201,31.48120974927843,-0.6309203906350894,0.001,0.9999999999996737,-1639.473781140454,5.7767970555781165,1163,"2026-10-04T10:41:42.097027Z"
"NC_000913.3","fork1",2327,3926908,-1.0,1.0445944094453317,0.7397355271799415,84.92819714089865,0.9233871768709667,31.50362350039114,-1.401079972719305,0.001,0.999999999999674,-2958.262754208806,5.781764212737724,1164,"2026-10-04T10:41:42.098027Z"
"NC_000913.3","fork1",2329,3926909,-1.0,1.0445944094453317,0.7397355271799415,85.09008472569369,0.9236467099565658,31.526011464670553,-1.4001862717667075,0.001,0.9999999999996735,3.4434952697244587,5.786731369888367,1165,"2026-10-04T10:41:42.099026Z"
"NC_000913.3","fork1",2331,3926910,-0.88,-1.11502459031999,0.24693533677668908,85.16847961027874,0.9237331664769002,31.54249125173384,-0.6783009507119746,0.001,0.9999999999996726,8349.692056343072,5.791698527004926,1166,"2026-10-04T10:41:42.100027Z"
"NC_000913.3","fork1",2333,3926911,-1.0,-0.9554055905546683,0.277799014514135,85.25213183910441,0.9238303215680275,31.559333246781637,-0.7236313798871956,0.001,0.9999999999996716,-466.5780109848419,5.796665684116745,1167,"2026-10-04T10:41:42.101027Z"
"NC_000913.3","fork1",2335,3926912,-1.45,1.6006567886666603,0.832110160392121,85.42990706543021,0.924120657611629,31.58277441728054,-1.5348087165074338,0.001,0.9999999999996714,-2793.9257095256835,5.801632841250133,1168,"2026-10-04T10:41:42.102027Z"
"NC_000913.3","fork1",2337,3926913,-1.44,-1.5689622110986612,0.1723643870770019,85.49574311063958,0.9241806710644747,31.598343454236524,-0.5687893387547878,0.001,0.9999999999996706,16096.713852421839,5.806599998340257,1169,"2026-10-04T10:41:42.103027Z"
"NC_000913.3","fork1",2339,3926914,-1.0,-0.9554055905546683,0.277799014514135,85.5795021497896,0.9242773028179078,31.61516099858166,-0.7234202085687417,0.001,0.9999999999996697,-1600.2076369337126,5.811567155429827,1170,"2026-10-04T10:41:42.104027Z"
"NC_000913.3","fork1",2341,3926915,-1.0,-0.9554055905546683,0.277799014514135,85.66328590053833,0.9243738214921638,31.631971724565084,-0.7234946021446195,0.001,0.999999999999669,-0.7707687289654777,5.816534312512838,1171,"2026-10-04T10:41:42.105027Z"
"NC_000913.3","fork1",2343,3926916,-1.3,-1.197553383706671,0.23191074185089536,85.73929116937394,0.9244543101882222,31.648230728482257,-0.6562959000984663,0.001,0.9999999999996684,834.8837207826463,5.821501469586963,1172,"2026-10-04T10:41:42.106027Z"
"NC_000913.3","fork1",2345,3926917,-2.17,-2.077195418181337,0.11133314431997621,85.79480181274636,0.9244929223584968,31.663052097134685,-0.4794704222186288,0.001,0.9999999999996668,4579.52704089039,5.826468626648737,1173,"2026-10-04T10:41:42.107026Z"
"NC_000913.3","fork1",2347,3926918,-2.24,-2.2677208491146654,0.09383182322637987,85.8473344194757,0.9245254507074062,31.677660386960156,-0.4538540269690061,0.001,0.9999999999996663,787.5098524350271,5.831435783704138,1174,"2026-10-04T10:41:42.108026Z"
"NC_000913.3","fork1",2349,3926919,-1.84,-1.9014679697759975,0.1299424193591184,85.90601342922935,0.9245704761389629,31.692692256661193,-0.5070060690628507,0.001,0.9999999999996649,-1180.4893424929803,5.836402940755974,1175,"2026-10-04T10:41:42.109026Z"
"NC_000913.3","fork1",2351,3926920,-1.45,-1.2993432113333396,0.21427557416581033,85.97906080923339,0.9246446693797014,31.70871994387952,-0.6310665984014525,0.001,0.9999999999996643,-1672.1271116324617,5.841370097806469,1176,"2026-10-04T10:41:42.110027Z"
"NC_000913.3","fork1",2353,3926921,-1.28,1.1703218578506713,0.7632031881188912,86.14566637144446,0.9249083853769459,31.731246071716246,-1.436699315997547,0.001,0.9999999999996642,-3054.9254729099507,5.846337254878452,1177,"2026-10-04T10:41:42.111026Z"
"NC_000913.3","fork1",2355,3926922,-1.44,-1.5689622110986612,0.1723643870770019,86.21163935602837,0.9249678263957115,31.7467630658955,-0.5692638737551413,0.001,0.999999999999663,14593.212906769617,5.851304411910866,1178,"2026-10-04T10:41:42.112026Z"
"NC_000913.3","fork1",2357,3926923,-1.0,-0.9554055905546683,0.277799014514135,86.2956041143033,0.9250635362655701,31.763521414608103,-0.7242900736386144,0.001,0.9999999999996623,-1619.75144373782,5.856271568942706,1179,"2026-10-04T10:41:42.113027Z"
"NC_000913.3","fork1",2359,3926924,-1.3,-1.197553383706671,0.23191074185089536,86.37176376442723,0.9251433503453926,31.779730802210967,-0.6569285152866351,0.001,0.9999999999996614,843.9808928674183,5.861238725965612,1180,"2026-10-04T10:41:42.114027Z"
"NC_000913.3","fork1",2361,3926925,-2.17,-2.077195418181337,0.11133314431997621,86.42735894158453,0.9251816388426601,31.794509759096606,-0.47968672042748406,0.001,0.9999999999996606,4629.113376292941,5.866205882976176,1181,"2026-10-04T10:41:42.115026Z"
"NC_000913.3","fork1",2363,3926926,-1.84,1.7785320302240026,0.8555155067192858,86.61003982225566,0.9254752584078202,31.81806243004398,-1.5726833136554843,0.001,0.9999999999996604,-3722.492377618657,5.871173040018633,1182,"2026-10-04T10:41:42.116027Z"
"NC_000913.3","fork1",2365,3926927,-2.24,-2.2677208491146654,0.09383182322637987,86.66269996698404,0.925507397666847,31.832624435743234,-0.45378407770970886,0.001,0.9999999999996592,34814.095589858625,5.876140197012115,1183,"2026-10-04T10:41:42.117027Z"
"NC_000913.3","fork1",2367,3926928,-2.17,-2.077195418181337,0.11133314431997621,86.71834943434575,0.925545514942932,31.847387387759223,-0.4796176185261011,0.001,0.9999999999996585,-677.738376655037,5.881107354001158,1184,"2026-10-04T10:41:42.118027Z"
"NC_000913.3","fork1",2369,3926929,-1.44,-1.5689622110986612,0.1723643870770019,86.7844351203041,0.9256044921894706,31.86286384468475,-0.5695471040419501,0.001,0.9999999999996573,-1524.8166164728816,5.8860745109878,1185,"2026-10-04T10:41:42.119026Z"
"NC_000913.3","fork1",2371,3926930,-0.58,-0.40523812514667396,0.4000544771470622,86.88947893053908,0.9257412117181133,31.881013645509817,-0.90466069556959,0.001,0.9999999999996566,-2451.1025956170247,5.891041667979965,1186,"2026-10-04T10:41:42.120027Z"
"NC_000913.3","fork1",2373,3926931,-1.0,1.0445944094453317,0.7397355271799415,87.05269538554421,0.925993409423275,31.90314028526487,-1.4034278100185118,0.001,0.9999999999996563,-1977.683001235472,5.896008824981531,1187,"2026-10-04T10:41:42.121027Z"
"NC_000913.3","fork1",2375,3926932,-1.28,1.1703218578506713,0.7632031881188912,87.22002080914403,0.9262527817877609,31.9255158747377,-1.4368434009210602,0.001,0.999999999999656,-128.83250291054893,5.900975981974027,1188,"2026-10-04T10:41:42.122027Z"
"NC_000913.3","fork1",2377,3926933,-2.24,-2.2677208491146654,0.09383182322637987,87.2727932689293,0.9262846124430367,31.940047305547132,-0.45355650767783134,0.001,0.9999999999996549,30891.192302633794,5.905943138922628,1189,"2026-10-04T10:41:42.123027Z"
"NC_000913.3","fork1",2379,3926934,-2.17,-2.077195418181337,0.11133314431997621,87.3285626347501,0.9263223636840698,31.954778248982283,-0.4793856051314118,0.001,0.999999999999654,-684.1920092355388,5.910910295866787,1190,"2026-10-04T10:41:42.124027Z"
"NC_000913.3","fork1",2381,3926935,-1.84,1.7785320302240026,0.8555155067192858,87.51190062658885,0.9266118616570622,31.97819260227275,-1.572392755379668,0.001,0.9999999999996538,-3775.5260907371626,5.915877452842577,1191,"2026-10-04T10:41:42.125026Z"
"NC_000913.3","fork1",2383,3926936,-1.44,-1.5689622110986612,0.1723643870770019,87.5781911624377,0.9266700611469191,31.993624084292197,-0.5689356853218569,0.001,0.999999999999653,17241.68154267013,5.920844609772919,1192,"2026-10-04T10:41:42.126027Z"
"NC_000913.3","fork1",2385,3926937,-1.45,1.6006567886666603,0.832110160392121,87.75767986499646,0.9269504288517366,32.01672523889546,-1.5371808554153186,0.001,0.9999999999996528,-3453.483241672146,5.9258117667301144,1193,"2026-10-04T10:41:42.127026Z"
"NC_000913.3","fork1",2387,3926938,-2.24,-2.2677208491146654,0.09383182322637987,87.81055758565273,0.9269819821272809,32.03123131810659,-0.45327724578914497,0.001,0.999999999999652,34351.54008354464,5.930778923639195,1194,"2026-10-04T10:41:42.128026Z"
"NC_000913.3","fork1",2389,3926939,-2.17,-2.077195418181337,0.11133314431997621,87.86643851208436,0.9270194043686273,32.04593557537733,-0.4790915978722402,0.001,0.9999999999996507,-689.8130938803586,5.935746080543842,1195,"2026-10-04T10:41:42.129026Z"
"NC_000913.3","fork1",2391,3926940,-2.24,-2.2677208491146654,0.09383182322637987,87.91931367972758,0.9270509301953443,32.06043138888757,-0.45342210601581,0.001,0.9999999999996493,814.2369139693011,5.940713237442207,1196,"2026-10-04T10:41:42.130027Z"
"NC_000913.3","fork1",2393,3926941,-2.17,-2.077195418181337,0.11133314431997621,87.97519458855353,0.9270883198797053,32.07512538557653,-0.47926728575579036,0.001,0.9999999999996485,-691.238243427627,5.945680394336167,1197,"2026-10-04T10:41:42.131026Z"
"NC_000913.3","fork1",2395,3926942,-2.24,-2.2677208491146654,0.09383182322637987,88.02806724496514,0.9271198182770479,32.089610957350054,-0.4535665985807722,0.001,0.999999999999648,815.9363441720692,5.950647551223858,1198,"2026-10-04T10:41:42.132026Z"
"NC_000913.3","fork1",2397,3926943,-1.45,-1.2993432113333396,0.21427557416581033,88.10165377084299,0.9271917014249701,32.10549022845674,-0.6311387728173387,0.001,0.999999999999647,-2470.2893427654385,5.955614708112273,1199,"2026-10-04T10:41:42.133027Z"
"NC_000913.3","fork1",2399,3926944,-0.88,-1.11502459031999,0.24693533677668908,88.18087537524922,0.9272744599306145,32.121742723934,-0.6793468709990769,0.001,0.999999999999646,-582.515329467915,5.960581864996018,1200,"2026-10-04T10:41:42.134027Z"
"NC_000913.3","fork1",2401,3926945,-1.0,-0.9554055905546683,0.277799014514135,88.26542990580572,0.9273674585375149,32.138346905276336,-0.7248963310295391,0.001,0.9999999999996454,-489.7864769012901,5.965549021874727,1201,"2026-10-04T10:41:42.135026Z"
"NC_000913.3","fork1",2403,3926946,-1.45,1.6006567886666603,0.832110160392121,88.44546696551168,0.9276453680260021,32.16135900532222,-1.5403394294792925,0.001,0.999999999999645,-2934.2038765525194,5.970516178774018,1202,"2026-10-04T10:41:42.136027Z"
"NC_000913.3","fork1",2405,3926947,-2.24,-2.2677208491146654,0.09383182322637987,88.49841603209045,0.9276766445476716,32.17581930808485,-0.45343282116225636,0.001,0.9999999999996438,34751.51808120289,5.975483335624993,1203,"2026-10-04T10:41:42.137027Z"
"NC_000913.3","fork1",2407,3926948,-1.84,-1.9014679697759975,0.1299424193591184,88.5575870309709,0.9277199370602293,32.190691891568434,-0.5067557842207544,0.001,0.9999999999996428,-1231.690190942577,5.980450492472534,1204,"2026-10-04T10:41:42.138027Z"
"NC_000913.3","fork1",2409,3926949,-1.84,-1.9014679697759975,0.1299424193591184,88.61676135866547,0.92776320567598,32.20555934158243,-0.506843090892071,0.001,0.9999999999996418,-2.0177828618210683,5.985417649314531,1205,"2026-10-04T10:41:42.139027Z"
"NC_000913.3","fork1",2411,3926950,-1.45,-1.2993432113333396,0.21427557416581033,88.69048619330029,0.9278345036334402,32.221395877628204,-0.6313699401135595,0.001,0.9999999999996412,-1746.5696586191157,5.990384806155137,1206,"2026-10-04T10:41:42.140027Z"
"NC_000913.3","fork1",2413,3926951,-0.88,-1.11502459031999,0.24693533677668908,88.76986246007985,0.9279165882930162,32.23760367699565,-0.6796411709805119,0.001,0.9999999999996405,-588.0664074911527,5.9953519629910765,1207,"2026-10-04T10:41:42.141027Z"
"NC_000913.3","fork1",2415,3926952,-1.0,-0.9554055905546683,0.277799014514135,88.85458708651896,0.9280088295213164,32.25416130990839,-0.7252489265218598,0.001,0.9999999999996398,-494.44002841023024,6.0003191198219215,1208,"2026-10-04T10:41:42.142027Z"
"NC_000913.3","fork1",2417,3926953,-0.58,-0.40523812514667396,0.4000544771470622,88.96045103964875,0.928141473535386,32.272120896315656,-0.9056330003624196,0.001,0.9999999999996391,-1359.9111509535796,6.005286276651886,1209,"2026-10-04T10:41:42.143026Z"
"NC_000913.3","fork1",2419,3926954,-1.0,1.0445944094453317,0.7397355271799415,89.12504779581876,0.9283861500788553,32.293975816322465,-1.4057833536196789,0.001,0.9999999999996386,-2044.1287348824994,6.0102534334904965,1210,"2026-10-04T10:41:42.144026Z"
"NC_000913.3","fork1",2421,3926955,-0.88,-1.11502459031999,0.24693533677668908,89.2045526428449,0.9284676556435276,32.31015402738579,-0.6792500529040587,0.001,0.999999999999638,8913.91040153267,6.015220590293542,1211,"2026-10-04T10:41:42.145026Z"
"NC_000913.3","fork1",2423,3926956,-1.45,1.6006567886666603,0.832110160392121,89.3852688998333,0.9287416789788584,32.3330313129882,-1.5407326730291402,0.001,0.9999999999996375,-3143.8294081238755,6.020187747118637,1212,"2026-10-04T10:41:42.146027Z"
"NC_000913.3","fork1",2425,3926957,-2.24,-2.2677208491146654,0.09383182322637987,89.43836921178871,0.928772517988889,32.34744134837487,-0.4531300220339274,0.001,0.9999999999996363,35267.10649642634,6.0251549038950865,1213,"2026-10-04T10:41:42.147026Z"
"NC_000913.3","fork1",2427,3926958,-1.28,-1.3896781421493287,0.19945914459223538,89.50974838043538,0.9288380318127859,32.36305492437548,-0.6090179170827049,0.001,0.9999999999996361,-2379.4656726831204,6.030122060671556,1214,"2026-10-04T10:41:42.148026Z"
"NC_000913.3","fork1",2429,3926959,-1.0,-0.9554055905546683,0.277799014514135,89.59470448000337,0.9289291842308792,32.379558567111985,-0.7246331321847862,0.001,0.9999999999996347,-1268.3724416802145,6.035089217445624,1215,"2026-10-04T10:41:42.149027Z"
"NC_000913.3","fork1",2431,3926960,-1.3,-1.197553383706671,0.23191074185089536,89.6717366790494,0.9290051970305488,32.39553140741233,-0.656990998953923,0.001,0.9999999999996338,889.8781984726119,6.040056374210446,1216,"2026-10-04T10:41:42.150027Z"
"NC_000913.3","fork1",2433,3926961,-1.84,-1.9014679697759975,0.1299424193591184,89.73111754239834,0.929047755101194,32.41033387020419,-0.5065516846832739,0.001,0.9999999999996328,3534.918571029621,6.045023530963708,1217,"2026-10-04T10:41:42.151026Z"
"NC_000913.3","fork1",2435,3926962,-1.45,-1.2993432113333396,0.21427557416581033,89.80512112686009,0.929117882069546,32.426094228028425,-0.6311838042782326,0.001,0.9999999999996321,-1777.2352423571122,6.0499906877156056,1218,"2026-10-04T10:41:42.152026Z"
"NC_000913.3","fork1",2437,3926963,-1.28,1.1703218578506713,0.7632031881188912,89.97433711916645,0.9293671393067736,32.44810528635829,-1.440517171144391,0.001,0.9999999999996317,-3246.9804121564225,6.054957844487949,1219,"2026-10-04T10:41:42.153027Z"
"NC_000913.3","fork1",2439,3926964,-1.84,1.7785320302240026,0.8555155067192858,90.15966225983439,0.9296455822354208,32.47113743187944,-1.5750038801876682,0.001,0.9999999999996314,-482.9955987629909,6.059925001252678,1220,"2026-10-04T10:41:42.154027Z"
"NC_000913.3","fork1",2441,3926965,-1.3,1.4024466162933291,0.8025718425954855,90.33590470527848,0.9299058710162417,32.49353774122322,-1.4956863078007188,0.001,0.9999999999996313,304.72912484669,6.064892158001615,1221,"2026-10-04T10:41:42.155026Z"
"NC_000913.3","fork1",2443,3926966,-0.88,-1.11502459031999,0.24693533677668908,90.41576706309282,0.9299857773876986,32.50963443307521,-0.6780011174357514,0.001,0.9999999999996303,10233.041188781921,6.069859314710746,1222,"2026-10-04T10:41:42.156027Z"
"NC_000913.3","fork1",2445,3926967,-1.45,1.6006567886666603,0.832110160392121,90.59729890613508,0.9302544220203306,32.53232837953075,-1.5378854167204334,0.001,0.9999999999996297,-3200.824415735219,6.074826471441456,1223,"2026-10-04T10:41:42.157027Z"
"NC_000913.3","fork1",2447,3926968,-2.24,-2.2677208491146654,0.09383182322637987,90.650636538654,0.930284655492156,32.546683627766335,-0.45226701854272466,0.001,0.9999999999996292,35907.83104392109,6.079793628123047,1224,"2026-10-04T10:41:42.158027Z"
"NC_000913.3","fork1",2449,3926969,-1.84,-1.9014679697759975,0.1299424193591184,90.71025019116361,0.9303265041087816,32.561440837097514,-0.5055173635577609,0.001,0.9999999999996282,-1272.451739359717,6.084760784801254,1225,"2026-10-04T10:41:42.159027Z"
"NC_000913.3","fork1",2451,3926970,-1.45,-1.2993432113333396,0.21427557416581033,90.78453447090676,0.9303954618917346,32.577143020695395,-0.6298101523850963,0.001,0.999999999999627,-1802.4475774115442,6.089727941478011,1226,"2026-10-04T10:41:42.160027Z"
"NC_000913.3","fork1",2453,3926971,-1.44,1.3110377889013387,0.7876867636969223,90.958602901181,0.9306484114677165,32.599286690431455,-1.472864903510969,0.001,0.9999999999996272,-3332.8964788866833,6.094695098176042,1227,"2026-10-04T10:41:42.161027Z"
"NC_000913.3","fork1",2455,3926972,-2.17,-2.077195418181337,0.11133314431997621,91.01503998589598,0.9306840951477322,32.61381859421352,-0.4779165208619045,0.001,0.9999999999996256,27882.448845264305,6.099662254828336,1228,"2026-10-04T10:41:42.162027Z"
"NC_000913.3","fork1",2457,3926973,-1.84,1.7785320302240026,0.8555155067192858,91.20106488540394,0.9309577321648074,32.636688020423534,-1.5716131006375402,0.001,0.9999999999996259,-3996.8882553459434,6.10462941151126,1229,"2026-10-04T10:41:42.163026Z"
"NC_000913.3","fork1",2459,3926974,-1.44,-1.5689622110986612,0.1723643870770019,91.26818798283135,0.9310127418105144,32.651892330419955,-0.5674528163361945,0.001,0.999999999999625,18254.258346784256,6.109596568147247,1230,"2026-10-04T10:41:42.164026Z"
"NC_000913.3","fork1",2461,3926975,-1.3,-1.197553383706671,0.23191074185089536,91.3456978622549,0.9310866914887265,32.667757332512345,-0.6551299870292289,0.001,0.9999999999996236,-1185.6328899986484,6.114563724780058,1231,"2026-10-04T10:41:42.165026Z"
"NC_000913.3","fork1",2463,3926976,-1.84,-1.9014679697759975,0.1299424193591184,91.40544773874879,0.9311280943033379,32.68247666832024,-0.505117437384718,0.001,0.999999999999623,3623.2452081457864,6.119530881401216,1232,"2026-10-04T10:41:42.166027Z"
"NC_000913.3","fork1",2465,3926977,-1.45,-1.2993432113333396,0.21427557416581033,91.47991005942833,0.9311963174041604,32.69813356599689,-0.6293784617259182,0.001,0.9999999999996219,-1821.3922094277793,6.124498038020934,1233,"2026-10-04T10:41:42.167026Z"
"NC_000913.3","fork1",2467,3926978,-1.28,1.1703218578506713,0.7632031881188912,91.65016860946393,0.9314388051463619,32.7199086254363,-1.436296617881613,0.001,0.999999999999622,-3327.6657567508523,6.129465194660532,1234,"2026-10-04T10:41:42.168026Z"
"NC_000913.3","fork1",2469,3926979,-1.3,1.4024466162933291,0.8025718425954855,91.82739214741034,0.9316929470459849,32.74209477073983,-1.4927446222177894,0.001,0.9999999999996211,-222.11215238379177,6.134432351288835,1235,"2026-10-04T10:41:42.169027Z"
"NC_000913.3","fork1",2471,3926980,-0.88,-1.11502459031999,0.24693533677668908,91.9076839579457,0.9317709656511594,32.758090882410606,-0.676526915389008,0.001,0.9999999999996203,10461.834135639705,6.139399507876705,1236,"2026-10-04T10:41:42.170027Z"
"NC_000913.3","fork1",2473,3926981,-1.0,-0.9554055905546683,0.277799014514135,91.99338748190964,0.9318586368398609,32.774423341864754,-0.7219166887152878,0.001,0.9999999999996196,-517.7273628715972,6.144366664459067,1237,"2026-10-04T10:41:42.171026Z"
"NC_000913.3","fork1",2475,3926982,-1.45,1.6006567886666603,0.832110160392121,92.17599216146458,0.9321206198250424,32.79688610761727,-1.5349070802612523,0.001,0.9999999999996193,-3103.218291000641,6.149333821060616,1238,"2026-10-04T10:41:42.172027Z"
"NC_000913.3","fork1",2477,3926983,-1.44,-1.5689622110986612,0.1723643870770019,92.24334895564729,0.9321747704392889,32.812035425327466,-0.5665262557467262,0.001,0.9999999999996185,17883.099536157206,6.154300977616226,1239,"2026-10-04T10:41:42.173027Z"
"NC_000913.3","fork1",2479,3926984,-1.3,-1.197553383706671,0.23191074185089536,92.32113036886761,0.9322475651483635,32.82783746078162,-0.6540689019039172,0.001,0.9999999999996179,-1202.596277532394,6.159268134168625,1240,"2026-10-04T10:41:42.174027Z"
"NC_000913.3","fork1",2481,3926985,-2.17,-2.077195418181337,0.11133314431997621,92.37783062126158,0.9322824858823733,32.84230201479538,-0.4769158495199707,0.001,0.9999999999996166,5073.004832437816,6.164235290708399,1241,"2026-10-04T10:41:42.175026Z"
"NC_000913.3","fork1",2483,3926986,-1.3,1.4024466162933291,0.8025718425954855,92.55553436383248,0.9325337269562924,32.864385755524886,-1.4914403729711636,0.001,0.9999999999996164,-4038.0520096710857,6.169202447275903,1242,"2026-10-04T10:41:42.176027Z"
"NC_000913.3","fork1",2485,3926987,-0.88,-1.11502459031999,0.24693533677668908,92.636031736067,0.9326108547032815,32.88033275523431,-0.6758287553219562,0.001,0.9999999999996154,10574.814505661094,6.174169603802687,1243,"2026-10-04T10:41:42.177027Z"
"NC_000913.3","fork1",2487,3926988,-1.3,-1.197553383706671,0.23191074185089536,92.7139167050854,0.9326832151757689,32.89610847950193,-0.6538031743106355,0.001,0.9999999999996148,304.38691531710543,6.179136760321699,1244,"2026-10-04T10:41:42.178027Z"
"NC_000913.3","fork1",2489,3926989,-1.45,-1.2993432113333396,0.21427557416581033,92.78872855721333,0.9327500090649646,32.91168452762987,-0.6279447385470664,0.001,0.9999999999996139,387.13774680489024,6.1841039168330045,1245,"2026-10-04T10:41:42.179027Z"
"NC_000913.3","fork1",2491,3926990,-1.28,1.1703218578506713,0.7632031881188912,92.95980115267349,0.932987415121732,32.93327952142169,-1.4331141209618798,0.001,0.9999999999996138,-3391.5283939187975,6.189071073363801,1246,"2026-10-04T10:41:42.180027Z"
"NC_000913.3","fork1",2493,3926991,-1.3,1.4024466162933291,0.8025718425954855,93.13787159875554,0.9332362281094775,32.955278747069734,-1.4893885522072692,0.001,0.9999999999996134,-226.17159881924533,6.194038229882488,1247,"2026-10-04T10:41:42.181026Z"
"NC_000913.3","fork1",2495,3926992,-0.88,-1.11502459031999,0.24693533677668908,93.21853996564614,0.9333126101854843,32.97118827750462,-0.6749347557006673,0.001,0.9999999999996125,10662.891598208413,6.199005386360212,1248,"2026-10-04T10:41:42.182027Z"
"NC_000913.3","fork1",2497,3926993,-0.58,-0.40523812514667396,0.4000544771470622,93.3261073451632,0.9334361829016486,32.988762442633266,-0.8993511706527542,0.001,0.9999999999996114,-1816.0676718765865,6.203972542838077,1249,"2026-10-04T10:41:42.183026Z"
"NC_000913.3","fork1",2499,3926994,-1.0,1.0445944094453317,0.7397355271799415,93.49336907399628,0.9336641196058214,33.01002462262403,-1.3960490921674586,0.001,0.999999999999611,-2179.104604137133,6.208939699322765,1250,"2026-10-04T10:41:42.184026Z"
"NC_000913.3","fork1",2501,3926995,-0.88,-1.11502459031999,0.24693533677668908,93.5741420686142,0.9337400469033825,33.025911502432116,-0.6743494269875167,0.001,0.9999999999996105,9505.140948800481,6.213906855770189,1251,"2026-10-04T10:41:42.185026Z"
"NC_000913.3","fork1",2503,3926996,-1.0,-0.9554055905546683,0.277799014514135,93.66035925186746,0.9338253676067699,33.04212762406224,-0.7195818098301432,0.001,0.9999999999996099,-530.1454517697331,6.218874012211907,1252,"2026-10-04T10:41:42.186027Z"
"NC_000913.3","fork1",2505,3926997,-1.0,-0.9554055905546683,0.277799014514135,93.74660049465628,0.9339105862217019,33.05833727340153,-0.719583473851696,0.001,0.9999999999996088,-0.01952650314841349,6.223841168646019,1253,"2026-10-04T10:41:42.187026Z"
"NC_000913.3","fork1",2507,3926998,-1.0,-0.9554055905546683,0.277799014514135,93.83286579150058,0.9339957028503122,33.07454045460472,-0.7195844422340906,0.001,0.9999999999996081,-0.011377123488283607,6.228808325072515,1254,"2026-10-04T10:41:42.188026Z"
"NC_000913.3","fork1",2509,3926999,-1.3,-1.197553383706671,0.23191074185089536,93.91108036792521,0.9340666814417089,33.09023992996005,-0.6523487203882065,0.001,0.9999999999996071,947.2676270806052,6.233775481489246,1255,"2026-10-04T10:41:42.189027Z"
"NC_000913.3","fork1",2511,3927000,-1.84,-1.9014679697759975,0.1299424193591184,93.9713624647223,0.934106420596609,33.1048290338516,-0.5028722676879602,0.001,0.9999999999996062,3761.440148289639,6.238742637894197,1256,"2026-10-04T10:41:42.190027Z"
"NC_000913.3","fork1",2513,3927001,-1.45,-1.2993432113333396,0.21427557416581033,94.04649945684127,0.9341719020039374,33.12032667881169,-0.6266635334177407,0.001,0.9999999999996055,-1890.4796152119295,6.243709794297613,1257,"2026-10-04T10:41:42.191026Z"
"NC_000913.3","fork1",2515,3927002,-0.88,-1.11502459031999,0.24693533677668908,94.12740545655335,0.9342472890303013,33.13617226385226,-0.6746195985499942,0.001,0.9999999999996046,-636.1315394079801,6.24867695069585,1258,"2026-10-04T10:41:42.192027Z"
"NC_000913.3","fork1",2517,3927003,-0.58,-0.40523812514667396,0.4000544771470622,94.23531781289873,0.9343692515655614,33.153667341445505,-0.8991560775031875,0.001,0.9999999999996041,-1841.02829999689,6.253644107094082,1259,"2026-10-04T10:41:42.193027Z"
"NC_000913.3","fork1",2519,3927004,-1.28,1.1703218578506713,0.7632031881188912,94.40730024993536,0.9346013421574096,33.17506976487054,-1.4304145037148,0.001,0.9999999999996039,-2289.0131908447124,6.258611263499982,1260,"2026-10-04T10:41:42.194027Z"
"NC_000913.3","fork1",2521,3927005,-1.84,1.7785320302240026,0.8555155067192858,94.59565721782093,0.934860597478171,33.19743813217916,-1.56380870505617,0.001,0.9999999999996032,-514.5283072673272,6.2635784198954285,1261,"2026-10-04T10:41:42.195027Z"
"NC_000913.3","fork1",2523,3927006,-1.3,1.4024466162933291,0.8025718425954855,94.77477675895081,0.935102939250166,33.219207736261616,-1.4848491086831945,0.001,0.999999999999603,325.81917563350845,6.268545576272097,1262,"2026-10-04T10:41:42.196027Z"
"NC_000913.3","fork1",2525,3927007,-0.88,-1.11502459031999,0.24693533677668908,94.85590945753056,0.9351773340294314,33.23501035939187,-0.6727732395075268,0.001,0.9999999999996024,10915.764213487897,6.273512732607197,1263,"2026-10-04T10:41:42.197027Z"
"NC_000913.3","fork1",2527,3927008,-1.0,-0.9554055905546683,0.277799014514135,94.94251219518507,0.9352609323046525,33.25113707521775,-0.7179045285610273,0.001,0.9999999999996015,-539.8590931947472,6.278479888936469,1264,"2026-10-04T10:41:42.198027Z"
"NC_000913.3","fork1",2529,3927009,-1.0,-0.9554055905546683,0.277799014514135,95.0291388884728,0.9353444302215473,33.26725736998612,-0.7178955827914788,0.001,0.9999999999996009,0.1071376374541787,6.283447045257971,1265,"2026-10-04T10:41:42.199026Z"
"NC_000913.3","fork1",2531,3927010,-1.0,-0.9554055905546683,0.277799014514135,95.11578953197817,0.9354278278813775,33.28337124784153,-0.7178859559835442,0.001,0.9999999999996001,0.11543259072499878,6.288414201571693,1266,"2026-10-04T10:41:42.200026Z"
"NC_000913.3","fork1",2533,3927011,-1.3,-1.197553383706671,0.23191074185089536,95.19435083866082,0.9354973727758592,33.298989192169955,-0.6507796185184885,0.001,0.9999999999995992,964.9354990778241,6.293381357875501,1267,"2026-10-04T10:41:42.201026Z"
"NC_000913.3","fork1",2535,3927012,-1.28,-1.3896781421493287,0.19945914459223538,95.26718981006,0.9355571303673215,33.31425539031675,-0.6033366476486488,0.001,0.999999999999598,793.9237460700049,6.29834851417074,1268,"2026-10-04T10:41:42.202027Z"
"NC_000913.3","fork1",2537,3927013,-1.0,-0.9554055905546683,0.277799014514135,95.35390360915517,0.9356402725484667,33.33035111198053,-0.7180017541236094,0.001,0.9999999999995972,-1379.1447962454272,6.303315670463026,1269,"2026-10-04T10:41:42.203026Z"
"NC_000913.3","fork1",2539,3927014,-0.58,-0.40523812514667396,0.4000544771470622,95.46228230763168,0.9357598289502389,33.34774168200198,-0.8967538664855513,0.001,0.9999999999995964,-1495.1279037532795,6.3082828267532305,1270,"2026-10-04T10:41:42.204026Z"
"NC_000913.3","fork1",2541,3927015,-0.88,-1.11502459031999,0.24693533677668908,95.54358702058329,0.9358335223760592,33.36349538166288,-0.6726862133523978,0.001,0.9999999999995963,3040.5378856929533,6.313249983026602,1271,"2026-10-04T10:41:42.205027Z"
"NC_000913.3","fork1",2543,3927016,-1.45,1.6006567886666603,0.832110160392121,95.7285772045107,0.93608127137574,33.385453662947626,-1.5271610267532976,0.001,0.9999999999995953,-3448.9536365503054,6.318217139319797,1272,"2026-10-04T10:41:42.206027Z"
"NC_000913.3","fork1",2545,3927017,-2.24,-2.2677208491146654,0.09383182322637987,95.78282838842456,0.9361091524887052,33.399569080201516,-0.44824229677659605,0.001,0.9999999999995945,38697.11841580731,6.3231842955622115,1273,"2026-10-04T10:41:42.207026Z"
"NC_000913.3","fork1",2547,3927018,-2.17,-2.077195418181337,0.11133314431997621,95.84018071756003,0.9361422192310961,33.41386521665962,-0.4739124421479614,0.001,0.9999999999995938,-776.3131023887047,6.328151451800513,1274,"2026-10-04T10:41:42.208026Z"
"NC_000913.3","fork1",2549,3927019,-1.84,1.7785320302240026,0.8555155067192858,96.02952376917447,0.9363957818668089,33.43603036876905,-1.5607876503806604,0.001,0.9999999999995934,-4286.417062896905,6.333118608068052,1275,"2026-10-04T10:41:42.209027Z"
"NC_000913.3","fork1",2551,3927020,-1.3,1.4024466162933291,0.8025718425954855,96.2095771631841,0.9366327993414879,33.45760647099382,-1.4819024581675695,0.001,0.9999999999995931,332.8243722111117,6.338085764315995,1276,"2026-10-04T10:41:42.210027Z"
"NC_000913.3","fork1",2553,3927021,-0.88,-1.11502459031999,0.24693533677668908,96.29110108203439,0.9367055590715604,33.4733143296612,-0.6711649423551607,0.001,0.9999999999995922,11142.667997871697,6.343052920521902,1277,"2026-10-04T10:41:42.211026Z"
"NC_000913.3","fork1",2555,3927022,-1.0,-0.9554055905546683,0.277799014514135,96.3781250554,0.9367873196974147,33.489340865119516,-0.7162088549454981,0.001,0.9999999999995914,-550.9242636010104,6.348020076721822,1278,"2026-10-04T10:41:42.212027Z"
"NC_000913.3","fork1",2557,3927023,-1.45,1.6006567886666603,0.832110160392121,96.56364094347917,0.9370316338424169,33.51117794943248,-1.5234447575584666,0.001,0.9999999999995912,-3304.0899150784558,6.352987232939323,1279,"2026-10-04T10:41:42.213027Z"
"NC_000913.3","fork1",2559,3927024,-1.3,1.4024466162933291,0.8025718425954855,96.74400839590439,0.9372664405928136,33.53267659860255,-1.478811750606166,0.001,0.9999999999995907,190.08400259745892,6.357954389138354,1280,"2026-10-04T10:41:42.214027Z"
"NC_000913.3","fork1",2561,3927025,-0.88,-1.11502459031999,0.24693533677668908,96.82569186442137,0.9373385214353745,33.54835259276872,-0.6699030129714965,0.001,0.9999999999995901,11222.243093937033,6.362921545295117,1281,"2026-10-04T10:41:42.215027Z"
"NC_000913.3","fork1",2563,3927026,-1.45,1.6006567886666603,0.832110160392121,97.01146739753139,0.9375808471594774,33.57012107933964,-1.5201793052021473,0.001,0.99999999999959,-3508.815646289687,6.367888701471231,1282,"2026-10-04T10:41:42.216027Z"
"NC_000913.3","fork1",2565,3927027,-1.3,1.4024466162933291,0.8025718425954855,97.19208821267243,0.9378137418289864,33.59155341825182,-1.4756340573139242,0.001,0.9999999999995893,191.26778634370913,6.3728558576285455,1283,"2026-10-04T10:41:42.217027Z"
"NC_000913.3","fork1",2567,3927028,-0.88,-1.11502459031999,0.24693533677668908,97.2739093138868,0.937885235497819,33.607203715465616,-0.6686468639566618,0.001,0.9999999999995887,11287.533659049055,6.377823013743434,1284,"2026-10-04T10:41:42.218027Z"
"NC_000913.3","fork1",2569,3927029,-1.0,-0.9554055905546683,0.277799014514135,97.36124537607935,0.9379655731946568,33.62316794088782,-0.7134733678219867,0.001,0.9999999999995881,-557.9759643325474,6.382790169852204,1285,"2026-10-04T10:41:42.219026Z"
"NC_000913.3","fork1",2571,3927030,-1.3,-1.197553383706671,0.23191074185089536,97.44043130197672,0.9380325659707143,33.63865075926665,-0.6467931719886884,0.001,0.999999999999587,995.3341204443078,6.38775732595081,1286,"2026-10-04T10:41:42.220026Z"
"NC_000913.3","fork1",2573,3927031,-1.45,-1.2993432113333396,0.21427557416581033,97.51649211950027,0.9380944043592014,33.653945449145304,-0.6211828493673933,0.001,0.999999999999586,414.1492565998799,6.392724482041337,1287,"2026-10-04T10:41:42.221026Z"
"NC_000913.3","fork1",2575,3927032,-0.88,-1.11502459031999,0.24693533677668908,97.59838995760047,0.9381655966338511,33.66957248037513,-0.6686760648658021,0.001,0.9999999999995854,-667.1119265693511,6.397691638126362,1288,"2026-10-04T10:41:42.222027Z"
"NC_000913.3","fork1",2577,3927033,-1.0,-0.9554055905546683,0.277799014514135,97.68581129306307,0.9382455955944904,33.685512602910585,-0.7135299615771769,0.001,0.9999999999995844,-560.6809932648324,6.4026587942052595,1289,"2026-10-04T10:41:42.223026Z"
"NC_000913.3","fork1",2579,3927034,-1.3,-1.197553383706671,0.23191074185089536,97.76506977272255,0.9383123058546291,33.700972603214325,-0.6468038846646644,0.001,0.9999999999995839,1000.2370965690405,6.407625950274006,1290,"2026-10-04T10:41:42.224026Z"
"NC_000913.3","fork1",2581,3927035,-1.28,-1.3896781421493287,0.19945914459223538,97.83855394176722,0.9383696273942703,33.716092058436686,-0.5996292481617471,0.001,0.9999999999995827,822.9827181577349,6.412593106333969,1291,"2026-10-04T10:41:42.225027Z"
"NC_000913.3","fork1",2583,3927036,-0.58,-0.40523812514667396,0.4000544771470622,97.94786548610429,0.938484447016886,33.73327477442557,-0.8912583057944822,0.001,0.9999999999995818,-2539.8886617904227,6.417560262396322,1292,"2026-10-04T10:41:42.226027Z"
"NC_000913.3","fork1",2585,3927037,-0.88,-1.11502459031999,0.24693533677668908,98.02986903320301,0.9385552201173062,33.74887180284337,-0.668540084545659,0.001,0.9999999999995814,3146.933226418917,6.422527418441485,1293,"2026-10-04T10:41:42.227026Z"
"NC_000913.3","fork1",2587,3927038,-1.0,-0.9554055905546683,0.277799014514135,98.11740672507511,0.938634747969919,33.7647806788346,-0.7134108478030043,0.001,0.9999999999995807,-564.2144454197622,6.427494574480469,1294,"2026-10-04T10:41:42.228027Z"
"NC_000913.3","fork1",2589,3927039,-1.0,-0.9554055905546683,0.277799014514135,98.20496812686572,0.9387141796111015,33.78068326211746,-0.7133769486365236,0.001,0.9999999999995797,0.42677157334424753,6.432461730511344,1295,"2026-10-04T10:41:42.229027Z"
"NC_000913.3","fork1",2591,3927040,-1.0,-0.9554055905546683,0.277799014514135,98.29255323330584,0.9387935151398582,33.79657955680328,-0.7133424042671556,0.001,0.9999999999995788,0.43542117774163525,6.437428886534081,1296,"2026-10-04T10:41:42.230027Z"
"NC_000913.3","fork1",2593,3927041,-0.58,-0.40523812514667396,0.4000544771470622,98.40203183837504,0.9389075964586887,33.81372434881479,-0.8909938322782619,0.001,0.999999999999578,-1557.2350480541768,6.442396042554222,1297,"2026-10-04T10:41:42.231026Z"
"NC_000913.3","fork1",2595,3927042,-1.28,1.1703218578506713,0.7632031881188912,98.57653828036293,0.9391246836731934,33.834578335138474,-1.4175474076782002,0.001,0.9999999999995776,-2425.539323453254,6.447363198580447,1298,"2026-10-04T10:41:42.232027Z"
"NC_000913.3","fork1",2597,3927043,-2.24,-2.2677208491146654,0.09383182322637987,98.63130181909943,0.9391513235549233,33.848569329680934,-0.44519081566005864,0.001,0.9999999999995767,36500.03411713955,6.452330354559471,1299,"2026-10-04T10:41:42.233027Z"
"NC_000913.3","fork1",2599,3927044,-1.84,-1.9014679697759975,0.1299424193591184,98.69253082501208,0.93918819762673,33.86292504534441,-0.4977610155356191,0.001,0.999999999999576,-1425.6684249863897,6.4572975105352945,1300,"2026-10-04T10:41:42.234027Z"
"NC_000913.3","fork1",2601,3927045,-1.28,-1.3896781421493287,0.19945914459223538,98.766217867753,0.9392447579682442,33.877986841934685,-0.5989263444064903,0.001,0.9999999999995748,-1788.6265563900977,6.462264666508817,1301,"2026-10-04T10:41:42.235027Z"
"NC_000913.3","fork1",2603,3927046,-1.0,-0.9554055905546683,0.277799014514135,98.8539586878962,0.9393234510504546,33.893843819245625,-0.7128730257646272,0.001,0.9999999999995741,-1447.9885417832097,6.467231822479111,1302,"2026-10-04T10:41:42.236026Z"
"NC_000913.3","fork1",2605,3927047,-1.3,-1.197553383706671,0.23191074185089536,98.93349543282247,0.9393890721737317,33.9092261218277,-0.6461097110746121,0.001,0.9999999999995737,1017.4058497606785,6.472198978439171,1303,"2026-10-04T10:41:42.237026Z"
"NC_000913.3","fork1",2607,3927048,-1.28,-1.3896781421493287,0.19945914459223538,99.00722873898064,0.9394454577302018,33.924271746045726,-0.5989085701142473,0.001,0.9999999999995725,837.114039751673,6.477166134390427,1304,"2026-10-04T10:41:42.238027Z"
"NC_000913.3","fork1",2609,3927049,-1.0,-0.9554055905546683,0.277799014514135,99.09503198930608,0.9395239075945647,33.940111007941184,-0.7129100705544844,0.001,0.9999999999995717,-1453.17651427524,6.482133290338483,1305,"2026-10-04T10:41:42.239026Z"
"NC_000913.3","fork1",2611,3927050,-1.0,-0.9554055905546683,0.277799014514135,99.18285888997407,0.9396022623593586,33.9559440223499,-0.7128690143786841,0.001,0.9999999999995706,0.5239780364129184,6.487100446278356,1306,"2026-10-04T10:41:42.240026Z"
"NC_000913.3","fork1",2613,3927051,-1.0,-0.9554055905546683,0.277799014514135,99.27070943570686,0.9396805221229433,33.9717707933529,-0.712827322601771,0.001,0.9999999999995701,0.5327357891651597,6.492067602210021,1307,"2026-10-04T10:41:42.241027Z"
"NC_000913.3","fork1",2615,3927052,-1.0,-0.9554055905546683,0.277799014514135,99.35858362127473,0.9397586869836214,33.987591325031275,-0.7127849964756388,0.001,0.9999999999995688,0.5414981331123762,6.497034758133514,1308,"2026-10-04T10:41:42.242027Z"
"NC_000913.3","fork1",2617,3927053,-1.0,-0.9554055905546683,0.277799014514135,99.44648144144963,0.9398367570396375,34.0034056214634,-0.7127420368760624,0.001,0.9999999999995683,0.5502698700186759,6.502001914048776,1309,"2026-10-04T10:41:42.243026Z"
"NC_000913.3","fork1",2619,3927054,-0.58,-0.40523812514667396,0.4000544771470622,99.556382018887,0.9399490182650336,34.020454620079306,-0.890485100913159,0.001,0.9999999999995677,-1583.2988051748316,6.506969069961333,1310,"2026-10-04T10:41:42.244026Z"
"NC_000913.3","fork1",2621,3927055,-1.0,1.0445944094453317,0.7397355271799415,99.72741427179783,0.9401560826698716,34.040934353218056,-1.383288040530211,0.001,0.9999999999995675,-2379.950045024215,6.5119362258785625,1311,"2026-10-04T10:41:42.245027Z"
"NC_000913.3","fork1",2623,3927056,-0.88,-1.11502459031999,0.24693533677668908,99.80987011183362,0.9402250550628583,34.056412976282196,-0.6670213091190729,0.001,0.9999999999995666,10384.832255274094,6.51690338175675,1312,"2026-10-04T10:41:42.246027Z"
"NC_000913.3","fork1",2625,3927057,-1.45,1.6006567886666603,0.832110160392121,99.99766863600335,0.9404569270309067,34.07779124579019,-1.5157123507846344,0.001,0.9999999999995663,-3660.1709504115593,6.521870537653384,1313,"2026-10-04T10:41:42.247026Z"
"NC_000913.3","fork1",2627,3927058,-1.3,1.4024466162933291,0.8025718425954855,100.1802482150361,0.9406797695887941,34.09884366595895,-1.4711454139217985,0.001,0.9999999999995658,199.99293351027814,6.526837693529785,1314,"2026-10-04T10:41:42.248027Z"
"NC_000913.3","fork1",2629,3927059,-1.0,1.0445944094453317,0.7397355271799415,100.35160499177113,0.9408844727300567,34.11923951157812,-1.3786853287509804,0.001,0.9999999999995657,451.67887801090836,6.531804849384877,1315,"2026-10-04T10:41:42.249027Z"
"NC_000913.3","fork1",2631,3927060,-0.88,-1.11502459031999,0.24693533677668908,100.43425014435215,0.9409526583511438,34.13468369027494,-0.6650615549303989,0.001,0.999999999999565,10465.898270674175,6.536772005200741,1316,"2026-10-04T10:41:42.250027Z"
"NC_000913.3","fork1",2633,3927061,-1.3,-1.197553383706671,0.23191074185089536,100.51420627598361,0.9410166281422367,34.14997182734803,-0.6432897009994847,0.001,0.999999999999564,340.3458657429801,6.541739161008203,1317,"2026-10-04T10:41:42.251027Z"
"NC_000913.3","fork1",2635,3927062,-1.45,-1.2993432113333396,0.21427557416581033,100.59099953963366,0.9410756757420431,34.165078109354035,-0.6177445180677326,0.001,0.9999999999995629,432.62017449530583,6.5467063168074295,1318,"2026-10-04T10:41:42.252027Z"
"NC_000913.3","fork1",2637,3927063,-1.0,1.0445944094453317,0.7397355271799415,100.76259896024936,0.9412790979678777,34.18542447447827,-1.377618510630424,0.001,0.9999999999995625,-3735.4521584116515,6.551673472622846,1319,"2026-10-04T10:41:42.253027Z"
"NC_000913.3","fork1",2639,3927064,-1.0,1.0445944094453317,0.7397355271799415,100.93428507372339,0.9414818615953087,34.205747600305166,-1.3761932988642636,0.001,0.9999999999995625,7.0289320832231414,6.556640628420704,1320,"2026-10-04T10:41:42.254027Z"
"NC_000913.3","fork1",2641,3927065,-1.0,1.0445944094453317,0.7397355271799415,101.10605783908834,0.9416839684554589,34.226047528604624,-1.3747640351132504,0.001,0.9999999999995622,7.071822054683877,6.561607784200907,1321,"2026-10-04T10:41:42.255026Z"
"NC_000913.3","fork1",2643,3927066,-1.28,1.1703218578506713,0.7632031881188912,101.28215551900313,0.9418918006183401,34.246556281068536,-1.4070835566372975,0.001,0.9999999999995618,-155.50779569434164,6.56657493996441,1322,"2026-10-04T10:41:42.256026Z"
"NC_000913.3","fork1",2645,3927067,-1.44,-1.5689622110986612,0.1723643870770019,101.35159602680855,0.9419386418392661,34.261210149773795,-0.5551085385040172,0.001,0.9999999999995608,18188.574108238598,6.571542095683633,1323,"2026-10-04T10:41:42.257026Z"
"NC_000913.3","fork1",2647,3927068,-1.45,1.6006567886666603,0.832110160392121,101.54028701755878,0.9421642755455587,34.282366063804034,-1.5048084203509975,0.001,0.9999999999995609,-4209.033736366894,6.576509251425529,1324,"2026-10-04T10:41:42.258027Z"
"NC_000913.3","fork1",2649,3927069,-1.3,1.4024466162933291,0.8025718425954855,101.72373639302027,0.9423811197617322,34.303203349063786,-1.4605308009498874,0.001,0.9999999999995607,204.1909172513018,6.5814764071462495,1325,"2026-10-04T10:41:42.259026Z"
"NC_000913.3","fork1",2651,3927070,-1.28,1.1703218578506713,0.7632031881188912,101.90015999931944,0.9425866188327273,34.323628583651264,-1.4023693961884467,0.001,0.9999999999995605,283.0251469254988,6.586443562845887,1326,"2026-10-04T10:41:42.260026Z"
"NC_000913.3","fork1",2653,3927071,-1.44,-1.5689622110986612,0.1723643870770019,101.96976502627894,0.9426329340715722,34.338255864083685,-0.5535316290985176,0.001,0.9999999999995595,18327.396948817965,6.591410718501066,1327,"2026-10-04T10:41:42.261027Z"
"NC_000913.3","fork1",2655,3927072,-1.0,-0.9554055905546683,0.277799014514135,102.05846393271817,0.9427075063202092,34.35390926938127,-0.7050604320641172,0.001,0.9999999999995586,-2031.9730963636225,6.5963778741545065,1328,"2026-10-04T10:41:42.262027Z"
"NC_000913.3","fork1",2657,3927073,-0.58,-0.40523812514667396,0.4000544771470622,102.16932418143803,0.9428147368198879,34.37075041553258,-0.8805298384139544,0.001,0.9999999999995578,-1636.3759086781492,6.601345029804762,1329,"2026-10-04T10:41:42.263026Z"
"NC_000913.3","fork1",2659,3927074,-1.28,1.1703218578506713,0.7632031881188912,102.34600795982342,0.9430187828952771,34.39112040092223,-1.400609918321948,0.001,0.9999999999995575,-2548.8364768403762,6.606312185459717,1330,"2026-10-04T10:41:42.264027Z"
"NC_000913.3","fork1",2661,3927075,-1.84,1.7785320302240026,0.8555155067192858,102.53950965437227,0.9432466958446322,34.41236184778765,-1.5309288619985013,0.001,0.9999999999995574,-571.7926254094263,6.611279341099833,1331,"2026-10-04T10:41:42.265027Z"
"NC_000913.3","fork1",2663,3927076,-2.24,-2.2677208491146654,0.09383182322637987,102.59503255589388,0.9432716408392935,34.426197093038496,-0.43963445699634085,0.001,0.9999999999995562,43748.031211012356,6.616246496685942,1332,"2026-10-04T10:41:42.266027Z"
"NC_000913.3","fork1",2665,3927077,-1.28,-1.3896781421493287,0.19945914459223538,102.66970946416738,0.943324632406616,34.44105215293093,-0.5911525034529252,0.001,0.9999999999995555,-2859.285997985199,6.621213652271983,1333,"2026-10-04T10:41:42.267026Z"
"NC_000913.3","fork1",2667,3927078,-1.0,-0.9554055905546683,0.277799014514135,102.75861145918944,0.9433983594974935,34.45666115765693,-0.7034594613026335,0.001,0.9999999999995548,-1523.2793877126744,6.626180807854478,1334,"2026-10-04T10:41:42.268027Z"
"NC_000913.3","fork1",2669,3927079,-1.0,-0.9554055905546683,0.277799014514135,102.84753679799873,0.9434719964265429,34.47226404602442,-0.7033919637043307,0.001,0.999999999999554,0.9166270127527951,6.631147963428388,1335,"2026-10-04T10:41:42.269027Z"
"NC_000913.3","fork1",2671,3927080,-1.0,-0.9554055905546683,0.277799014514135,102.93648547553713,0.9435455432890775,34.487860822117696,-0.7033238747170476,0.001,0.9999999999995534,0.9257905087527247,6.636115118993683,1336,"2026-10-04T10:41:42.270027Z"
"NC_000913.3","fork1",2673,3927081,-1.0,-0.9554055905546683,0.277799014514135,103.02545748679844,0.9436190001803512,34.50345149002101,-0.7032551956163395,0.001,0.9999999999995524,0.9349578986698097,6.641082274550347,1337,"2026-10-04T10:41:42.271027Z"
"NC_000913.3","fork1",2675,3927082,-0.58,-0.40523812514667396,0.4000544771470622,103.13666560419493,0.9437246265377803,34.52021605117795,-0.8783182995494853,0.001,0.9999999999995516,-1657.3808677492523,6.646049430103722,1338,"2026-10-04T10:41:42.272027Z"
"NC_000913.3","fork1",2677,3927083,-0.88,-1.11502459031999,0.24693533677668908,103.22008280432345,0.9437897319500782,34.53549593139354,-0.6587314073261599,0.001,0.9999999999995506,3372.7901333097284,6.651016585639176,1339,"2026-10-04T10:41:42.273026Z"
"NC_000913.3","fork1",2679,3927084,-1.0,-0.9554055905546683,0.277799014514135,103.30913098840817,0.9438628900139011,34.55106754896088,-0.7029244132916835,0.001,0.9999999999995502,-604.0756637914861,6.655983741167989,1340,"2026-10-04T10:41:42.274027Z"
"NC_000913.3","fork1",2681,3927085,-1.45,1.6006567886666603,0.832110160392121,103.49902894749268,0.9440814897771711,34.571962349955086,-1.4955314943791442,0.001,0.99999999999955,-3625.8368683982767,6.660950896712067,1341,"2026-10-04T10:41:42.275026Z"
"NC_000913.3","fork1",2683,3927086,-1.3,1.4024466162933291,0.8025718425954855,103.68365050946986,0.9442915707847445,34.592546245561984,-1.451461181029949,0.001,0.9999999999995492,209.777713170031,6.665918052234026,1342,"2026-10-04T10:41:42.276026Z"
"NC_000913.3","fork1",2685,3927087,-1.0,1.0445944094453317,0.7397355271799415,103.85692836441177,0.9444845458274018,34.61250419577713,-1.360183197075097,0.001,0.999999999999549,473.00408746078716,6.670885207732987,1343,"2026-10-04T10:41:42.277026Z"
"NC_000913.3","fork1",2687,3927088,-0.88,-1.11502459031999,0.24693533677668908,103.94055395388393,0.9445488237405242,34.62774452706933,-0.6565349060774636,0.001,0.9999999999995484,10946.968512468591,6.675852363191818,1344,"2026-10-04T10:41:42.278027Z"
"NC_000913.3","fork1",2689,3927089,-1.45,1.6006567886666603,0.832110160392121,104.13079765862003,0.9447649087656026,34.6485491970946,-1.490060570953725,0.001,0.9999999999995481,-3857.3967102707766,6.680819518667695,1345,"2026-10-04T10:41:42.279026Z"
"NC_000913.3","fork1",2691,3927090,-1.3,1.4024466162933291,0.8025718425954855,104.31575679213721,0.9449725718810097,34.66904599057154,-1.4461436802691723,0.001,0.9999999999995478,211.48142075427836,6.685786674121076,1346,"2026-10-04T10:41:42.280026Z"
"NC_000913.3","fork1",2693,3927091,-0.88,-1.11502459031999,0.24693533677668908,104.39951680132677,0.9450363176219589,34.684261707974265,-0.6550258453077065,0.001,0.9999999999995469,12410.520658804413,6.690753829530144,1347,"2026-10-04T10:41:42.281027Z"
"NC_000913.3","fork1",2695,3927092,-1.0,-0.9554055905546683,0.277799014514135,104.48892442932024,0.9451079476089117,34.69976385251043,-0.6989127429099042,0.001,0.9999999999995464,-612.6888956596022,6.6957209849324535,1348,"2026-10-04T10:41:42.282027Z"
"NC_000913.3","fork1",2697,3927093,-0.58,-0.40523812514667396,0.4000544771470622,104.60065916325485,0.9452109464774064,34.716415306468335,-0.8727422603137324,0.001,0.9999999999995456,-1687.6837575424724,6.700688140331198,1349,"2026-10-04T10:41:42.283026Z"
"NC_000913.3","fork1",2699,3927094,-0.88,-1.11502459031999,0.24693533677668908,104.68448870823254,0.9452744320687053,34.73161299348601,-0.6546766780023572,0.001,0.9999999999995448,3434.8830632258178,6.7056552957118605,1350,"2026-10-04T10:41:42.284027Z"
"NC_000913.3","fork1",2701,3927095,-1.0,-0.9554055905546683,0.277799014514135,104.7739721196962,0.9453457696857228,34.74709625100665,-0.6985508014384552,0.001,0.999999999999544,-615.0208721625335,6.710622451085751,1351,"2026-10-04T10:41:42.285027Z"
"NC_000913.3","fork1",2703,3927096,-1.45,1.6006567886666603,0.832110160392121,104.96471787179948,0.9455589281271312,34.767791347354326,-1.4855633832875808,0.001,0.9999999999995437,-3692.148322390169,6.715589606474411,1352,"2026-10-04T10:41:42.286027Z"
"NC_000913.3","fork1",2705,3927097,-2.24,-2.2677208491146654,0.09383182322637987,105.0206729800375,0.9455829154494465,34.78152921750731,-0.43612146514514744,0.001,0.9999999999995427,43749.8568763187,6.720556761810176,1353,"2026-10-04T10:41:42.287026Z"
"NC_000913.3","fork1",2707,3927098,-1.45,-1.2993432113333396,0.21427557416581033,105.09864047586076,0.9456376558704033,34.79639459677195,-0.6074992415698867,0.001,0.9999999999995421,-3130.7354497710253,6.72552391714646,1354,"2026-10-04T10:41:42.288027Z"
"NC_000913.3","fork1",2709,3927099,-0.88,-1.11502459031999,0.24693533677668908,105.18259414407235,0.9457006754257135,34.81156147445419,-0.6539303235902054,0.001,0.9999999999995407,-736.7726064042109,6.730491072476809,1355,"2026-10-04T10:41:42.289027Z"
"NC_000913.3","fork1",2711,3927100,-1.45,1.6006567886666603,0.832110160392121,105.37360087456959,0.9459125288846505,34.83220593699332,-1.4842492298932257,0.001,0.9999999999995408,-3919.307763343073,6.735458227823809,1356,"2026-10-04T10:41:42.290027Z"
"NC_000913.3","fork1",2713,3927101,-1.44,-1.5689622110986612,0.1723643870770019,105.44398723086277,0.9459563149511114,34.846660274183606,-0.5472109042584316,0.001,0.9999999999995399,21400.376909187227,6.740425383121196,1357,"2026-10-04T10:41:42.291026Z"
"NC_000913.3","fork1",2715,3927102,-1.45,1.6006567886666603,0.832110160392121,105.63514527441893,0.9461672277862344,34.86726982950616,-1.4825010268646144,0.001,0.9999999999995397,-4434.4865122164665,6.745392538440028,1358,"2026-10-04T10:41:42.292026Z"
"NC_000913.3","fork1",2717,3927103,-1.44,-1.5689622110986612,0.1723643870770019,105.70559394085669,0.9462108193882292,34.88171218501194,-0.5466158468518818,0.001,0.9999999999995387,21469.391744896944,6.750359693709179,1359,"2026-10-04T10:41:42.293026Z"
"NC_000913.3","fork1",2719,3927104,-1.45,1.6006567886666603,0.832110160392121,105.89690317834494,0.9464207952424171,34.902286912591016,-1.4807431785306742,0.001,0.9999999999995387,-4448.736904971957,6.755326848999707,1360,"2026-10-04T10:41:42.294027Z"
"NC_000913.3","fork1",2721,3927105,-1.44,-1.5689622110986612,0.1723643870770019,105.96741410140247,0.9464641931335973,34.916717303236425,-0.5460169658804939,0.001,0.9999999999995379,21538.516900926137,6.760294004240521,1361,"2026-10-04T10:41:42.295026Z"
"NC_000913.3","fork1",2723,3927106,-1.3,-1.197553383706671,0.23191074185089536,106.04884959600352,0.9465225312756519,34.93169552852237,-0.6304169748197911,0.001,0.9999999999995369,-1446.738033932109,6.76526115947747,1362,"2026-10-04T10:41:42.296026Z"
"NC_000913.3","fork1",2725,3927107,-2.17,-2.077195418181337,0.11133314431997621,106.1081903650673,0.9465505162923264,34.945550031711335,-0.4594535125466358,0.001,0.9999999999995361,6109.107036144041,6.770228314701524,1363,"2026-10-04T10:41:42.297027Z"
"NC_000913.3","fork1",2727,3927108,-1.84,1.7785320302240026,0.8555155067192858,106.30405083223111,0.9467651004928511,34.9662920991023,-1.5125420568497507,0.001,0.9999999999995358,-4907.577266771066,6.7751954699518615,1364,"2026-10-04T10:41:42.298027Z"
"NC_000913.3","fork1",2729,3927109,-1.44,-1.5689622110986612,0.1723643870770019,106.37464322518086,0.9468082351787719,34.98070095840425,-0.5454207902803283,0.001,0.999999999999535,22420.96461177324,6.780162625150876,1365,"2026-10-04T10:41:42.299026Z"
"NC_000913.3","fork1",2731,3927110,-1.0,-0.9554055905546683,0.277799014514135,106.46460049735364,0.9468776857652261,34.996078906610514,-0.6947073828865221,0.001,0.9999999999995339,-2149.536817871883,6.785129780347907,1366,"2026-10-04T10:41:42.300026Z"
"NC_000913.3","fork1",2733,3927111,-1.0,-0.9554055905546683,0.277799014514135,106.55458084009356,0.9469470507535984,35.01145088032246,-0.6946157734405027,0.001,0.9999999999995333,1.3206871098673465,6.790096935536041,1367,"2026-10-04T10:41:42.301027Z"
"NC_000913.3","fork1",2735,3927112,-1.0,-0.9554055905546683,0.277799014514135,106.64458424849424,0.9470163302361264,35.026816883589014,-0.6945236144260037,0.001,0.9999999999995326,1.3302497526847583,6.795064090715233,1368,"2026-10-04T10:41:42.302027Z"
"NC_000913.3","fork1",2737,3927113,-1.0,-0.9554055905546683,0.277799014514135,106.7346107177223,0.9470855243049845,35.04217692046,-0.6944309072683448,0.001,0.9999999999995314,1.3398136457203038,6.800031245885513,1369,"2026-10-04T10:41:42.303026Z"
"NC_000913.3","fork1",2739,3927114,-1.45,1.6006567886666603,0.832110160392121,106.92657109426854,0.947292275794549,35.06262560534459,-1.477195345236971,0.001,0.9999999999995317,-3786.015953826582,6.804998401069961,1370,"2026-10-04T10:41:42.304027Z"
"NC_000913.3","fork1",2741,3927115,-1.44,-1.5689622110986612,0.1723643870770019,106.99728948621066,0.9473350070867216,35.07700206375332,-0.5444532383226792,0.001,0.9999999999995305,21828.08100319453,6.809965556204526,1371,"2026-10-04T10:41:42.305027Z"
"NC_000913.3","fork1",2743,3927116,-1.0,-0.9554055905546683,0.277799014514135,107.08741521136224,0.9474038080932248,35.09234064066071,-0.69353261625169,0.001,0.9999999999995297,-2166.8197240993823,6.814932711337108,1372,"2026-10-04T10:41:42.306027Z"
"NC_000913.3","fork1",2745,3927117,-1.45,1.6006567886666603,0.832110160392121,107.27958633865384,0.9476093847543914,35.11274447071988,-1.4752695068305015,0.001,0.9999999999995296,-3802.6538914612706,6.819899866483749,1373,"2026-10-04T10:41:42.307027Z"
"NC_000913.3","fork1",2747,3927118,-2.24,-2.2677208491146654,0.09383182322637987,107.33592331051979,0.9476325186590056,35.126386535238574,-0.4328126844559582,0.001,0.9999999999995289,45061.86222173765,6.824867021577201,1374,"2026-10-04T10:41:42.308027Z"
"NC_000913.3","fork1",2749,3927119,-1.28,-1.3896781421493287,0.19945914459223538,107.41171377215855,0.9476816625491576,35.140989042451025,-0.5821067314951391,0.001,0.9999999999995284,-3037.896401305227,6.829834176670581,1375,"2026-10-04T10:41:42.309027Z"
"NC_000913.3","fork1",2751,3927120,-1.0,-0.9554055905546683,0.277799014514135,107.50195114437123,0.9477500356662657,35.156301521924924,-0.6927448753845418,0.001,0.999999999999527,-1618.152697566086,6.834801331760135,1376,"2026-10-04T10:41:42.310027Z"
"NC_000913.3","fork1",2753,3927121,-0.58,-0.40523812514667396,0.4000544771470622,107.61474570181394,0.9478483505112951,35.17272227195298,-0.8651909864940879,0.001,0.9999999999995262,-1754.0190503065598,6.83976848684578,1377,"2026-10-04T10:41:42.311026Z"
"NC_000913.3","fork1",2755,3927122,-1.0,1.0445944094453317,0.7397355271799415,107.79021251206143,0.9480296828909541,35.19222274408167,-1.3432921064046117,0.001,0.999999999999526,-2636.6009248298164,6.844735641933456,1378,"2026-10-04T10:41:42.312026Z"
"NC_000913.3","fork1",2757,3927123,-0.88,-1.11502459031999,0.24693533677668908,107.87486502385838,0.9480900817075811,35.20723264062,-0.6481309184684807,0.001,0.9999999999995254,11509.516688532487,6.849702796980306,1379,"2026-10-04T10:41:42.313026Z"
"NC_000913.3","fork1",2759,3927124,-1.3,-1.197553383706671,0.23191074185089536,107.95676402830219,0.9481467451804246,35.22210077402445,-0.62688582238998,0.001,0.9999999999995246,374.93459211683574,6.854669952018311,1380,"2026-10-04T10:41:42.314027Z"
"NC_000913.3","fork1",2761,3927125,-1.45,-1.2993432113333396,0.21427557416581033,108.03542463002421,0.9481990478241789,35.23680375363865,-0.6019712833712565,0.001,0.9999999999995236,476.3533395329181,6.859637107047721,1381,"2026-10-04T10:41:42.315026Z"
"NC_000913.3","fork1",2763,3927126,-0.88,-1.11502459031999,0.24693533677668908,108.12013049180516,0.948259260550966,35.25179757923303,-0.6480114824083804,0.001,0.9999999999995228,-764.6257111040057,6.864604262071037,1382,"2026-10-04T10:41:42.316026Z"
"NC_000913.3","fork1",2765,3927127,-0.58,-0.40523812514667396,0.4000544771470622,108.23313960409838,0.9483566694368017,35.268171678810354,-0.8637850328484303,0.001,0.9999999999995224,-2215.132106159855,6.869571417092417,1383,"2026-10-04T10:41:42.317027Z"
"NC_000913.3","fork1",2767,3927128,-1.0,1.0445944094453317,0.7397355271799415,108.4089571029131,0.9485363303442575,35.28760372117923,-1.3412265381070745,0.001,0.999999999999522,-2657.4590545029705,6.874538572115671,1384,"2026-10-04T10:41:42.318027Z"
"NC_000913.3","fork1",2769,3927129,-1.28,1.1703218578506713,0.7632031881188912,108.58919733699375,0.9487210712531328,35.307225041189554,-1.3725485853069928,0.001,0.9999999999995216,-169.54581089061998,6.879505727119182,1385,"2026-10-04T10:41:42.319026Z"
"NC_000913.3","fork1",2771,3927130,-2.24,-2.2677208491146654,0.09383182322637987,108.64574391480826,0.9487437408268773,35.32081300361246,-0.43089907453911774,0.001,0.9999999999995203,41538.03337370694,6.884472882073909,1386,"2026-10-04T10:41:42.320027Z"
"NC_000913.3","fork1",2773,3927131,-1.45,-1.2993432113333396,0.21427557416581033,108.72456958249728,0.9487954738211689,35.33547936452244,-0.6004710082756788,0.001,0.99999999999952,-3277.8294792039346,6.889440037029191,1387,"2026-10-04T10:41:42.321027Z"
"NC_000913.3","fork1",2775,3927132,-1.0,1.0445944094453317,0.7397355271799415,108.90064879073378,0.9489736903170398,35.35485474662308,-1.3384682999565303,0.001,0.9999999999995194,-4141.015611795108,6.89440719199852,1388,"2026-10-04T10:41:42.322027Z"
"NC_000913.3","fork1",2777,3927133,-1.44,1.3110377889013387,0.7876867636969223,109.08568931390727,0.9491628138774141,35.37463682037756,-1.4039795187219972,0.001,0.9999999999995193,-346.3937472191489,6.899374346948939,1389,"2026-10-04T10:41:42.323026Z"
"NC_000913.3","fork1",2779,3927134,-1.45,-1.2993432113333396,0.21427557416581033,109.16463154390247,0.9492141465423035,35.389282199329855,-0.5991208478846382,0.001,0.9999999999995183,15679.269186022519,6.904341501853801,1390,"2026-10-04T10:41:42.324027Z"
"NC_000913.3","fork1",2781,3927135,-1.28,1.1703218578506713,0.7632031881188912,109.34527981890812,0.9493965840786124,35.40881404771857,-1.367964723685803,0.001,0.9999999999995184,-4214.285565112629,6.909308656773558,1391,"2026-10-04T10:41:42.325027Z"
"NC_000913.3","fork1",2783,3927136,-1.84,1.7785320302240026,0.8555155067192858,109.54312308118173,0.9496003505326378,35.42914197919628,-1.4950467918812134,0.001,0.999999999999518,-623.665307438462,6.914275811675399,1392,"2026-10-04T10:41:42.326027Z"
"NC_000913.3","fork1",2785,3927137,-1.3,1.4024466162933291,0.8025718425954855,109.73125097727353,0.9497908003501538,35.448973788336865,-1.4190403594727312,0.001,0.9999999999995178,399.08902722935,6.91924296655094,1393,"2026-10-04T10:41:42.327027Z"
"NC_000913.3","fork1",2787,3927138,-1.44,1.3110377889013387,0.7876867636969223,109.91671103862119,0.9499770550215462,35.468649502708146,-1.396375970814113,0.001,0.9999999999995179,121.68494078131256,6.924210121403033,1394,"2026-10-04T10:41:42.328027Z"
"NC_000913.3","fork1",2789,3927139,-2.17,-2.077195418181337,0.11133314431997621,109.97678378919483,0.9500033277582595,35.48235040253158,-0.45258456562280447,0.001,0.9999999999995166,35922.84334481617,6.929177276205303,1395,"2026-10-04T10:41:42.329026Z"
"NC_000913.3","fork1",2791,3927140,-2.24,-2.2677208491146654,0.09383182322637987,110.0336091866267,0.9500254603274088,35.495892758960544,-0.4281672446261988,0.001,0.9999999999995157,1103.2303042589847,6.9341444310020455,1396,"2026-10-04T10:41:42.330027Z"
"NC_000913.3","fork1",2793,3927141,-1.45,-1.2993432113333396,0.21427557416581033,110.11279382899292,0.9500759677538386,35.510491699422474,-0.5964358296450911,0.001,0.9999999999995149,-3331.5612557004583,6.939111585799327,1397,"2026-10-04T10:41:42.331026Z"
"NC_000913.3","fork1",2795,3927142,-1.28,1.1703218578506713,0.7632031881188912,110.2939400179092,0.9502554716224492,35.529910568316076,-1.3613888209646148,0.001,0.9999999999995145,-4261.484709163525,6.944078740611231,1398,"2026-10-04T10:41:42.332026Z"
"NC_000913.3","fork1",2797,3927143,-1.84,1.7785320302240026,0.8555155067192858,110.49232391960905,0.950455960047092,35.55011457793814,-1.487799002104893,0.001,0.9999999999995143,-630.5111198588371,6.949045895404816,1399,"2026-10-04T10:41:42.333026Z"
"NC_000913.3","fork1",2799,3927144,-1.3,1.4024466162933291,0.8025718425954855,110.68096755941566,0.9506433447418501,35.569829113081184,-1.4121491764920453,0.001,0.999999999999514,403.71400508727424,6.954013050171741,1400,"2026-10-04T10:41:42.334027Z"
"NC_000913.3","fork1",2801,3927145,-1.28,1.1703218578506713,0.7632031881188912,110.86238421364571,0.9508209141822088,35.58917673717743,-1.3556808715144544,0.001,0.9999999999995142,318.00688712826803,6.95898020491385,1401,"2026-10-04T10:41:42.335026Z"
"NC_000913.3","fork1",2803,3927146,-1.44,-1.5689622110986612,0.1723643870770019,110.93400021055957,0.9508609331267833,35.60337426137503,-0.5353671731421245,0.001,0.9999999999995132,20498.134248521274,6.963947359610091,1402,"2026-10-04T10:41:42.336026Z"
"NC_000913.3","fork1",2805,3927147,-0.58,-0.40523812514667396,0.4000544771470622,111.04798725983103,0.9509536973513391,35.61954397466412,-0.851298083046101,0.001,0.9999999999995126,-3405.740859873987,6.968914514309051,1403,"2026-10-04T10:41:42.337027Z"
"NC_000913.3","fork1",2807,3927148,-0.88,-1.11502459031999,0.24693533677668908,111.13351491628875,0.9510108735418135,35.63437816573922,-0.6386203097125267,0.001,0.9999999999995116,3719.691213579113,6.973881668989359,1404,"2026-10-04T10:41:42.338027Z"
"NC_000913.3","fork1",2809,3927149,-0.58,-0.40523812514667396,0.4000544771470622,111.24756970022207,0.951103369266136,35.6505332487572,-0.8508652062703401,0.001,0.9999999999995111,-2294.645488883624,6.978848823667353,1405,"2026-10-04T10:41:42.339026Z"
"NC_000913.3","fork1",2811,3927150,-1.0,1.0445944094453317,0.7397355271799415,111.42492942885548,0.9512739656897352,35.66961478185416,-1.3204765588371172,0.001,0.9999999999995106,-2752.762002034363,6.983815978346326,1406,"2026-10-04T10:41:42.340027Z"
"NC_000913.3","fork1",2813,3927151,-1.0,1.0445944094453317,0.7397355271799415,111.6023730582263,0.9514439973022732,35.688675167610036,-1.3188245335297664,0.001,0.9999999999995106,9.71598917807898,6.988783133003481,1407,"2026-10-04T10:41:42.341027Z"
"NC_000913.3","fork1",2815,3927152,-1.0,1.0445944094453317,0.7397355271799415,111.77990055110406,0.9516134657619741,35.707714448046964,-1.3171700169380385,0.001,0.9999999999995102,9.76297651284519,6.993750287638803,1408,"2026-10-04T10:41:42.342027Z"
"NC_000913.3","fork1",2817,3927153,-1.0,1.0445944094453317,0.7397355271799415,111.95751187031897,0.9517823727236723,35.72673266515982,-1.3155130356142852,0.001,0.9999999999995098,9.810023856296453,6.998717442252173,1409,"2026-10-04T10:41:42.343027Z"
"NC_000913.3","fork1",2819,3927154,-1.0,1.0445944094453317,0.7397355271799415,112.1352069787487,0.9519507198388112,35.74572986091517,-1.313853615921285,0.001,0.99999999999951,9.857131746100542,7.003684596843524,1410,"2026-10-04T10:41:42.344027Z"
"NC_000913.3","fork1",2821,3927155,-0.88,-1.11502459031999,0.24693533677668908,112.22103813120917,0.952006792399858,35.760509671087654,-0.6346671168098317,0.001,0.999999999999509,12112.635599875515,7.008651751393437,1411,"2026-10-04T10:41:42.345027Z"
"NC_000913.3","fork1",2823,3927156,-1.45,1.6006567886666603,0.832110160392121,112.41610969173101,0.9521952857170936,35.78026237222171,-1.4388470775000863,0.001,0.9999999999995086,-4266.35794034636,7.013618905957906,1412,"2026-10-04T10:41:42.346027Z"
"NC_000913.3","fork1",2825,3927157,-1.3,1.4024466162933291,0.8025718425954855,112.6057619237877,0.9523764215815043,35.79973903880963,-1.3962259819483418,0.001,0.9999999999995085,235.29904301615937,7.018586060496467,1413,"2026-10-04T10:41:42.347026Z"
"NC_000913.3","fork1",2827,3927158,-1.0,1.0445944094453317,0.7397355271799415,112.78376951776346,0.9525427980490375,35.818661044467405,-1.3082817943764753,0.001,0.9999999999995085,528.5854957479899,7.023553215008619,1414,"2026-10-04T10:41:42.348026Z"
"NC_000913.3","fork1",2829,3927159,-1.0,1.0445944094453317,0.7397355271799415,112.9618607239329,0.9527086221307439,35.8375622171828,-1.3066109371007895,0.001,0.9999999999995082,10.076083392062234,7.028520369498469,1415,"2026-10-04T10:41:42.349026Z"
"NC_000913.3","fork1",2831,3927160,-1.0,1.0445944094453317,0.7397355271799415,113.1400355054519,0.9528738954591949,35.85644259876795,-1.3049377865466942,0.001,0.999999999999508,10.123536385314226,7.033487523965947,1416,"2026-10-04T10:41:42.350027Z"
"NC_000913.3","fork1",2833,3927161,-1.44,1.3110377889013387,0.7876867636969223,113.3272596714269,0.9530492785254814,35.87570346062824,-1.36857117499985,0.001,0.9999999999995076,-362.8251563877004,7.038454678412899,1417,"2026-10-04T10:41:42.351026Z"
"NC_000913.3","fork1",2835,3927162,-1.84,-1.9014679697759975,0.1299424193591184,113.39154628627178,0.9530781512733688,35.889447507395126,-0.47017033781614004,0.001,0.9999999999995068,31115.87579701,7.0434218328104325,1418,"2026-10-04T10:41:42.352026Z"
"NC_000913.3","fork1",2837,3927163,-2.17,-2.077195418181337,0.11133314431997621,113.45235395513643,0.9531028756770517,35.90303159306876,-0.4447490669147826,0.001,0.9999999999995061,1028.1854004430515,7.048388987202023,1419,"2026-10-04T10:41:42.353027Z"
"NC_000913.3","fork1",2839,3927164,-2.24,-2.2677208491146654,0.09383182322637987,113.50988638704685,0.9531237038401621,35.91646505676672,-0.4208357217768419,0.001,0.9999999999995047,1148.1254977281976,7.05335614158828,1420,"2026-10-04T10:41:42.354027Z"
"NC_000913.3","fork1",2841,3927165,-1.28,-1.3896781421493287,0.19945914459223538,113.58719499868323,0.9531679492362919,35.93077735409465,-0.5653211491078143,0.001,0.999999999999504,-3265.5471522308017,7.058323295974449,1421,"2026-10-04T10:41:42.355026Z"
"NC_000913.3","fork1",2843,3927166,-1.0,-0.9554055905546683,0.277799014514135,113.67918951413287,0.9532295063556738,35.9457391873638,-0.6723718752609856,0.001,0.9999999999995031,-1739.0470383931074,7.0632904503564635,1422,"2026-10-04T10:41:42.356026Z"
"NC_000913.3","fork1",2845,3927167,-0.58,-0.40523812514667396,0.4000544771470622,113.79411404390872,0.9533180187313705,35.961715026632994,-0.8392144980449705,0.001,0.9999999999995027,-1884.9637858081542,7.06825760473386,1423,"2026-10-04T10:41:42.357027Z"
"NC_000913.3","fork1",2847,3927168,-1.44,1.3110377889013387,0.7876867636969223,113.98173487270809,0.9534918296342207,35.980907570482444,-1.3670276621543878,0.001,0.9999999999995024,-3036.709179078599,7.073224759113335,1424,"2026-10-04T10:41:42.358027Z"
"NC_000913.3","fork1",2849,3927169,-1.45,-1.2993432113333396,0.21427557416581033,114.06192759067923,0.9535390050593159,35.99531993047543,-0.5844172865442201,0.001,0.9999999999995016,16589.365629073167,7.078191913446674,1425,"2026-10-04T10:41:42.359026Z"
"NC_000913.3","fork1",2851,3927170,-0.88,-1.11502459031999,0.24693533677668908,114.14826049322335,0.9535933144791032,36.00999850370265,-0.6289239940720253,0.001,0.9999999999995006,-819.5025412179974,7.0831590677736695,1426,"2026-10-04T10:41:42.360027Z"
"NC_000913.3","fork1",2853,3927171,-1.0,-0.9554055905546683,0.277799014514135,114.24040301157525,0.9536543396741389,36.024927779099016,-0.6709306703809947,0.001,0.9999999999994996,-688.3497264432161,7.088126222093302,1427,"2026-10-04T10:41:42.361027Z"
"NC_000913.3","fork1",2855,3927172,-1.45,1.6006567886666603,0.832110160392121,114.43661375966566,0.9538366760194117,36.044438430963716,-1.4251438901956432,0.001,0.9999999999995,-4136.384431125941,7.093093376424901,1428,"2026-10-04T10:41:42.362027Z"
"NC_000913.3","fork1",2857,3927173,-2.24,-2.2677208491146654,0.09383182322637987,114.49429446659828,0.9538571940616091,36.057832454032166,-0.41924322448426404,0.001,0.9999999999994991,49025.17774525999,7.098060530702683,1429,"2026-10-04T10:41:42.363027Z"
"NC_000913.3","fork1",2859,3927174,-1.84,-1.9014679697759975,0.1299424193591184,114.55875628814726,0.9538855940148477,36.07152066062257,-0.46850587754723894,0.001,0.9999999999994973,-1734.6033160330373,7.103027684977694,1430,"2026-10-04T10:41:42.364027Z"
"NC_000913.3","fork1",2861,3927175,-1.45,-1.2993432113333396,0.21427557416581033,114.63906735673132,0.953932389323737,36.08590107360495,-0.5835019503759089,0.001,0.9999999999994974,-2457.427369498261,7.107994839250814,1431,"2026-10-04T10:41:42.365027Z"
"NC_000913.3","fork1",2863,3927176,-1.0,1.0445944094453317,0.7397355271799415,114.81816088538781,0.9540935919241512,36.10460766512695,-1.2983395561172864,0.001,0.9999999999994967,-4434.4049283615295,7.112961993536502,1432,"2026-10-04T10:41:42.366027Z"
"NC_000913.3","fork1",2865,3927177,-1.0,1.0445944094453317,0.7397355271799415,114.99733751447825,0.9542542574854542,36.123293785321145,-1.2966352402728498,0.001,0.9999999999994966,10.607847945847373,7.117929147799333,1433,"2026-10-04T10:41:42.367026Z"
"NC_000913.3","fork1",2867,3927178,-1.44,1.3110377889013387,0.7876867636969223,115.18561667576186,0.9544247491430313,36.14235184594564,-1.3598421556026317,0.001,0.9999999999994964,-370.7331855882672,7.1228963020410845,1434,"2026-10-04T10:41:42.368026Z"
"NC_000913.3","fork1",2869,3927179,-1.45,-1.2993432113333396,0.21427557416581033,115.26609081730797,0.9544710234497479,36.15670451889188,-0.5813397894964036,0.001,0.9999999999994954,16823.641915908636,7.127863456236608,1435,"2026-10-04T10:41:42.369026Z"
"NC_000913.3","fork1",2871,3927180,-1.0,1.0445944094453317,0.7397355271799415,115.44548522929436,0.9546304308718758,36.175341128969706,-1.2930656572312793,0.001,0.999999999999495,-4464.822642722547,7.1328306104445405,1436,"2026-10-04T10:41:42.370027Z"
"NC_000913.3","fork1",2873,3927181,-1.44,1.3110377889013387,0.7876867636969223,115.6339915058441,0.9547995869614055,36.1943471077609,-1.3560763286786792,0.001,0.9999999999994952,-372.5001661044486,7.1377977646312685,1437,"2026-10-04T10:41:42.371026Z"
"NC_000913.3","fork1",2875,3927182,-2.17,-2.077195418181337,0.11133314431997621,115.69518982086329,0.9548234472894116,36.20784344642298,-0.44050376297072963,0.001,0.9999999999994942,38372.17013427756,7.142764918767775,1438,"2026-10-04T10:41:42.372026Z"
"NC_000913.3","fork1",2877,3927183,-1.44,-1.5689622110986612,0.1723643870770019,115.76788850070629,0.954860363841238,36.221831310335176,-0.5231779688448882,0.001,0.9999999999994935,-2239.488841293268,7.14773207290204,1439,"2026-10-04T10:41:42.373027Z"
"NC_000913.3","fork1",2879,3927184,-1.3,-1.197553383706671,0.23191074185089536,115.85181965202374,0.9549099885276033,36.23629801095883,-0.6037880861731912,0.001,0.9999999999994924,-1624.3955021656463,7.152699227032181,1440,"2026-10-04T10:41:42.374027Z"
"NC_000913.3","fork1",2881,3927185,-1.45,-1.2993432113333396,0.21427557416581033,115.93244198931056,0.9549557934042975,36.25061664955056,-0.5798353099987393,0.001,0.9999999999994916,522.9306987199903,7.157666381153507,1441,"2026-10-04T10:41:42.375026Z"
"NC_000913.3","fork1",2883,3927186,-1.0,1.0445944094453317,0.7397355271799415,116.11219098812452,0.9551135833546932,36.269184587324546,-1.2898829556804496,0.001,0.9999999999994914,-4499.954806380012,7.1626335352871155,1442,"2026-10-04T10:41:42.376027Z"
"NC_000913.3","fork1",2885,3927187,-1.0,1.0445944094453317,0.7397355271799415,116.29202278799639,0.955270846456269,36.2877323064442,-1.288160650223552,0.001,0.9999999999994912,10.951745448484447,7.167600689397523,1443,"2026-10-04T10:41:42.377027Z"
"NC_000913.3","fork1",2887,3927188,-0.88,-1.11502459031999,0.24693533677668908,116.37892063799453,0.9553232263334738,36.3022942721991,-0.6224813416211338,0.001,0.9999999999994909,12708.684023835798,7.172567843466097,1444,"2026-10-04T10:41:42.378027Z"
"NC_000913.3","fork1",2889,3927189,-1.0,-0.9554055905546683,0.277799014514135,116.47166439060473,0.9553820831178639,36.31709946987622,-0.6640355220294549,0.001,0.9999999999994895,-706.0219282946017,7.177534997527211,1445,"2026-10-04T10:41:42.379026Z"
"NC_000913.3","fork1",2891,3927190,-0.58,-0.40523812514667396,0.4000544771470622,116.58752235974092,0.9554667120952707,36.332881882463084,-0.8287721389898655,0.001,0.999999999999489,-1946.5745895587108,7.182502151583443,1446,"2026-10-04T10:41:42.380027Z"
"NC_000913.3","fork1",2893,3927191,-1.28,1.1703218578506713,0.7632031881188912,116.77203463151062,0.9556277385704689,36.35156827633992,-1.3170233350596656,0.001,0.999999999999489,-3032.1175165063123,7.187469305640143,1447,"2026-10-04T10:41:42.381027Z"
"NC_000913.3","fork1",2895,3927192,-2.24,-2.2677208491146654,0.09383182322637987,116.83011297955974,0.9556474975620656,36.36487900389973,-0.4148113319954664,0.001,0.999999999999488,45660.83236839094,7.192436459647648,1448,"2026-10-04T10:41:42.382027Z"
"NC_000913.3","fork1",2897,3927193,-1.28,-1.3896781421493287,0.19945914459223538,116.9081614350735,0.9556894715562256,36.37903153949616,-0.5572640656072088,0.001,0.9999999999994867,-3393.833168902717,7.19740361365509,1449,"2026-10-04T10:41:42.383027Z"
"NC_000913.3","fork1",2899,3927194,-1.0,-0.9554055905546683,0.277799014514135,117.0010394444596,0.9557478682020569,36.3938061979038,-0.6627971967824114,0.001,0.9999999999994865,-1807.1779581328258,7.202370767658291,1450,"2026-10-04T10:41:42.384026Z"
"NC_000913.3","fork1",2901,3927195,-1.3,-1.197553383706671,0.23191074185089536,117.08525733556722,0.9557965623696361,36.408208478097166,-0.6008207359487687,0.001,0.9999999999994854,1272.7696953218185,7.207337921650246,1451,"2026-10-04T10:41:42.385026Z"
"NC_000913.3","fork1",2903,3927196,-2.17,-2.077195418181337,0.11133314431997621,117.14666941896503,0.9558199207676125,36.421642297285125,-0.43817344006312525,0.001,0.9999999999994842,6963.118620119096,7.212305075629511,1452,"2026-10-04T10:41:42.386027Z"
"NC_000913.3","fork1",2905,3927197,-1.44,-1.5689622110986612,0.1723643870770019,117.2196376986915,0.9558560606856632,36.43555961641506,-0.5205184506720484,0.001,0.9999999999994841,-2278.5057368784924,7.217272229606569,1453,"2026-10-04T10:41:42.387026Z"
"NC_000913.3","fork1",2907,3927198,-1.45,1.6006567886666603,0.832110160392121,117.41757292927315,0.9560301342497618,36.45473313069965,-1.4082798486182688,0.001,0.9999999999994839,-5099.920844059806,7.222239383601954,1454,"2026-10-04T10:41:42.388026Z"
"NC_000913.3","fork1",2909,3927199,-1.3,1.4024466162933291,0.8025718425954855,117.61000607518237,0.956197407997761,36.47364752549491,-1.3664330236033888,0.001,0.9999999999994833,250.16970992413988,7.227206537569912,1455,"2026-10-04T10:41:42.389027Z"
"NC_000913.3","fork1",2911,3927200,-1.0,1.0445944094453317,0.7397355271799415,117.79062022208558,0.956351047370261,36.492041747109596,-1.2802442994907128,0.001,0.9999999999994833,560.9807089824459,7.2321736915100585,1456,"2026-10-04T10:41:42.390027Z"
"NC_000913.3","fork1",2913,3927201,-1.0,1.0445944094453317,0.7397355271799415,117.971316772881,0.9565041723599113,36.51041605742628,-1.2784988063211782,0.001,0.9999999999994829,11.399139836818549,7.237140845426581,1457,"2026-10-04T10:41:42.391026Z"
"NC_000913.3","fork1",2915,3927202,-0.88,-1.11502459031999,0.24693533677668908,118.05862915282695,0.9565551736408219,36.52489063762901,-0.6177802488681008,0.001,0.999999999999482,12954.940457494595,7.242107999301168,1458,"2026-10-04T10:41:42.392026Z"
"NC_000913.3","fork1",2917,3927203,-1.3,-1.197553383706671,0.23191074185089536,118.14310916624095,0.9566030198018871,36.539241743093676,-0.5975460226884247,0.001,0.9999999999994813,422.90176952939186,7.247075153166572,1459,"2026-10-04T10:41:42.393027Z"
"NC_000913.3","fork1",2919,3927204,-1.28,-1.3896781421493287,0.19945914459223538,118.2214463369165,0.9566441305413868,36.55333245146169,-0.5539769452663061,0.001,0.9999999999994804,1059.7979494506806,7.252042307022605,1460,"2026-10-04T10:41:42.394027Z"
"NC_000913.3","fork1",2921,3927205,-1.3,-1.197553383706671,0.23191074185089536,118.30595680530719,0.9566918831690071,36.56767382003792,-0.5974153776187408,0.001,0.9999999999994791,-909.6553324306939,7.257009460872643,1461,"2026-10-04T10:41:42.395026Z"
"NC_000913.3","fork1",2923,3927206,-1.45,-1.2993432113333396,0.21427557416581033,118.38713421008902,0.9567359599126973,36.581871604449226,-0.5736975638688393,0.001,0.999999999999479,538.1026764724833,7.261976614713899,1462,"2026-10-04T10:41:42.396027Z"
"NC_000913.3","fork1",2925,3927207,-1.44,1.3110377889013387,0.7876867636969223,118.57726748280392,0.9568976201851194,36.600563706784314,-1.3404487609666529,0.001,0.9999999999994786,-4742.978504305002,7.266943768568713,1463,"2026-10-04T10:41:42.397027Z"
"NC_000913.3","fork1",2927,3927208,-1.28,-1.3896781421493287,0.19945914459223538,118.6556941696714,0.9569384644071909,36.614633097095904,-0.5530387529069722,0.001,0.9999999999994781,19278.369574062217,7.271910922376546,1464,"2026-10-04T10:41:42.398027Z"
"NC_000913.3","fork1",2929,3927209,-1.0,-0.9554055905546683,0.277799014514135,118.74902680082852,0.9569952890805972,36.62931093678113,-0.6577965520714157,0.001,0.9999999999994771,-1843.5266387796783,7.276878076180112,1465,"2026-10-04T10:41:42.399027Z"
"NC_000913.3","fork1",2931,3927210,-1.0,-0.9554055905546683,0.277799014514135,118.8423816507361,0.9570520421327269,36.6439832521024,-0.657640556337205,0.001,0.9999999999994766,2.7486756809878186,7.281845229974071,1466,"2026-10-04T10:41:42.400027Z"
"NC_000913.3","fork1",2933,3927211,-1.0,-0.9554055905546683,0.277799014514135,118.93575871503867,0.9571087236449732,36.658650046974685,-0.6574841437048302,0.001,0.9999999999994758,2.7594999881959716,7.286812383758458,1467,"2026-10-04T10:41:42.401027Z"
"NC_000913.3","fork1",2935,3927212,-1.3,-1.197553383706671,0.23191074185089536,119.02042483234601,0.9571559874818967,36.672953232201955,-0.595967424914992,0.001,0.9999999999994745,1301.5599831534391,7.291779537531577,1468,"2026-10-04T10:41:42.402027Z"
"NC_000913.3","fork1",2937,3927213,-1.28,-1.3896781421493287,0.19945914459223538,119.09892912769381,0.9571965978243335,36.68699838627963,-0.5524725250882513,0.001,0.999999999999474,1071.0301173739892,7.2967466912953345,1469,"2026-10-04T10:41:42.403026Z"
"NC_000913.3","fork1",2939,3927214,-1.3,-1.197553383706671,0.23191074185089536,119.18362565689534,0.9572437691544553,36.70129190007534,-0.5958306571628125,0.001,0.9999999999994725,-919.1628042420984,7.301713845053117,1470,"2026-10-04T10:41:42.404026Z"
"NC_000913.3","fork1",2941,3927215,-2.17,-2.077195418181337,0.11133314431997621,119.24536746354673,0.9572663969975297,36.71464107290323,-0.4343944459503598,0.001,0.9999999999994721,7134.405638299562,7.306680998798294,1471,"2026-10-04T10:41:42.405026Z"
"NC_000913.3","fork1",2943,3927216,-1.44,-1.5689622110986612,0.1723643870770019,119.31874079378345,0.9573014065357934,36.7284616348534,-0.5161178003581269,0.001,0.9999999999994714,-2334.3168308050954,7.311648152541277,1472,"2026-10-04T10:41:42.406027Z"
"NC_000913.3","fork1",2945,3927217,-1.3,-1.197553383706671,0.23191074185089536,119.40347442948413,0.9573484675085865,36.742741398725734,-0.5957943513087794,0.001,0.9999999999994703,-1693.0493829997724,7.316615306280131,1473,"2026-10-04T10:41:42.407026Z"
"NC_000913.3","fork1",2947,3927218,-1.45,-1.2993432113333396,0.21427557416581033,119.484861259466,0.957391905776184,36.75687907067612,-0.5721027201567123,0.001,0.9999999999994696,545.4092085706683,7.32158246001017,1474,"2026-10-04T10:41:42.408026Z"
"NC_000913.3","fork1",2949,3927219,-1.0,1.0445944094453317,0.7397355271799415,119.66650231924302,0.9575415414384669,36.77509220539732,-1.2739459523262089,0.001,0.9999999999994695,-4690.347350771955,7.326549613751845,1475,"2026-10-04T10:41:42.409027Z"
"NC_000913.3","fork1",2951,3927220,-1.44,1.3110377889013387,0.7876867636969223,119.85737589977958,0.9577003246630402,36.79365644589208,-1.3359910156484407,0.001,0.9999999999994693,-390.7532643260407,7.331516767471245,1476,"2026-10-04T10:41:42.410027Z"
"NC_000913.3","fork1",2953,3927221,-1.28,-1.3896781421493287,0.19945914459223538,119.93604727827527,0.9577404418274417,36.80766008258394,-0.5507695589605764,0.001,0.9999999999994681,19573.204347902974,7.33648392114367,1477,"2026-10-04T10:41:42.411026Z"
"NC_000913.3","fork1",2955,3927222,-1.45,1.6006567886666603,0.832110160392121,120.13554210324895,0.9579074119014365,36.82653734236292,-1.3929764297353038,0.001,0.9999999999994685,-5044.058798230889,7.341451074831993,1478,"2026-10-04T10:41:42.412026Z"
"NC_000913.3","fork1",2957,3927223,-1.84,1.7785320302240026,0.8555155067192858,120.33960170047324,0.9580784207864055,36.84557005320237,-1.4217004418438743,0.001,0.9999999999994683,-167.96795157032366,7.346418228494173,1479,"2026-10-04T10:41:42.413027Z"
"NC_000913.3","fork1",2959,3927224,-1.3,1.4024466162933291,0.8025718425954855,120.53364104978259,0.9582382426608732,36.86417262959566,-1.349189179094632,0.001,0.9999999999994684,453.7004899406657,7.351385382126589,1480,"2026-10-04T10:41:42.414027Z"
"NC_000913.3","fork1",2961,3927225,-1.0,1.0445944094453317,0.7397355271799415,120.7157588342777,0.9583850352618694,36.88227374072129,-1.2640097066875335,0.001,0.9999999999994681,580.2708844251175,7.35635253573055,1481,"2026-10-04T10:41:42.415026Z"
"NC_000913.3","fork1",2963,3927226,-1.28,1.1703218578506713,0.7632031881188912,120.90244579648694,0.9585359673996705,36.90053381994481,-1.2932003958808438,0.001,0.9999999999994678,-193.40274124897124,7.3613196893110855,1482,"2026-10-04T10:41:42.416027Z"
"NC_000913.3","fork1",2965,3927227,-1.3,1.4024466162933291,0.8025718425954855,121.09674803814275,0.9586941201275891,36.91907168060571,-1.3431542190607675,0.001,0.9999999999994672,-315.8581191569641,7.366286842868009,1483,"2026-10-04T10:41:42.417027Z"
"NC_000913.3","fork1",2967,3927228,-1.0,1.0445944094453317,0.7397355271799415,121.27911644233663,0.9588393791496898,36.93711275403982,-1.2583718528986427,0.001,0.9999999999994673,583.6633410859923,7.371253996396282,1484,"2026-10-04T10:41:42.418027Z"
"NC_000913.3","fork1",2969,3927229,-1.44,1.3110377889013387,0.7876867636969223,121.47074491561416,0.9589935166627164,36.955495541526396,-1.3195609084365967,0.001,0.9999999999994678,-396.97705209105385,7.376221149901921,1485,"2026-10-04T10:41:42.419027Z"
"NC_000913.3","fork1",2971,3927230,-2.17,-2.077195418181337,0.11133314431997621,121.53295518807256,0.9590152581362019,36.96877448275188,-0.428613887760092,0.001,0.9999999999994666,40979.14620500449,7.381188303357349,1486,"2026-10-04T10:41:42.420027Z"
"NC_000913.3","fork1",2973,3927231,-1.44,-1.5689622110986612,0.1723643870770019,121.60685603871869,0.959048896210756,36.9825085518362,-0.5090437305776343,0.001,0.9999999999994658,-2391.035868844085,7.386155456810656,1487,"2026-10-04T10:41:42.421027Z"
"NC_000913.3","fork1",2975,3927232,-1.3,-1.197553383706671,0.23191074185089536,121.69217475240043,0.9590941134582728,36.99668597083951,-0.5874551431432061,0.001,0.9999999999994651,-1734.1040614290523,7.391122610259803,1488,"2026-10-04T10:41:42.422027Z"
"NC_000913.3","fork1",2977,3927233,-1.28,-1.3896781421493287,0.19945914459223538,121.77128959429277,0.9591329651554471,37.010614755311195,-0.5446115102227982,0.001,0.999999999999464,1102.748040276638,7.3960897636995915,1489,"2026-10-04T10:41:42.423026Z"
"NC_000913.3","fork1",2979,3927234,-1.45,1.6006567886666603,0.832110160392121,121.9717172400755,0.959294667125885,37.02928242506755,-1.3760534596026048,0.001,0.9999999999994642,-5141.817054723791,7.401056917154801,1490,"2026-10-04T10:41:42.424026Z"
"NC_000913.3","fork1",2981,3927235,-1.84,1.7785320302240026,0.8555155067192858,122.17672733942779,0.9594602785522349,37.0481010706802,-1.4043622230424515,0.001,0.9999999999994635,-170.93484467687279,7.40602407058334,1491,"2026-10-04T10:41:42.425026Z"
"NC_000913.3","fork1",2983,3927236,-1.84,1.7785320302240026,0.8555155067192858,122.38183375072384,0.9596252445400113,37.066894908033206,-1.4018961205122813,0.001,0.9999999999994637,14.949157480347873,7.410991223983557,1492,"2026-10-04T10:41:42.426027Z"
"NC_000913.3","fork1",2985,3927237,-1.84,1.7785320302240026,0.8555155067192858,122.58703643244932,0.9597895673742997,37.085664002392186,-1.3994289632825836,0.001,0.9999999999994641,15.014086389042644,7.415958377355379,1493,"2026-10-04T10:41:42.427026Z"
"NC_000913.3","fork1",2987,3927238,-2.24,-2.2677208491146654,0.09383182322637987,122.64609860689866,0.9598075510471953,37.09877688429612,-0.40305178227893407,0.001,0.9999999999994629,55404.543153468774,7.420925530671881,1494,"2026-10-04T10:41:42.428026Z"
"NC_000913.3","fork1",2989,3927239,-1.28,-1.3896781421493287,0.19945914459223538,122.7254454275692,0.9598457535032163,37.112667834683556,-0.5412896895529978,0.001,0.9999999999994622,-3618.560733318403,7.425892683988378,1495,"2026-10-04T10:41:42.429027Z"
"NC_000913.3","fork1",2991,3927240,-1.45,1.6006567886666603,0.832110160392121,122.92634898849202,0.9600047527319311,37.13122778645726,-1.3668835205883672,0.001,0.999999999999462,-5192.439219415639,7.430859837320044,1496,"2026-10-04T10:41:42.430027Z"
"NC_000913.3","fork1",2993,3927241,-1.3,1.4024466162933291,0.8025718425954855,123.12166888471855,0.9601575360604674,37.14954720291443,-1.3261639480906326,0.001,0.9999999999994621,266.51842768342465,7.435826990622941,1497,"2026-10-04T10:41:42.431026Z"
"NC_000913.3","fork1",2995,3927242,-0.88,-1.11502459031999,0.24693533677668908,123.21025792244347,0.9602044317962259,37.16376817814765,-0.601508877785855,0.001,0.9999999999994605,15452.472566710067,7.4407941438794865,1498,"2026-10-04T10:41:42.432027Z"
"NC_000913.3","fork1",2997,3927243,-1.3,-1.197553383706671,0.23191074185089536,123.29597550750401,0.9602484260138273,37.17787388756572,-0.581806741216581,0.001,0.9999999999994603,447.83468472591085,7.445761297126823,1499,"2026-10-04T10:41:42.433027Z"
"NC_000913.3","fork1",2999,3927244,-2.17,-2.077195418181337,0.11133314431997621,123.35851282341099,0.9602695297043198,37.19109005669414,-0.4245106886698774,0.001,0.9999999999994594,7453.485569402106,7.45072845036174,1500,"2026-10-04T10:41:42.434027Z"
"NC_000913.3","fork1",3001,3927245,-1.3,1.4024466162933291,0.8025718425954855,123.55407315579387,0.9604213432749402,37.209366662395425,-1.3240031490099697,0.001,0.999999999999459,-5924.980597347094,7.455695603616603,1501,"2026-10-04T10:41:42.435026Z"
"NC_000913.3","fork1",3003,3927246,-1.0,1.0445944094453317,0.7397355271799415,123.73762638412676,0.96056077810647,37.22716331494592,-1.2404148696623976,0.001,0.9999999999994594,599.4791863015785,7.460662756842372,1502,"2026-10-04T10:41:42.436027Z"
"NC_000913.3","fork1",3005,3927247,-1.28,1.1703218578506713,0.7632031881188912,123.92577984941114,0.9607041426579241,37.245111788319164,-1.2689738898227303,0.001,0.9999999999994589,-199.20559071723144,7.46562991004407,1503,"2026-10-04T10:41:42.437027Z"
"NC_000913.3","fork1",3007,3927248,-1.44,-1.5689622110986612,0.1723643870770019,124.00020239489427,0.9607364513377052,37.258752961102836,-0.5020691989346813,0.001,0.9999999999994581,23736.80063945684,7.470597063199473,1504,"2026-10-04T10:41:42.438027Z"
"NC_000913.3","fork1",3009,3927249,-1.3,-1.197553383706671,0.23191074185089536,124.08610771110742,0.9607798814281587,37.27282229374455,-0.5792934495517735,0.001,0.9999999999994572,-1778.127786765601,7.475564216350722,1505,"2026-10-04T10:41:42.439026Z"
"NC_000913.3","fork1",3011,3927250,-1.84,-1.9014679697759975,0.1299424193591184,124.15237351573424,0.9608041956921577,37.28614680505413,-0.4468651180326013,0.001,0.9999999999994562,5446.5284873456,7.4805313694902384,1506,"2026-10-04T10:41:42.440026Z"
"NC_000913.3","fork1",3013,3927251,-1.45,-1.2993432113333396,0.21427557416581033,124.23490380112332,0.960844258435503,37.30007918618359,-0.5563321750600895,0.001,0.9999999999994558,-2732.390442758559,7.485498522627866,1507,"2026-10-04T10:41:42.441026Z"
"NC_000913.3","fork1",3015,3927252,-1.28,1.1703218578506713,0.7632031881188912,124.42332986382435,0.9609866343673831,37.31798159116758,-1.2671171356419106,0.001,0.9999999999994553,-4992.311208755925,7.490465675776914,1508,"2026-10-04T10:41:42.442027Z"
"NC_000913.3","fork1",3017,3927253,-1.84,1.7785320302240026,0.8555155067192858,124.6296517929178,0.9611456407676618,37.336529580030394,-1.3842298446490098,0.001,0.9999999999994557,-736.5282705713475,7.495432828903412,1509,"2026-10-04T10:41:42.443026Z"
"NC_000913.3","fork1",3019,3927254,-2.24,-2.2677208491146654,0.09383182322637987,124.68905171976189,0.9611630424926619,37.34957502506095,-0.39877383324782134,0.001,0.9999999999994541,56629.78879370907,7.500399981974673,1510,"2026-10-04T10:41:42.444026Z"
"NC_000913.3","fork1",3021,3927255,-2.17,-2.077195418181337,0.11133314431997621,124.7518291350363,0.9611836802508332,37.36274261155843,-0.4214395722250962,0.001,0.9999999999994532,-1098.2655571961386,7.505367135042931,1511,"2026-10-04T10:41:42.445027Z"
"NC_000913.3","fork1",3023,3927256,-2.24,-2.2677208491146654,0.09383182322637987,124.81122683206178,0.9612010656267966,37.3757801715832,-0.3987746668170366,0.001,0.9999999999994528,1303.6764609384231,7.510334288106387,1512,"2026-10-04T10:41:42.446027Z"
"NC_000913.3","fork1",3025,3927257,-1.84,-1.9014679697759975,0.1299424193591184,124.87759973702696,0.9612251293181399,37.38907385811968,-0.44556267579452247,0.001,0.9999999999994514,-1944.3404717149383,7.51530144116749,1513,"2026-10-04T10:41:42.447026Z"
"NC_000913.3","fork1",3027,3927258,-2.17,-2.077195418181337,0.11133314431997621,124.94037894144196,0.9612457354139615,37.40222954540193,-0.4214411378071439,0.001,0.9999999999994506,1170.602048837433,7.5202685942231735,1514,"2026-10-04T10:41:42.448026Z"
"NC_000913.3","fork1",3029,3927259,-1.3,1.4024466162933291,0.8025718425954855,125.13680009406404,0.9613939687830672,37.420349284650875,-1.3151067551748254,0.001,0.9999999999994508,-6028.774915928994,7.525235747298482,1515,"2026-10-04T10:41:42.449027Z"
"NC_000913.3","fork1",3031,3927260,-0.88,-1.11502459031999,0.24693533677668908,125.22585001906138,0.9614394676481021,37.43446872962987,-0.5962260899019147,0.001,0.9999999999994498,15799.969179919935,7.5302029003274775,1516,"2026-10-04T10:41:42.450027Z"
"NC_000913.3","fork1",3033,3927261,-1.0,-0.9554055905546683,0.277799014514135,125.3208888228205,0.9614905917504373,37.44880436512289,-0.6359814088063922,0.001,0.9999999999994497,-777.6238034227124,7.535170053348855,1517,"2026-10-04T10:41:42.451026Z"
"NC_000913.3","fork1",3035,3927262,-1.3,-1.197553383706671,0.23191074185089536,125.4070688028662,0.961533221072248,37.46280627770754,-0.576503864953889,0.001,0.9999999999994481,1395.2261337052116,7.5401372063589305,1518,"2026-10-04T10:41:42.452027Z"
"NC_000913.3","fork1",3037,3927263,-1.28,-1.3896781421493287,0.19945914459223538,125.48698240218913,0.9615698489728017,37.47657132014524,-0.5344499655742745,0.001,0.9999999999994487,1148.1384066215094,7.545104359359684,1519,"2026-10-04T10:41:42.453027Z"
"NC_000913.3","fork1",3039,3927264,-1.0,-0.9554055905546683,0.277799014514135,125.58207871942658,0.9616208071140862,37.490891933518036,-0.6356227049307711,0.001,0.9999999999994468,-1985.4087454212615,7.5500715123560385,1520,"2026-10-04T10:41:42.454027Z"
"NC_000913.3","fork1",3041,3927265,-0.58,-0.40523812514667396,0.4000544771470622,125.7008799879285,0.9616940772539718,37.506079958978034,-0.7932855335751239,0.001,0.9999999999994461,-2151.801933098017,7.555038665346899,1521,"2026-10-04T10:41:42.455027Z"
"NC_000913.3","fork1",3043,3927266,-1.28,1.1703218578506713,0.7632031881188912,125.89009037728675,0.9618334858649484,37.52384604004372,-1.2605630447717733,0.001,0.9999999999994467,-3351.855440802353,7.560005818336347,1522,"2026-10-04T10:41:42.456027Z"
"NC_000913.3","fork1",3045,3927267,-2.24,-2.2677208491146654,0.09383182322637987,125.94962949717913,0.9618505917519716,37.53683873724083,-0.39688589861262485,0.001,0.9999999999994456,50490.053218991976,7.564972971276919,1523,"2026-10-04T10:41:42.457027Z"
"NC_000913.3","fork1",3047,3927268,-1.84,-1.9014679697759975,0.1299424193591184,126.01616917080379,0.9618742685760552,37.550084344326955,-0.44350869152338923,0.001,0.9999999999994446,-1969.1320401013304,7.569940124215193,1524,"2026-10-04T10:41:42.458027Z"
"NC_000913.3","fork1",3049,3927269,-2.17,-2.077195418181337,0.11133314431997621,126.07910211534625,0.9618945433759306,37.56319366368821,-0.4194699692931978,0.001,0.9999999999994434,1185.6453517611385,7.574907277148069,1525,"2026-10-04T10:41:42.459026Z"
"NC_000913.3","fork1",3051,3927270,-1.44,-1.5689622110986612,0.1723643870770019,126.15387796649979,0.9619259121082963,37.576732835126116,-0.498284685087912,0.001,0.999999999999443,-2512.5247292757685,7.579874430078902,1526,"2026-10-04T10:41:42.460026Z"
"NC_000913.3","fork1",3053,3927271,-1.45,1.6006567886666603,0.832110160392121,126.35671899820849,0.9620769999419395,37.59494698739926,-1.3480004475506457,0.001,0.9999999999994427,-5623.985346623182,7.5848415830260345,1527,"2026-10-04T10:41:42.461026Z"
"NC_000913.3","fork1",3055,3927272,-1.44,-1.5689622110986612,0.1723643870770019,126.43155352253648,0.9621082243913233,37.60847559175202,-0.4974746754445591,0.001,0.9999999999994414,27239.095929382653,7.589808735922318,1528,"2026-10-04T10:41:42.462027Z"
"NC_000913.3","fork1",3057,3927273,-1.45,1.6006567886666603,0.832110160392121,126.63453705230872,0.9622586171478574,37.62666070521736,-1.3456944707115577,0.001,0.9999999999994417,-5640.030908498515,7.594775888834867,1529,"2026-10-04T10:41:42.463026Z"
"NC_000913.3","fork1",3059,3927274,-1.84,1.7785320302240026,0.8555155067192858,126.8421601860727,0.9624126421115928,37.64498771461351,-1.373279628503402,0.001,0.9999999999994418,-179.09536949629106,7.599743041719764,1530,"2026-10-04T10:41:42.464026Z"
"NC_000913.3","fork1",3061,3927275,-1.84,1.7785320302240026,0.8555155067192858,127.04987841333245,0.9625660629430733,37.663291002966204,-1.3707612456494038,0.001,0.999999999999442,16.414869021994534,7.60471019457535,1531,"2026-10-04T10:41:42.465027Z"
"NC_000913.3","fork1",3063,3927276,-1.84,1.7785320302240026,0.8555155067192858,127.25769169413225,0.962718881812624,37.68157063407672,-1.3682425121270312,0.001,0.9999999999994414,16.481822760361354,7.609677347401601,1532,"2026-10-04T10:41:42.466027Z"
"NC_000913.3","fork1",3065,3927277,-1.84,1.7785320302240026,0.8555155067192858,127.46559998856611,0.9628711008844001,37.69982667162688,-1.3657234612849904,0.001,0.9999999999994417,16.548851682305116,7.61464450019846,1533,"2026-10-04T10:41:42.467026Z"
"NC_000913.3","fork1",3067,3927278,-1.3,1.4024466162933291,0.8025718425954855,127.66330335201208,0.9630133565163606,37.7176923579432,-1.2959643452714418,0.001,0.9999999999994414,490.3785885464014,7.6196116529641,1534,"2026-10-04T10:41:42.468027Z"
"NC_000913.3","fork1",3069,3927279,-0.88,-1.11502459031999,0.24693533677668908,127.75296361817175,0.9630570202010509,37.73169495523919,-0.5877266523118865,0.001,0.9999999999994408,16220.291484387262,7.624578805683478,1535,"2026-10-04T10:41:42.469027Z"
"NC_000913.3","fork1",3071,3927280,-1.45,1.6006567886666603,0.832110160392121,127.95655843509687,0.9632037912031945,37.74973559979966,-1.330996627116242,0.001,0.9999999999994408,-5064.147303953264,7.629545958413759,1536,"2026-10-04T10:41:42.470027Z"
"NC_000913.3","fork1",3073,3927281,-1.84,1.7785320302240026,0.8555155067192858,128.16480298870442,0.9633541057509223,37.76791491136636,-1.3582283558005925,0.001,0.9999999999994407,-181.1649577236875,7.634513111116071,1537,"2026-10-04T10:41:42.471026Z"
"NC_000913.3","fork1",3075,3927282,-2.24,-2.2677208491146654,0.09383182322637987,128.22476784176408,0.9633705560644344,37.78084429801715,-0.3913491736838191,0.001,0.9999999999994394,58775.72980004005,7.639480263763468,1538,"2026-10-04T10:41:42.472027Z"
"NC_000913.3","fork1",3077,3927283,-1.45,-1.2993432113333396,0.21427557416581033,128.3082008659076,0.9634080955850174,37.794597436685436,-0.5442763530536452,0.001,0.9999999999994392,-4073.7648482202667,7.6444474164114515,1539,"2026-10-04T10:41:42.473027Z"
"NC_000913.3","fork1",3079,3927284,-1.44,1.3110377889013387,0.7876867636969223,128.5034194870387,0.9635457747183787,37.81227727703843,-1.2702764168364733,0.001,0.9999999999994389,-5273.13069205494,7.649414569070912,1540,"2026-10-04T10:41:42.474027Z"
"NC_000913.3","fork1",3081,3927285,-2.17,-2.077195418181337,0.11133314431997621,128.56684343303286,0.9635651943017433,37.82531432661266,-0.41290119624142263,0.001,0.9999999999994382,44150.03167153368,7.654381721680693,1541,"2026-10-04T10:41:42.475027Z"
"NC_000913.3","fork1",3083,3927286,-2.24,-2.2677208491146654,0.09383182322637987,128.6268542760656,0.9635815534399617,37.8382277110582,-0.3907001145465431,0.001,0.9999999999994371,1357.1058205196528,7.659348874285865,1542,"2026-10-04T10:41:42.476027Z"
"NC_000913.3","fork1",3085,3927287,-1.45,-1.2993432113333396,0.21427557416581033,128.71036378384588,0.9636188848869989,37.85196134191882,-0.5434540363327588,0.001,0.999999999999436,-4091.8296479089304,7.664316026891619,1543,"2026-10-04T10:41:42.477026Z"
"NC_000913.3","fork1",3087,3927288,-1.28,1.1703218578506713,0.7632031881188912,128.90102529781564,0.963751552487976,37.86943803808242,-1.2377265468297047,0.001,0.9999999999994363,-5233.173023283264,7.669283179508019,1544,"2026-10-04T10:41:42.478027Z"
"NC_000913.3","fork1",3089,3927289,-1.84,1.7785320302240026,0.8555155067192858,129.1097929101867,0.9638997132657561,37.88752311714438,-1.3520276997835632,0.001,0.9999999999994365,-771.4670148632974,7.67425033210096,1545,"2026-10-04T10:41:42.479026Z"
"NC_000913.3","fork1",3091,3927290,-1.3,1.4024466162933291,0.8025718425954855,129.30831499888984,0.9640381750646226,37.90522664400201,-1.2829502321908275,0.001,0.9999999999994365,498.8918832356535,7.6792174846624155,1546,"2026-10-04T10:41:42.480026Z"
"NC_000913.3","fork1",3093,3927291,-0.88,-1.11502459031999,0.24693533677668908,129.3983717918764,0.9640806740497507,37.91915535282814,-0.5819806635869126,0.001,0.999999999999435,16493.79547514345,7.684184637177683,1547,"2026-10-04T10:41:42.481026Z"
"NC_000913.3","fork1",3095,3927292,-0.58,-0.40523812514667396,0.4000544771470622,129.51837037933353,0.9641494231099924,37.9341139730939,-0.7746745115171012,0.001,0.9999999999994347,-2802.857919116204,7.689151789689316,1548,"2026-10-04T10:41:42.482027Z"
"NC_000913.3","fork1",3097,3927293,-1.0,1.0445944094453317,0.7397355271799415,129.7048113854631,0.9642762125192402,37.95135468023402,-1.2009262556446214,0.001,0.9999999999994345,-3361.887610773411,7.694118942198078,1549,"2026-10-04T10:41:42.483026Z"
"NC_000913.3","fork1",3099,3927294,-1.44,1.3110377889013387,0.7876867636969223,129.90070941530672,0.9644107459748184,37.968899535743745,-1.2591196362042032,0.001,0.999999999999435,-432.5569451071532,7.699086094682678,1550,"2026-10-04T10:41:42.484026Z"
"NC_000913.3","fork1",3101,3927295,-1.28,-1.3896781421493287,0.19945914459223538,129.98162443747395,0.964444735226209,37.982484179953644,-0.5201519252229404,0.001,0.9999999999994337,21741.21761283347,7.704053247120522,1551,"2026-10-04T10:41:42.485027Z"
"NC_000913.3","fork1",3103,3927296,-1.0,-0.9554055905546683,0.277799014514135,130.0778808634135,0.9644920220552742,37.996589599895096,-0.618400476836296,0.001,0.999999999999433,-2077.7149484462043,7.709020399553909,1552,"2026-10-04T10:41:42.486027Z"
"NC_000913.3","fork1",3105,3927297,-1.45,1.6006567886666603,0.832110160392121,130.2826628458041,0.964633301293951,38.01439631390384,-1.3120963584654108,0.001,0.9999999999994331,-4910.104896700971,7.713987551995643,1553,"2026-10-04T10:41:42.487026Z"
"NC_000913.3","fork1",3107,3927298,-1.44,-1.5689622110986612,0.1723643870770019,130.35835222638758,0.9646624982847452,38.027784331768096,-0.4851009093814719,0.001,0.9999999999994326,28324.68095475251,7.718954704386821,1554,"2026-10-04T10:41:42.488027Z"
"NC_000913.3","fork1",3109,3927299,-1.3,-1.197553383706671,0.23191074185089536,130.44571327634716,0.9647017452599917,38.041565456553215,-0.5596563123162398,0.001,0.9999999999994322,-1899.6471057022313,7.723921856773861,1555,"2026-10-04T10:41:42.489027Z"
"NC_000913.3","fork1",3111,3927300,-2.17,-2.077195418181337,0.11133314431997621,130.50946471750834,0.9647205715915678,38.0545381332028,-0.4084345487097541,0.001,0.9999999999994308,8032.460439565112,7.72888900914887,1556,"2026-10-04T10:41:42.490027Z"
"NC_000913.3","fork1",3113,3927301,-1.84,1.7785320302240026,0.8555155067192858,130.71907468815985,0.9648649160257563,38.07246012040503,-1.3390046722001196,0.001,0.9999999999994303,-6446.87222421678,7.733856161544128,1557,"2026-10-04T10:41:42.491027Z"
"NC_000913.3","fork1",3115,3927302,-1.84,1.7785320302240026,0.8555155067192858,130.92877887221357,0.9650086913010784,38.09035937401181,-1.3364653472512371,0.001,0.9999999999994307,17.661763771235826,7.738823313909389,1558,"2026-10-04T10:41:42.492027Z"
"NC_000913.3","fork1",3117,3927303,-2.24,-2.2677208491146654,0.09383182322637987,130.98919317551605,0.9650244258384479,38.103202800981606,-0.3852581291499933,0.001,0.9999999999994295,60453.45953037501,7.743790466220032,1559,"2026-10-04T10:41:42.493027Z"
"NC_000913.3","fork1",3119,3927304,-1.28,-1.3896781421493287,0.19945914459223538,131.07032844938246,0.9650578502344604,38.11674139546215,-0.517196573188677,0.001,0.9999999999994288,-3947.3695796723755,7.748757618530792,1560,"2026-10-04T10:41:42.494027Z"
"NC_000913.3","fork1",3121,3927305,-1.45,1.6006567886666603,0.832110160392121,131.2756326244931,0.9651969593917558,38.13445244139901,-1.305110625273058,0.001,0.9999999999994291,-5663.998455628071,7.7537247708549915,1561,"2026-10-04T10:41:42.495026Z"
"NC_000913.3","fork1",3123,3927306,-1.44,-1.5689622110986612,0.1723643870770019,131.35151187185613,0.9652257078291285,38.147801435003935,-0.48249513374147135,0.001,0.9999999999994277,28614.267998812906,7.758691923128727,1562,"2026-10-04T10:41:42.496026Z"
"NC_000913.3","fork1",3125,3927307,-1.45,1.6006567886666603,0.832110160392121,131.5569568464523,0.9653641727077917,38.165484832502,-1.3027433492571592,0.001,0.999999999999428,-5923.871984251203,7.763659075417663,1563,"2026-10-04T10:41:42.497026Z"
"NC_000913.3","fork1",3127,3927308,-1.3,1.4024466162933291,0.8025718425954855,131.75669046431761,0.9654972186638582,38.18295352367265,-1.2637806786858017,0.001,0.999999999999428,292.85122015958564,7.768626227676336,1564,"2026-10-04T10:41:42.498027Z"
"NC_000913.3","fork1",3129,3927309,-1.0,1.0445944094453317,0.7397355271799415,131.94416405009733,0.965619411422562,38.199992326301235,-1.183894495646825,0.001,0.9999999999994278,653.7718264680144,7.773593379904742,1565,"2026-10-04T10:41:42.499026Z"
"NC_000913.3","fork1",3131,3927310,-1.0,1.0445944094453317,0.7397355271799415,132.13171704859462,0.9657411867868009,38.21701380113426,-1.1820283646105798,0.001,0.9999999999994272,15.32437244519224,7.778560532107067,1566,"2026-10-04T10:41:42.500026Z"
"NC_000913.3","fork1",3133,3927311,-1.0,1.0445944094453317,0.7397355271799415,132.31934942824128,0.9658625460737359,38.23401798674879,-1.1801620391151477,0.001,0.9999999999994278,15.378514018720296,7.7835276842833006,1567,"2026-10-04T10:41:42.501027Z"
"NC_000913.3","fork1",3135,3927312,-1.0,1.0445944094453317,0.7397355271799415,132.5070611574866,0.9659834905971407,38.25100492165971,-1.1782955369640078,0.001,0.9999999999994276,15.432713268812366,7.788494836433405,1568,"2026-10-04T10:41:42.502027Z"
"NC_000913.3","fork1",3137,3927313,-1.28,1.1703218578506713,0.7632031881188912,132.69946950182245,0.9661078386906669,38.26812583781125,-1.2052441873803033,0.001,0.999999999999427,-216.7194498292255,7.793461988558119,1569,"2026-10-04T10:41:42.503026Z"
"NC_000913.3","fork1",3139,3927314,-2.24,-2.2677208491146654,0.09383182322637987,132.76021830621164,0.9661230963254767,38.280923522754094,-0.3807290916503706,0.001,0.9999999999994265,54039.50913807363,7.798429140634652,1570,"2026-10-04T10:41:42.504026Z"
"NC_000913.3","fork1",3141,3927315,-2.17,-2.077195418181337,0.11133314431997621,132.82441101226533,0.966141191185951,38.29383016513169,-0.4022947349417486,0.001,0.9999999999994253,-1191.8104216374259,7.803396292708559,1571,"2026-10-04T10:41:42.505027Z"
"NC_000913.3","fork1",3143,3927316,-1.84,1.7785320302240026,0.8555155067192858,133.0351631098719,0.9662799263716888,38.31151655245044,-1.3169147874178302,0.001,0.9999999999994256,-6592.56011812715,7.80836344480221,1572,"2026-10-04T10:41:42.506027Z"
"NC_000913.3","fork1",3145,3927317,-1.44,-1.5689622110986612,0.1723643870770019,133.11142670989187,0.9663078114699645,38.32480616290117,-0.47667902460345757,0.001,0.9999999999994247,30132.071062036255,7.81333059684399,1573,"2026-10-04T10:41:42.507026Z"
"NC_000913.3","fork1",3147,3927318,-1.45,1.6006567886666603,0.832110160392121,133.31771106828663,0.9664421174110099,38.342314678362385,-1.2857615040005648,0.001,0.9999999999994249,-6024.174903202666,7.818297748900606,1574,"2026-10-04T10:41:42.508027Z"
"NC_000913.3","fork1",3149,3927319,-2.24,-2.2677208491146654,0.09383182322637987,133.37855132523958,0.9664572297844215,38.35509239668707,-0.3794312583119756,0.001,0.9999999999994241,59972.72704994902,7.82326490090449,1575,"2026-10-04T10:41:42.509027Z"
"NC_000913.3","fork1",3151,3927320,-1.45,-1.2993432113333396,0.21427557416581033,133.4631401731716,0.9664917159705453,38.36863574304303,-0.5273027830538541,0.001,0.9999999999994231,-4287.8480157566455,7.828232052909008,1576,"2026-10-04T10:41:42.510027Z"
"NC_000913.3","fork1",3153,3927321,-1.28,1.1703218578506713,0.7632031881188912,133.6560197084478,0.9666142704442584,38.38567339057615,-1.1993537780716426,0.001,0.9999999999994228,-5483.692064893064,7.833199204923317,1577,"2026-10-04T10:41:42.511027Z"
"NC_000913.3","fork1",3155,3927322,-1.84,1.7785320302240026,0.8555155067192858,133.86719587231926,0.9667511339147684,38.4032786724976,-1.309905246025072,0.001,0.9999999999994231,-807.7499974351908,7.838166356913433,1578,"2026-10-04T10:41:42.512027Z"
"NC_000913.3","fork1",3157,3927323,-1.44,-1.5689622110986612,0.1723643870770019,133.94362692443323,0.9667786427410913,38.41653819080946,-0.47422614755317205,0.001,0.9999999999994218,30378.580629507313,7.843133508851776,1579,"2026-10-04T10:41:42.513027Z"
"NC_000913.3","fork1",3159,3927324,-0.58,-0.40523812514667396,0.4000544771470622,134.06502121567664,0.9668424055299268,38.43123560514732,-0.7523643900030995,0.001,0.9999999999994216,-4362.0777498795,7.848100660791317,1580,"2026-10-04T10:41:42.514027Z"
"NC_000913.3","fork1",3161,3927325,-1.0,1.0445944094453317,0.7397355271799415,134.2535399095491,0.966959997292484,38.44807109546089,-1.1657240950716552,0.001,0.9999999999994212,-3515.2097058451977,7.853067812727314,1581,"2026-10-04T10:41:42.515026Z"
"NC_000913.3","fork1",3163,3927326,-1.0,1.0445944094453317,0.7397355271799415,134.44213758530773,0.9670771862224685,38.46488967533445,-1.1638503747081343,0.001,0.9999999999994216,15.98888533045892,7.858034964637022,1582,"2026-10-04T10:41:42.516026Z"
"NC_000913.3","fork1",3165,3927327,-1.0,1.0445944094453317,0.7397355271799415,134.63081421176187,0.967193973599282,38.481691382722005,-1.161976664338012,0.001,0.9999999999994214,16.0437747746826,7.86300211652041,1583,"2026-10-04T10:41:42.517026Z"
"NC_000913.3","fork1",3167,3927328,-1.28,1.1703218578506713,0.7632031881188912,134.82420907357962,0.9673140464725378,38.49862294636504,-1.1885074227730599,0.001,0.9999999999994216,-220.95547241993265,7.867969268378169,1584,"2026-10-04T10:41:42.518027Z"
"NC_000913.3","fork1",3169,3927329,-1.44,-1.5689622110986612,0.1723643870770019,134.90084612162363,0.9673411053001874,38.51185063777523,-0.4710687481290306,0.001,0.9999999999994207,26514.03393881054,7.872936420190468,1585,"2026-10-04T10:41:42.519026Z"
"NC_000913.3","fork1",3171,3927330,-1.45,1.6006567886666603,0.832110160392121,135.10799853089236,0.9674714309159667,38.52918770594996,-1.2697349295701614,0.001,0.9999999999994202,-6128.23639209665,7.877903572017242,1586,"2026-10-04T10:41:42.520026Z"
"NC_000913.3","fork1",3173,3927331,-1.3,1.4024466162933291,0.8025718425954855,135.3093963480188,0.9675966540022817,38.54632094838347,-1.2317302181458607,0.001,0.9999999999994209,303.4960448802061,7.882870723813385,1587,"2026-10-04T10:41:42.521027Z"
"NC_000913.3","fork1",3175,3927332,-1.0,1.0445944094453317,0.7397355271799415,135.4984430342124,0.967711660190288,38.56304637041338,-1.1538889912026584,0.001,0.9999999999994206,676.8438141688014,7.887837875578887,1588,"2026-10-04T10:41:42.522027Z"
"NC_000913.3","fork1",3177,3927333,-1.0,1.0445944094453317,0.7397355271799415,135.68756849295514,0.9678262717699988,38.579755125449516,-1.1520149413560037,0.001,0.9999999999994202,16.351313291232717,7.892805027317974,1589,"2026-10-04T10:41:42.523026Z"
"NC_000913.3","fork1",3179,3927334,-1.28,1.1703218578506713,0.7632031881188912,135.88142078741694,0.9679441070798043,38.59659148035128,-1.1782875769872578,0.001,0.9999999999994205,-222.96063611685463,7.8977721790313415,1590,"2026-10-04T10:41:42.524027Z"
"NC_000913.3","fork1",3181,3927335,-2.24,-2.2677208491146654,0.09383182322637987,135.94273479795973,0.967958565476373,38.609303574085864,-0.37287223980607764,0.001,0.9999999999994194,55705.71628396984,7.9027393306969875,1591,"2026-10-04T10:41:42.525027Z"
"NC_000913.3","fork1",3183,3927336,-1.28,-1.3896781421493287,0.19945914459223538,136.02498116814994,0.9679892788742992,38.622660784728296,-0.49996900801844224,0.001,0.9999999999994187,-4138.153926112601,7.907706482362861,1592,"2026-10-04T10:41:42.526027Z"
"NC_000913.3","fork1",3185,3927337,-1.3,-1.197553383706671,0.23191074185089536,136.11367249886825,0.9680249534893135,38.63621296799151,-0.5389047379227796,0.001,0.999999999999418,-1091.4127563458526,7.912673634022906,1593,"2026-10-04T10:41:42.527026Z"
"NC_000913.3","fork1",3187,3927338,-1.28,-1.3896781421493287,0.19945914459223538,136.19594371530704,0.9680556053509601,38.64956170717943,-0.4997454465873421,0.001,0.999999999999417,1277.5501790683475,7.917640785673938,1594,"2026-10-04T10:41:42.528027Z"
"NC_000913.3","fork1",3189,3927339,-1.45,1.6006567886666603,0.832110160392121,136.40372847356326,0.9681831735272727,38.66677797287002,-1.2586221440635872,0.001,0.9999999999994171,-5948.793181906078,7.92260793733741,1595,"2026-10-04T10:41:42.529027Z"
"NC_000913.3","fork1",3191,3927340,-2.24,-2.2677208491146654,0.09383182322637987,136.4651014714542,0.9681975276387654,38.67947076843147,-0.37196294405902175,0.001,0.9999999999994164,61770.39940453116,7.927575088948631,1596,"2026-10-04T10:41:42.530027Z"
"NC_000913.3","fork1",3193,3927341,-1.84,-1.9014679697759975,0.1299424193591184,136.53364066973953,0.9682173954991583,38.69238046845516,-0.41534152175229333,0.001,0.9999999999994151,-2183.35426339257,7.932542240557972,1597,"2026-10-04T10:41:42.531027Z"
"NC_000913.3","fork1",3195,3927342,-1.28,-1.3896781421493287,0.19945914459223538,136.61598597708507,0.9682478689334569,38.7057108274251,-0.4988177188247618,0.001,0.9999999999994145,-2739.3104516686194,7.937509392165136,1598,"2026-10-04T10:41:42.532026Z"
"NC_000913.3","fork1",3197,3927343,-1.45,1.6006567886666603,0.832110160392121,136.8240020920517,0.9683746943987489,38.72289100711963,-1.256548119550621,0.001,0.9999999999994148,-5974.591924275344,7.942476543784679,1599,"2026-10-04T10:41:42.533026Z"
"NC_000913.3","fork1",3199,3927344,-1.3,1.4024466162933291,0.8025718425954855,137.02623935099078,0.9684965534792225,38.73987191820049,-1.2189121858141363,0.001,0.9999999999994146,308.84800369592665,7.947443695373399,1600,"2026-10-04T10:41:42.534027Z"
"NC_000913.3","fork1",3201,3927345,-0.88,-1.11502459031999,0.24693533677668908,137.1181313903387,0.9685339556130315,38.75347278446632,-0.5538051944606399,0.001,0.9999999999994141,17782.594831360784,7.952410846916564,1601,"2026-10-04T10:41:42.535026Z"
"NC_000913.3","fork1",3203,3927346,-1.45,1.6006567886666603,0.832110160392121,137.32637920003543,0.9686596753678859,38.77060569117542,-1.2515599317958188,0.001,0.9999999999994137,-5550.080320655493,7.957377998468821,1602,"2026-10-04T10:41:42.536026Z"
"NC_000913.3","fork1",3205,3927347,-2.24,-2.2677208491146654,0.09383182322637987,137.38789412553052,0.9686738214619078,38.78327086722342,-0.36990505024089393,0.001,0.9999999999994131,62324.96971863185,7.962345149968956,1603,"2026-10-04T10:41:42.537026Z"
"NC_000913.3","fork1",3207,3927348,-1.84,-1.9014679697759975,0.1299424193591184,137.45659094497924,0.9686934013901044,38.79615024654475,-0.41303722726988124,0.001,0.9999999999994125,-2202.877180956664,7.967312301467284,1604,"2026-10-04T10:41:42.538027Z"
"NC_000913.3","fork1",3209,3927349,-1.84,-1.9014679697759975,0.1299424193591184,137.52529052374936,0.9687129694754564,38.80902587047932,-0.41301034048191093,0.001,0.9999999999994112,1.374012198265112,7.9722794529613425,1605,"2026-10-04T10:41:42.539026Z"
"NC_000913.3","fork1",3211,3927350,-1.45,-1.2993432113333396,0.21427557416581033,137.61078004308112,0.9687452114788576,38.82240611902218,-0.5137235190762539,0.001,0.9999999999994105,-3123.66379163869,7.977246604453712,1606,"2026-10-04T10:41:42.540026Z"
"NC_000913.3","fork1",3213,3927351,-1.28,1.1703218578506713,0.7632031881188912,137.80558514591596,0.968859789488897,38.83908402101887,-1.1676549749659857,0.001,0.9999999999994104,-5707.303309467826,7.9822137559552235,1607,"2026-10-04T10:41:42.541027Z"
"NC_000913.3","fork1",3215,3927352,-1.44,-1.5689622110986612,0.1723643870770019,137.88278716512372,0.9688856098448272,38.852201877251744,-0.4628326547755941,0.001,0.9999999999994099,27297.157409241612,7.987180907411602,1608,"2026-10-04T10:41:42.542027Z"
"NC_000913.3","fork1",3217,3927353,-1.0,-0.9554055905546683,0.277799014514135,137.98100438612275,0.9689271808061707,38.8659484097519,-0.5884327474776446,0.001,0.9999999999994086,-3021.3420292168103,7.992148058865377,1609,"2026-10-04T10:41:42.543026Z"
"NC_000913.3","fork1",3219,3927354,-1.3,-1.197553383706671,0.23191074185089536,138.07009689365586,0.9689618436841304,38.8794150420242,-0.5335511961852509,0.001,0.9999999999994087,1583.2947095784477,7.997115210308119,1610,"2026-10-04T10:41:42.544027Z"
"NC_000913.3","fork1",3221,3927355,-2.17,-2.077195418181337,0.11133314431997621,138.13516554241855,0.9689784709551148,38.8921548938982,-0.38969468958059617,0.001,0.9999999999994071,8651.841107280032,8.002082361739323,1611,"2026-10-04T10:41:42.545027Z"
"NC_000913.3","fork1",3223,3927356,-1.3,1.4024466162933291,0.8025718425954855,138.3380879406033,0.9690980777957144,38.90902598321708,-1.2119320936198208,0.001,0.9999999999994073,-6874.501491026768,8.00704951318763,1612,"2026-10-04T10:41:42.546027Z"
"NC_000913.3","fork1",3225,3927357,-1.0,1.0445944094453317,0.7397355271799415,138.52856102898568,0.9692079247014274,38.92550433093019,-1.1352778858541643,0.001,0.9999999999994068,697.8276471982756,8.012016664605124,1613,"2026-10-04T10:41:42.547027Z"
"NC_000913.3","fork1",3227,3927358,-1.28,1.1703218578506713,0.7632031881188912,138.7237953371293,0.969320860154349,38.94210575362936,-1.1611386890259725,0.001,0.9999999999994073,-228.9874658734691,8.016983815996692,1614,"2026-10-04T10:41:42.548027Z"
"NC_000913.3","fork1",3229,3927359,-1.44,-1.5689622110986612,0.1723643870770019,138.8011705080327,0.9693463103025408,38.955190499376975,-0.46026555573845146,0.001,0.9999999999994066,27539.059026541967,8.021950967343265,1615,"2026-10-04T10:41:42.549027Z"
"NC_000913.3","fork1",3231,3927360,-1.45,1.6006567886666603,0.832110160392121,139.01028948335713,0.9694688866811306,38.97217654099976,-1.2404008031314644,0.001,0.9999999999994069,-6364.482752453068,8.026918118703612,1616,"2026-10-04T10:41:42.550027Z"
"NC_000913.3","fork1",3233,3927361,-1.84,1.7785320302240026,0.8555155067192858,139.22417291463273,0.9695944158733184,38.989280638321574,-1.2655328614194299,0.001,0.9999999999994067,-200.20887452514245,8.03188527003459,1617,"2026-10-04T10:41:42.551026Z"
"NC_000913.3","fork1",3235,3927362,-1.44,-1.5689622110986612,0.1723643870770019,139.30165501991374,0.9696196462034095,39.00234970141507,-0.45856847508036436,0.001,0.999999999999406,31983.901258003436,8.036852421314519,1618,"2026-10-04T10:41:42.552026Z"
"NC_000913.3","fork1",3237,3927363,-1.0,-0.9554055905546683,0.277799014514135,139.40021746872173,0.9696602671521928,39.01603493168229,-0.5829420794499391,0.001,0.9999999999994051,-3061.809438105567,8.04181957259184,1619,"2026-10-04T10:41:42.553026Z"
"NC_000913.3","fork1",3239,3927364,-1.3,-1.197553383706671,0.23191074185089536,139.4896267672861,0.9696941378237175,39.02944575886749,-0.5285908361569045,0.001,0.9999999999994048,1604.6697879424514,8.046786723858197,1620,"2026-10-04T10:41:42.554027Z"
"NC_000913.3","fork1",3241,3927365,-1.45,-1.2993432113333396,0.21427557416581033,139.575524623918,0.9697254003104173,39.04274870060338,-0.5076425384607186,0.001,0.9999999999994035,670.0777803546955,8.051753875116143,1621,"2026-10-04T10:41:42.555026Z"
"NC_000913.3","fork1",3243,3927366,-0.88,-1.11502459031999,0.24693533677668908,139.6679691226863,0.969761389060018,39.05623904853178,-0.5460515383193224,0.001,0.9999999999994033,-1067.2501902626318,8.056721026367773,1622,"2026-10-04T10:41:42.556026Z"
"NC_000913.3","fork1",3245,3927367,-1.0,-0.9554055905546683,0.277799014514135,139.76660689274243,0.969801826389854,39.06990579495647,-0.5822771388761058,0.001,0.9999999999994026,-895.8455146186894,8.061688177611828,1623,"2026-10-04T10:41:42.557027Z"
"NC_000913.3","fork1",3247,3927368,-1.3,-1.197553383706671,0.23191074185089536,139.856080181757,0.9698355439436352,39.083299039647606,-0.5279614647235662,0.001,0.9999999999994015,1610.9019801659922,8.066655328844968,1624,"2026-10-04T10:41:42.558027Z"
"NC_000913.3","fork1",3249,3927369,-1.45,-1.2993432113333396,0.21427557416581033,139.94203767553557,0.969866665093552,39.09658475266371,-0.5070264919142919,0.001,0.999999999999401,672.6927785529608,8.071622480069673,1625,"2026-10-04T10:41:42.559026Z"
"NC_000913.3","fork1",3251,3927370,-1.44,1.3110377889013387,0.7876867636969223,140.1428588439842,0.9699808006856311,39.11321495929934,-1.1814173846493023,0.001,0.999999999999401,-5908.6817744619475,8.076589631303943,1626,"2026-10-04T10:41:42.560026Z"
"NC_000913.3","fork1",3253,3927371,-1.28,-1.3896781421493287,0.19945914459223538,140.2259094106149,0.9700096357231284,39.12640363351695,-0.4886219443053018,0.001,0.9999999999994003,24026.1674849274,8.081556782492525,1627,"2026-10-04T10:41:42.561027Z"
"NC_000913.3","fork1",3255,3927372,-1.45,1.6006567886666603,0.832110160392121,140.43576507416807,0.9701296413663248,39.14326789478177,-1.2311640298134934,0.001,0.9999999999994004,-6187.559732441022,8.08652393369287,1628,"2026-10-04T10:41:42.562027Z"
"NC_000913.3","fork1",3257,3927373,-1.84,1.7785320302240026,0.8555155067192858,140.6504021897035,0.9702525372145082,39.16024808827892,-1.256090405286731,0.001,0.9999999999994005,-202.82520395681584,8.09149108486375,1629,"2026-10-04T10:41:42.563026Z"
"NC_000913.3","fork1",3259,3927374,-2.24,-2.2677208491146654,0.09383182322637987,140.712383532343,0.9702659864074339,39.172808953103555,-0.3629238505350394,0.001,0.9999999999994003,66410.4202897306,8.09645823598149,1630,"2026-10-04T10:41:42.564027Z"
"NC_000913.3","fork1",3261,3927375,-2.17,-2.077195418181337,0.11133314431997621,140.77787396395436,0.9702819364708024,39.18546746354815,-0.38344500183912383,0.001,0.9999999999993986,-1286.5874467048775,8.101425387096981,1631,"2026-10-04T10:41:42.565027Z"
"NC_000913.3","fork1",3263,3927376,-1.3,1.4024466162933291,0.8025718425954855,140.98207066941043,0.9703966711989882,39.20211336051748,-1.1922291735942032,0.001,0.9999999999993988,-7049.166233656665,8.106392538229104,1632,"2026-10-04T10:41:42.566027Z"
"NC_000913.3","fork1",3265,3927377,-1.0,1.0445944094453317,0.7397355271799415,141.17374005609338,0.9705020425089094,39.21838004133377,-1.1167915242748625,0.001,0.9999999999993986,715.9220984894313,8.111359689330351,1633,"2026-10-04T10:41:42.567027Z"
"NC_000913.3","fork1",3267,3927378,-1.28,1.1703218578506713,0.7632031881188912,141.37019910241844,0.9706103754799023,39.23476537053081,-1.1421915234823956,0.001,0.9999999999993986,-234.46231534812316,8.116326840405515,1634,"2026-10-04T10:41:42.568027Z"
"NC_000913.3","fork1",3269,3927379,-1.44,-1.5689622110986612,0.1723643870770019,141.44807047558845,0.9706347883064317,39.24775640981256,-0.45281138767728957,0.001,0.9999999999993981,28238.439943611535,8.121293991436005,1635,"2026-10-04T10:41:42.569027Z"
"NC_000913.3","fork1",3271,3927380,-1.45,1.6006567886666603,0.832110160392121,141.65849828846243,0.9707523678441515,39.26451271361186,-1.2200963969657006,0.001,0.9999999999993978,-6525.667851464034,8.126261142479862,1636,"2026-10-04T10:41:42.570027Z"
"NC_000913.3","fork1",3273,3927381,-1.84,1.7785320302240026,0.8555155067192858,141.8737188252906,0.970872778528229,39.28138280367255,-1.244770755435071,0.001,0.9999999999993976,-204.91834805543917,8.131228293494178,1637,"2026-10-04T10:41:42.571026Z"
"NC_000913.3","fork1",3275,3927382,-1.3,1.4024466162933291,0.8025718425954855,142.07838782683643,0.9709853003615442,39.29793292830266,-1.1810541319800438,0.001,0.9999999999993979,566.2600899554042,8.136195444475847,1638,"2026-10-04T10:41:42.572026Z"
"NC_000913.3","fork1",3277,3927383,-1.0,1.0445944094453317,0.7397355271799415,142.27050617330386,0.9710886389032806,39.31411039269665,-1.106342873391377,0.001,0.9999999999993974,722.9757390930982,8.141162595426577,1639,"2026-10-04T10:41:42.573026Z"
"NC_000913.3","fork1",3279,3927384,-1.0,1.0445944094453317,0.7397355271799415,142.46270203911337,0.971191620314975,39.330272288280916,-1.1044545998369686,0.001,0.9999999999993979,18.336062045952506,8.146129746350539,1640,"2026-10-04T10:41:42.574027Z"
"NC_000913.3","fork1",3281,3927385,-1.44,1.3110377889013387,0.7876867636969223,142.66462391343558,0.9713008858952775,39.34668763601168,-1.1576743051999636,0.001,0.9999999999993976,-487.0674297947366,8.151096897249044,1641,"2026-10-04T10:41:42.575026Z"
"NC_000913.3","fork1",3283,3927386,-2.17,-2.077195418181337,0.11133314431997621,142.73049502561608,0.9713162972244781,39.35929893319607,-0.3778164188920855,0.001,0.9999999999993971,50602.89584098364,8.156064048099804,1642,"2026-10-04T10:41:42.576026Z"
"NC_000913.3","fork1",3285,3927387,-1.44,-1.5689622110986612,0.1723643870770019,142.80865444575772,0.9713401409835557,39.372248758041756,-0.44816241063432627,0.001,0.9999999999993961,-2950.2894872109955,8.161031198949013,1643,"2026-10-04T10:41:42.577027Z"
"NC_000913.3","fork1",3287,3927388,-1.3,-1.197553383706671,0.23191074185089536,142.89881434212964,0.9713721916452951,39.38552828150745,-0.5167155915205932,0.001,0.9999999999993956,-2138.900639359127,8.165998349794329,1644,"2026-10-04T10:41:42.578027Z"
"NC_000913.3","fork1",3289,3927389,-1.45,-1.2993432113333396,0.21427557416581033,142.9854366445733,0.9714017741606307,39.39870484852253,-0.4962503255761978,0.001,0.999999999999395,691.8027663381645,8.170965500631354,1645,"2026-10-04T10:41:42.579026Z"
"NC_000913.3","fork1",3291,3927390,-1.28,1.1703218578506713,0.7632031881188912,143.18269271114562,0.9715068998264942,39.41494333676747,-1.1271433300658824,0.001,0.9999999999993943,-6001.322315606323,8.175932651476765,1646,"2026-10-04T10:41:42.580027Z"
"NC_000913.3","fork1",3293,3927391,-1.3,1.4024466162933291,0.8025718425954855,143.38796504653274,0.9716170435909486,39.43138442828417,-1.1701910865340042,0.001,0.9999999999993947,-390.8324423208307,8.180899802295576,1647,"2026-10-04T10:41:42.581027Z"
"NC_000913.3","fork1",3295,3927392,-1.44,1.3110377889013387,0.7876867636969223,143.5903209110332,0.9717247425859857,39.447725353640415,-1.1509502650832653,0.001,0.999999999999395,178.65367679708947,8.185866953084775,1648,"2026-10-04T10:41:42.582027Z"
"NC_000913.3","fork1",3297,3927393,-1.84,-1.9014679697759975,0.1299424193591184,143.6600895530085,0.971742471212322,39.46041182308267,-0.3969625771635801,0.001,0.999999999999394,42529.391370577294,8.190834103826912,1649,"2026-10-04T10:41:42.583026Z"
"NC_000913.3","fork1",3299,3927394,-1.28,-1.3896781421493287,0.19945914459223538,143.74388700928125,0.9717696633207673,39.47347950660635,-0.47659109666095895,0.001,0.9999999999993929,-2928.3687087991707,8.19580125456705,1650,"2026-10-04T10:41:42.584027Z"
"NC_000913.3","fork1",3301,3927395,-1.0,-0.9554055905546683,0.277799014514135,143.84350678658677,0.9718074931112971,39.486976467040684,-0.5662027731814075,0.001,0.9999999999993933,-2368.8123900623737,8.200768405302847,1651,"2026-10-04T10:41:42.585027Z"
"NC_000913.3","fork1",3303,3927396,-0.58,-0.40523812514667396,0.4000544771470622,143.96782930128234,0.9718618847930637,39.501143886446876,-0.7058291369003156,0.001,0.9999999999993922,-2567.0536226131694,8.205735556032582,1652,"2026-10-04T10:41:42.586027Z"
"NC_000913.3","fork1",3305,3927397,-1.28,1.1703218578506713,0.7632031881188912,144.16552524861913,0.9719653679271112,39.51730492620375,-1.1196411702659832,0.001,0.999999999999392,-3998.835531746462,8.210702706758402,1653,"2026-10-04T10:41:42.587027Z"
"NC_000913.3","fork1",3307,3927398,-1.84,1.7785320302240026,0.8555155067192858,144.38194931971503,0.9720809283894365,39.533956069405725,-1.222554067208524,0.001,0.9999999999993925,-890.5545622761538,8.215669857459048,1654,"2026-10-04T10:41:42.588026Z"
"NC_000913.3","fork1",3309,3927399,-1.84,1.7785320302240026,0.8555155067192858,144.59846468462482,0.9721960261308489,39.55058761711177,-1.219999580722888,0.001,0.9999999999993922,22.19406266612529,8.220637008128476,1655,"2026-10-04T10:41:42.589026Z"
"NC_000913.3","fork1",3311,3927400,-2.24,-2.2677208491146654,0.09383182322637987,144.6611100845778,0.9722086218168753,39.563047200034994,-0.3531750366658542,0.001,0.9999999999993917,68819.16096032895,8.22560415874559,1656,"2026-10-04T10:41:42.590027Z"
"NC_000913.3","fork1",3313,3927401,-1.45,-1.2993432113333396,0.21427557416581033,144.7481067262425,0.9722373647110962,39.576160773158946,-0.49021962732138846,0.001,0.9999999999993909,-4767.946804593775,8.230571309363532,1657,"2026-10-04T10:41:42.591026Z"
"NC_000913.3","fork1",3315,3927402,-1.0,1.0445944094453317,0.7397355271799415,144.9413931229607,0.9723363709574875,39.592132448029,-1.086429733891543,0.001,0.9999999999993913,-6021.944355046537,8.235538459988929,1658,"2026-10-04T10:41:42.592026Z"
"NC_000913.3","fork1",3317,3927403,-1.44,1.3110377889013387,0.7876867636969223,145.14445786767465,0.9724414178862755,39.6083489937238,-1.138736576833416,0.001,0.9999999999993909,-497.9378602057133,8.2405056105888,1659,"2026-10-04T10:41:42.593027Z"
"NC_000913.3","fork1",3319,3927404,-1.45,-1.2993432113333396,0.21427557416581033,145.2315604043295,0.9724699268317937,39.62144615051347,-0.4884475609928366,0.001,0.9999999999993904,22809.998897552814,8.2454727611442,1660,"2026-10-04T10:41:42.594027Z"
"NC_000913.3","fork1",3321,3927405,-1.44,1.3110377889013387,0.7876867636969223,145.43475591812867,0.9725744809142735,39.637639635618406,-1.1363926662507158,0.001,0.9999999999993899,-6197.224344474438,8.250439911708373,1661,"2026-10-04T10:41:42.595026Z"
"NC_000913.3","fork1",3323,3927406,-2.17,-2.077195418181337,0.11133314431997621,145.50107358714507,0.9725892276277517,39.65017088901832,-0.3710398676680564,0.001,0.99999999999939,51899.88940332197,8.255407062225274,1662,"2026-10-04T10:41:42.596026Z"
"NC_000913.3","fork1",3325,3927407,-1.3,1.4024466162933291,0.8025718425954855,145.70740863047496,0.9726953051041053,39.66642334543581,-1.151152926634161,0.001,0.9999999999993896,-7354.181922330296,8.26037421275801,1663,"2026-10-04T10:41:42.597027Z"
"NC_000913.3","fork1",3327,3927408,-1.44,1.3110377889013387,0.7876867636969223,145.91081223770843,0.9727990271835907,39.682578736311676,-1.132198928812556,0.001,0.9999999999993893,182.7383129575079,8.26534136326107,1664,"2026-10-04T10:41:42.598027Z"
"NC_000913.3","fork1",3329,3927409,-1.28,-1.3896781421493287,0.19945914459223538,145.9950758540441,0.972825231004949,39.69557002486064,-0.4690579952834958,0.001,0.9999999999993889,25307.031537924096,8.270308513719412,1665,"2026-10-04T10:41:42.599026Z"
"NC_000913.3","fork1",3331,3927410,-1.0,-0.9554055905546683,0.277799014514135,146.0952333772135,0.9728616857945804,39.70897678283437,-0.5571566461757275,0.001,0.9999999999993882,-2416.6550344392713,8.275275664173444,1666,"2026-10-04T10:41:42.600027Z"
"NC_000913.3","fork1",3333,3927411,-1.3,-1.197553383706671,0.23191074185089536,146.18610526919423,0.9728920823813906,39.72213350937106,-0.5052825038706839,0.001,0.9999999999993875,1706.5778677404621,8.280242814616825,1667,"2026-10-04T10:41:42.601027Z"
"NC_000913.3","fork1",3335,3927412,-1.45,-1.2993432113333396,0.21427557416581033,146.2734146860648,0.9729201381037241,39.73519180395277,-0.48528104805766603,0.001,0.9999999999993869,712.9189395026609,8.285209965052093,1668,"2026-10-04T10:41:42.602027Z"
"NC_000913.3","fork1",3337,3927413,-1.28,1.1703218578506713,0.7632031881188912,146.4721279372839,0.9730198373599623,39.75117407367026,-1.1016033730713786,0.001,0.9999999999993866,-6181.814672129222,8.290177115495249,1669,"2026-10-04T10:41:42.603027Z"
"NC_000913.3","fork1",3339,3927414,-2.24,-2.2677208491146654,0.09383182322637987,146.53504823223244,0.973032070197397,39.76358087367178,-0.3489693448854788,0.001,0.9999999999993859,61525.711610644554,8.295144265892509,1670,"2026-10-04T10:41:42.604027Z"
"NC_000913.3","fork1",3341,3927415,-2.17,-2.077195418181337,0.11133314431997621,146.60152037183076,0.9730465776837091,39.77607739060109,-0.36863840883906773,0.001,0.9999999999993852,-1355.7871798411418,8.300111416287796,1671,"2026-10-04T10:41:42.605027Z"
"NC_000913.3","fork1",3343,3927416,-2.24,-2.2677208491146654,0.09383182322637987,146.6644382749174,0.973058798732744,39.78847720921292,-0.34892769466163276,0.001,0.9999999999993843,1612.8496106203295,8.305078566679553,1672,"2026-10-04T10:41:42.606027Z"
"NC_000913.3","fork1",3345,3927417,-2.17,-2.077195418181337,0.11133314431997621,146.73091016238592,0.9730732922382545,39.800966716554,-0.3686068673333716,0.001,0.9999999999993839,-1357.7924717796263,8.310045717069302,1673,"2026-10-04T10:41:42.607026Z"
"NC_000913.3","fork1",3347,3927418,-1.84,1.7785320302240026,0.8555155067192858,146.9486214073519,0.9731844117662752,39.81740640176969,-1.2035906841819826,0.001,0.9999999999993834,-7514.285128104706,8.315012867476174,1674,"2026-10-04T10:41:42.608026Z"
"NC_000913.3","fork1",3349,3927419,-1.84,1.7785320302240026,0.8555155067192858,147.16642340465728,0.9732950853175786,39.8338269983371,-1.2010376656750053,0.001,0.9999999999993835,23.06800926609663,8.319980017851737,1675,"2026-10-04T10:41:42.609026Z"
"NC_000913.3","fork1",3351,3927420,-2.24,-2.2677208491146654,0.09383182322637987,147.2294279687304,0.9733071967808361,39.84621175019924,-0.3476092461658334,0.001,0.9999999999993828,70464.51790034064,8.324947168175541,1676,"2026-10-04T10:41:42.610027Z"
"NC_000913.3","fork1",3353,3927421,-2.17,-2.077195418181337,0.11133314431997621,147.29599076312803,0.9733215603198844,39.85868547600094,-0.36720997694958063,0.001,0.9999999999993824,-1364.6170848201346,8.329914318497359,1677,"2026-10-04T10:41:42.611026Z"
"NC_000913.3","fork1",3355,3927422,-1.3,1.4024466162933291,0.8025718425954855,147.50320099486186,0.9734248811661865,39.874799974111994,-1.1398743411764434,0.001,0.999999999999382,-7478.300767758322,8.33488146883476,1678,"2026-10-04T10:41:42.612026Z"
"NC_000913.3","fork1",3357,3927423,-1.0,1.0445944094453317,0.7397355271799415,147.69770627152764,0.9735197678712761,39.890567862736944,-1.0677203473898778,0.001,0.9999999999993824,760.4225873205426,8.339848619141193,1679,"2026-10-04T10:41:42.613027Z"
"NC_000913.3","fork1",3359,3927424,-1.28,1.1703218578506713,0.7632031881188912,147.89706595508287,0.973617319350106,39.90644375174395,-1.0919007314318208,0.001,0.9999999999993823,-247.87306488835029,8.344815769421382,1680,"2026-10-04T10:41:42.614027Z"
"NC_000913.3","fork1",3361,3927425,-1.84,1.7785320302240026,0.8555155067192858,148.11530469000647,0.9737262544379113,39.922785210172435,-1.1921814501158186,0.001,0.9999999999993823,-920.5548065765016,8.349782919676239,1681,"2026-10-04T10:41:42.615026Z"
"NC_000913.3","fork1",3363,3927426,-1.84,1.7785320302240026,0.8555155067192858,148.33363396633297,0.9738347518165785,39.939107842179546,-1.189635167641941,0.001,0.9999999999993824,23.46860822957532,8.354750069899822,1682,"2026-10-04T10:41:42.616027Z"
"NC_000913.3","fork1",3365,3927427,-2.24,-2.2677208491146654,0.09383182322637987,148.3968424821707,0.9738466251020179,39.95146567799311,-0.34458752433547674,0.001,0.9999999999993818,71172.18293287192,8.359717220071841,1683,"2026-10-04T10:41:42.617027Z"
"NC_000913.3","fork1",3367,3927428,-1.28,-1.3896781421493287,0.19945914459223538,148.48157974694115,0.9738718468346894,39.96436804714421,-0.4617495564931613,0.001,0.9999999999993808,-4645.280864866231,8.364684370244364,1684,"2026-10-04T10:41:42.618027Z"
"NC_000913.3","fork1",3369,3927429,-1.45,1.6006567886666603,0.832110160392121,148.69532241749397,0.9739768125536566,39.98054087282757,-1.1613341390178205,0.001,0.9999999999993812,-6664.886302003585,8.369651520427329,1685,"2026-10-04T10:41:42.619026Z"
"NC_000913.3","fork1",3371,3927430,-1.44,-1.5689622110986612,0.1723643870770019,148.77459393778085,0.9739985039222709,39.993293440072925,-0.43078430984734545,0.001,0.9999999999993805,33679.28700861192,8.374618670562446,1686,"2026-10-04T10:41:42.620027Z"
"NC_000913.3","fork1",3373,3927431,-0.58,-0.40523812514667396,0.4000544771470622,148.90032562895075,0.9740487813773376,40.007217128242246,-0.6824451714298371,0.001,0.9999999999993795,-5005.441529382477,8.379585820698304,1687,"2026-10-04T10:41:42.621027Z"
"NC_000913.3","fork1",3375,3927432,-1.44,1.3110377889013387,0.7876867636969223,149.1051992167538,0.9741474986698432,40.02312867440453,-1.1091222224729878,0.001,0.99999999999938,-4322.2118457025235,8.384552970830434,1688,"2026-10-04T10:41:42.622027Z"
"NC_000913.3","fork1",3377,3927433,-1.45,-1.2993432113333396,0.21427557416581033,149.19310061149625,0.974174289571945,40.03608314430813,-0.4758590201556153,0.001,0.9999999999993794,23637.24819386639,8.38952012091875,1689,"2026-10-04T10:41:42.623027Z"
"NC_000913.3","fork1",3379,3927434,-1.44,1.3110377889013387,0.7876867636969223,149.39810381629906,0.9742725420470586,40.05197249142627,-1.1067685947246704,0.001,0.9999999999993793,-6421.309731275096,8.394487271015263,1690,"2026-10-04T10:41:42.624027Z"
"NC_000913.3","fork1",3381,3927435,-2.17,-2.077195418181337,0.11133314431997621,149.46503871446038,0.9742863998521343,40.06439029211641,-0.3615079548943882,0.001,0.9999999999993784,53779.12560902268,8.399454421065357,1691,"2026-10-04T10:41:42.625026Z"
"NC_000913.3","fork1",3383,3927436,-2.24,-2.2677208491146654,0.09383182322637987,149.52839815678806,0.9742980735975175,40.07671508877049,-0.34219528027059687,0.001,0.9999999999993776,1654.3683273673548,8.404421571112026,1692,"2026-10-04T10:41:42.626027Z"
"NC_000913.3","fork1",3385,3927437,-1.45,-1.2993432113333396,0.21427557416581033,149.61637197438753,0.9743247125717938,40.089652425118416,-0.47489402113888635,0.001,0.9999999999993769,-4981.375765156783,8.4093887211596,1693,"2026-10-04T10:41:42.627026Z"
"NC_000913.3","fork1",3387,3927438,-1.44,1.3110377889013387,0.7876867636969223,149.82158608187638,0.9744224077964765,40.10551143839598,-1.1047469385410165,0.001,0.9999999999993769,-6447.1208234346805,8.41435587121532,1694,"2026-10-04T10:41:42.628026Z"
"NC_000913.3","fork1",3389,3927439,-1.45,-1.2993432113333396,0.21427557416581033,149.90962013019927,0.9744489212831006,40.11843877570341,-0.4739077042488374,0.001,0.9999999999993764,23793.145097681594,8.419323021227369,1695,"2026-10-04T10:41:42.629026Z"
"NC_000913.3","fork1",3391,3927440,-0.88,-1.11502459031999,0.24693533677668908,150.00434784699593,0.9744794427485173,40.131528323364826,-0.5096585190840426,0.001,0.9999999999993757,-1171.333497494237,8.424290171233404,1696,"2026-10-04T10:41:42.630027Z"
"NC_000913.3","fork1",3393,3927441,-1.45,1.6006567886666603,0.832110160392121,150.2188306100682,0.9745820312548955,40.14758387763056,-1.150635154781247,0.001,0.9999999999993762,-6248.035558038046,8.429257321246675,1697,"2026-10-04T10:41:42.631026Z"
"NC_000913.3","fork1",3395,3927442,-1.3,1.4024466162933291,0.8025718425954855,150.42735476363754,0.9746805975081926,40.16347269407567,-1.1160139949405228,0.001,0.999999999999376,351.24759928104754,8.434224471228749,1698,"2026-10-04T10:41:42.632026Z"
"NC_000913.3","fork1",3397,3927443,-1.0,1.0445944094453317,0.7397355271799415,150.62309749428633,0.9747711168695709,40.17902873831378,-1.045363791242607,0.001,0.999999999999376,780.4982560877257,8.439191621179912,1699,"2026-10-04T10:41:42.633027Z"
"NC_000913.3","fork1",3399,3927444,-1.0,1.0445944094453317,0.7397355271799415,150.81891632249193,0.974861320961904,40.1945704999988,-1.043482981359467,0.001,0.9999999999993757,20.850604828359664,8.444158771104243,1700,"2026-10-04T10:41:42.634027Z"
"NC_000913.3","fork1",3401,3927445,-1.28,1.1703218578506713,0.7632031881188912,151.01961882234164,0.974954057393968,40.21021541326717,-1.0670648790011763,0.001,0.9999999999993757,-254.28946441933806,8.449125921002292,1701,"2026-10-04T10:41:42.635026Z"
"NC_000913.3","fork1",3403,3927446,-2.24,-2.2677208491146654,0.09383182322637987,151.08323198928656,0.9749654358172875,40.222502678379236,-0.3383565472639404,0.001,0.9999999999993753,64042.9971077057,8.454093070855334,1702,"2026-10-04T10:41:42.636027Z"
"NC_000913.3","fork1",3405,3927447,-1.84,-1.9014679697759975,0.1299424193591184,151.15424540444374,0.9749811848398345,40.234967109896765,-0.37765472491102514,0.001,0.9999999999993742,-2495.277248451165,8.459060220707114,1703,"2026-10-04T10:41:42.637027Z"
"NC_000913.3","fork1",3407,3927448,-1.84,-1.9014679697759975,0.1299424193591184,151.22526143050146,0.9749969242088914,40.247428056269534,-0.3776144779253525,0.001,0.9999999999993734,2.5570901557258523,8.46402737055536,1704,"2026-10-04T10:41:42.638027Z"
"NC_000913.3","fork1",3409,3927449,-1.28,-1.3896781421493287,0.19945914459223538,151.3105380530046,0.9750210650725739,40.26023282738486,-0.45324972228339533,0.001,0.9999999999993731,-3133.0794686027884,8.46899452040179,1705,"2026-10-04T10:41:42.639027Z"
"NC_000913.3","fork1",3411,3927450,-1.0,-0.9554055905546683,0.277799014514135,151.41189798873677,0.9750546496980687,40.27342478047264,-0.5383591252462228,0.001,0.9999999999993723,-2534.1775204892742,8.473961670244053,1706,"2026-10-04T10:41:42.640027Z"
"NC_000913.3","fork1",3413,3927451,-1.3,-1.197553383706671,0.23191074185089536,151.50386105660706,0.9750826529406085,40.286383489495186,-0.48822642740186223,0.001,0.999999999999372,1790.2461749946465,8.478928820075936,1707,"2026-10-04T10:41:42.641027Z"
"NC_000913.3","fork1",3415,3927452,-2.17,-2.077195418181337,0.11133314431997621,151.57108661942794,0.9750960855425506,40.29873724987318,-0.35689697628037353,0.001,0.9999999999993712,9776.918253641226,8.483895969897286,1708,"2026-10-04T10:41:42.642027Z"
"NC_000913.3","fork1",3417,3927453,-2.24,-2.2677208491146654,0.09383182322637987,151.63471881947473,0.9751074010896128,40.311000363338835,-0.33781632186679206,0.001,0.9999999999993705,1686.2334899611412,8.488863119715313,1709,"2026-10-04T10:41:42.643026Z"
"NC_000913.3","fork1",3419,3927454,-1.84,-1.9014679697759975,0.1299424193591184,151.70576650164696,0.97512306308185,40.323440033424895,-0.3771202493945274,0.001,0.9999999999993695,-2509.51008865199,8.493830269532106,1710,"2026-10-04T10:41:42.644026Z"
"NC_000913.3","fork1",3421,3927455,-1.84,-1.9014679697759975,0.1299424193591184,151.7768168219776,0.9751387154710764,40.33587623752314,-0.3770795694627711,0.001,0.9999999999993691,2.5989598883500187,8.49879741934535,1711,"2026-10-04T10:41:42.645026Z"
"NC_000913.3","fork1",3423,3927456,-1.84,-1.9014679697759975,0.1299424193591184,151.84786978495438,0.9751543582628647,40.34830897837088,-0.377038833495375,0.001,0.999999999999368,2.604136649493493,8.503764569155019,1712,"2026-10-04T10:41:42.646027Z"
"NC_000913.3","fork1",3425,3927457,-2.17,-2.077195418181337,0.11133314431997621,151.91509966197546,0.9751677531938742,40.360645621072294,-0.3567268865316148,0.001,0.9999999999993671,1516.3905621736455,8.508731718960648,1713,"2026-10-04T10:41:42.647026Z"
"NC_000913.3","fork1",3427,3927458,-1.3,1.4024466162933291,0.8025718425954855,152.12447770675897,0.975264105772686,40.37641360774014,-1.1077783997715507,0.001,0.9999999999993672,-7794.825239778349,8.513698868781182,1714,"2026-10-04T10:41:42.648026Z"
"NC_000913.3","fork1",3429,3927459,-0.88,-1.11502459031999,0.24693533677668908,152.21964353477176,0.9752936781666979,40.389414969789364,-0.503421918717149,0.001,0.9999999999993665,20436.508481895773,8.51866601855825,1715,"2026-10-04T10:41:42.649027Z"
"NC_000913.3","fork1",3431,3927460,-1.45,1.6006567886666603,0.832110160392121,152.43523278491583,0.9753930762286458,40.40530609194311,-1.1371401164772572,0.001,0.9999999999993666,-6375.558892608491,8.523633168342228,1716,"2026-10-04T10:41:42.650027Z"
"NC_000913.3","fork1",3433,3927461,-1.3,1.4024466162933291,0.8025718425954855,152.64482923593437,0.975488576498346,40.42103467280416,-1.1028850370287295,0.001,0.9999999999993671,358.69091842432897,8.528600318095071,1717,"2026-10-04T10:41:42.651026Z"
"NC_000913.3","fork1",3435,3927462,-1.0,1.0445944094453317,0.7397355271799415,152.84157209064088,0.9755762796383056,40.43643895183153,-1.0330128458301944,0.001,0.9999999999993671,796.6897334654378,8.533567467817052,1718,"2026-10-04T10:41:42.652026Z"
"NC_000913.3","fork1",3437,3927463,-1.28,1.1703218578506713,0.7632031881188912,153.04322361961363,0.9756664444264244,40.45194398283323,-1.0563507616655254,0.001,0.9999999999993668,-258.83625218080357,8.53853461751279,1719,"2026-10-04T10:41:42.653027Z"
"NC_000913.3","fork1",3439,3927464,-1.3,1.4024466162933291,0.8025718425954855,153.25306364350706,0.9757609101105275,40.46762613521024,-1.0965578608220752,0.001,0.9999999999993671,-425.6265070040625,8.543501767181823,1720,"2026-10-04T10:41:42.654027Z"
"NC_000913.3","fork1",3441,3927465,-1.44,1.3110377889013387,0.7876867636969223,153.45991959682988,0.9758532759949726,40.48322003622721,-1.078411982034682,0.001,0.9999999999993673,196.45650443769065,8.548468916821244,1721,"2026-10-04T10:41:42.655026Z"
"NC_000913.3","fork1",3443,3927466,-1.84,-1.9014679697759975,0.1299424193591184,153.5312817166621,0.9758684803094507,40.49561079988217,-0.37214557028484047,0.001,0.9999999999993664,46451.710319928105,8.55343606641548,1722,"2026-10-04T10:41:42.656027Z"
"NC_000913.3","fork1",3445,3927467,-2.17,-2.077195418181337,0.11133314431997621,153.59880956201056,0.9758814997609617,40.507907824947445,-0.3521242937054682,0.001,0.9999999999993653,1537.7972384212312,8.558403216005754,1723,"2026-10-04T10:41:42.657027Z"
"NC_000913.3","fork1",3447,3927468,-1.44,-1.5689622110986612,0.1723643870770019,153.67892494434912,0.9759016427781119,40.52049752817002,-0.4176220930888441,0.001,0.9999999999993653,-3251.6379693849403,8.563370365594837,1724,"2026-10-04T10:41:42.658027Z"
"NC_000913.3","fork1",3449,3927469,-1.3,-1.197553383706671,0.23191074185089536,153.7713324855702,0.9759287186730757,40.533372249890505,-0.48144014057731976,0.001,0.9999999999993642,-2357.0060222806396,8.568337515180355,1725,"2026-10-04T10:41:42.659027Z"
"NC_000913.3","fork1",3451,3927470,-1.28,-1.3896781421493287,0.19945914459223538,153.8570581094226,0.9759519820644292,40.54608582828682,-0.4464652398195431,0.001,0.9999999999993636,1503.4308724086143,8.573304664757684,1726,"2026-10-04T10:41:42.660027Z"
"NC_000913.3","fork1",3453,3927471,-1.0,-0.9554055905546683,0.277799014514135,153.95896561959702,0.9759843458842474,40.559174749202334,-0.5303679118459266,0.001,0.9999999999993635,-2592.4835973539293,8.578271814330856,1727,"2026-10-04T10:41:42.661027Z"
"NC_000913.3","fork1",3455,3927472,-1.0,-0.9554055905546683,0.277799014514135,154.0608934286849,0.9760166672191797,40.57225928309771,-0.5301279807748205,0.001,0.9999999999993623,7.423303264206682,8.583238963894932,1728,"2026-10-04T10:41:42.662027Z"
"NC_000913.3","fork1",3457,3927473,-1.3,-1.197553383706671,0.23191074185089536,154.15336377265163,0.9760436170500398,40.58511784560004,-0.48071578151048266,0.001,0.9999999999993618,1833.488288692375,8.588206113448742,1729,"2026-10-04T10:41:42.663026Z"
"NC_000913.3","fork1",3459,3927474,-1.28,-1.3896781421493287,0.19945914459223538,154.23914443946381,0.9760667721224272,40.59781582704801,-0.44577620623047237,0.001,0.9999999999993614,1508.9382877104274,8.5931732629944,1730,"2026-10-04T10:41:42.664026Z"
"NC_000913.3","fork1",3461,3927475,-1.3,-1.197553383706671,0.23191074185089536,154.33164246830955,0.9760936670299671,40.6106665696564,-0.48043479468495554,0.001,0.9999999999993605,-1288.6673212400744,8.598140412534754,1731,"2026-10-04T10:41:42.665026Z"
"NC_000913.3","fork1",3463,3927476,-1.84,-1.9014679697759975,0.1299424193591184,154.40307651398803,0.9761087236847453,40.62302189820147,-0.37099791951441413,0.001,0.9999999999993601,7268.339268100123,8.603107562065254,1732,"2026-10-04T10:41:42.666027Z"
"NC_000913.3","fork1",3465,3927477,-2.17,-2.077195418181337,0.11133314431997621,154.47066519900704,0.9761216166915719,40.63528413262305,-0.3510000446974208,0.001,0.9999999999993592,1551.0636956866892,8.60807471159183,1733,"2026-10-04T10:41:42.667026Z"
"NC_000913.3","fork1",3467,3927478,-1.44,-1.5689622110986612,0.1723643870770019,154.55087791166065,0.9761415640733451,40.64783704530682,-0.41641819943808633,0.001,0.999999999999358,-3279.535905247272,8.613041861117189,1734,"2026-10-04T10:41:42.668026Z"
"NC_000913.3","fork1",3469,3927479,-1.0,-0.9554055905546683,0.277799014514135,154.65291254694532,0.9761736789825423,40.66089387120836,-0.5293209117090782,0.001,0.9999999999993578,-3515.585598506765,8.618009010640122,1735,"2026-10-04T10:41:42.669027Z"
"NC_000913.3","fork1",3471,3927480,-1.45,1.6006567886666603,0.832110160392121,154.86968637417064,0.9762696227833081,40.67660752149673,-1.1212832856512882,0.001,0.9999999999993578,-6169.886633811952,8.62297616016773,1736,"2026-10-04T10:41:42.670027Z"
"NC_000913.3","fork1",3473,3927481,-2.24,-2.2677208491146654,0.09383182322637987,154.93371023548113,0.9762804180830841,40.688771366833926,-0.3313241645967866,0.001,0.9999999999993568,73176.2097808052,8.627943309646684,1737,"2026-10-04T10:41:42.671026Z"
"NC_000913.3","fork1",3475,3927482,-1.45,-1.2993432113333396,0.21427557416581033,155.02267354637706,0.9763050524083489,40.701509034670515,-0.46014592711011504,0.001,0.9999999999993564,-5229.360298229527,8.632910459126583,1738,"2026-10-04T10:41:42.672027Z"
"NC_000913.3","fork1",3477,3927483,-1.44,1.3110377889013387,0.7876867636969223,155.2304238598551,0.976395394935395,40.71698402102528,-1.07157364651273,0.001,0.9999999999993567,-6767.88373531607,8.637877608614074,1739,"2026-10-04T10:41:42.673027Z"
"NC_000913.3","fork1",3479,3927484,-1.28,-1.3896781421493287,0.19945914459223538,155.31637681253204,0.9764182182112929,40.72964137954177,-0.4433463957339536,0.001,0.9999999999993562,27525.72652528293,8.642844758058372,1740,"2026-10-04T10:41:42.674027Z"
"NC_000913.3","fork1",3481,3927485,-1.3,-1.197553383706671,0.23191074185089536,155.4090664604807,0.9764447277130793,40.74244972957237,-0.47784444254221,0.001,0.9999999999993555,-1301.3464789427742,8.647811907497372,1741,"2026-10-04T10:41:42.675026Z"
"NC_000913.3","fork1",3483,3927486,-2.17,-2.077195418181337,0.11133314431997621,155.47677336000038,0.9764574437675685,40.75467965837101,-0.3490471802202841,0.001,0.9999999999993551,10128.7126782706,8.652779056926093,1742,"2026-10-04T10:41:42.676027Z"
"NC_000913.3","fork1",3485,3927487,-1.84,1.7785320302240026,0.8555155067192858,155.69880510163526,0.9765549342641218,40.77044577474862,-1.1410650402845441,0.001,0.9999999999993551,-8124.051964710634,8.657746206370517,1743,"2026-10-04T10:41:42.677027Z"
"NC_000913.3","fork1",3487,3927488,-1.44,-1.5689622110986612,0.1723643870770019,155.7792171015789,0.9765745283506773,40.782957848355885,-0.4133186155237757,0.001,0.9999999999993541,37141.12534409604,8.662713355766915,1744,"2026-10-04T10:41:42.678027Z"
"NC_000913.3","fork1",3489,3927489,-1.3,-1.197553383706671,0.23191074185089536,155.87199227225662,0.9766008663470541,40.79574875132095,-0.47660671235765595,0.001,0.9999999999993531,-2402.9199460855843,8.66768050515972,1745,"2026-10-04T10:41:42.679027Z"
"NC_000913.3","fork1",3491,3927490,-1.28,-1.3896781421493287,0.19945914459223538,155.95804680074417,0.9766234957092785,40.80838197077801,-0.4419175411133658,0.001,0.999999999999353,1532.9274815737515,8.672647654544463,1746,"2026-10-04T10:41:42.680027Z"
"NC_000913.3","fork1",3493,3927491,-0.58,-0.40523812514667396,0.4000544771470622,156.08575829929677,0.9766688189684548,40.8219609171488,-0.6550460509537581,0.001,0.9999999999993523,-4702.40917608028,8.677614803928044,1747,"2026-10-04T10:41:42.681026Z"
"NC_000913.3","fork1",3495,3927492,-0.88,-1.11502459031999,0.24693533677668908,156.18170604739444,0.976696752119299,40.834810545375994,-0.4919040008953737,0.001,0.999999999999352,5840.445675771237,8.682581953294182,1748,"2026-10-04T10:41:42.682027Z"
"NC_000913.3","fork1",3497,3927493,-1.45,1.6006567886666603,0.832110160392121,156.39922934073257,0.9767906396891084,40.85041576078227,-1.1119227561779341,0.001,0.999999999999352,-6603.842836075227,8.687549102666805,1749,"2026-10-04T10:41:42.683026Z"
"NC_000913.3","fork1",3499,3927494,-1.44,-1.5689622110986612,0.1723643870770019,156.4797498196947,0.976810041463984,40.86290394388272,-0.41165725640894624,0.001,0.999999999999351,36092.85770294562,8.69251625199297,1750,"2026-10-04T10:41:42.684026Z"
"NC_000913.3","fork1",3501,3927495,-1.0,-0.9554055905546683,0.277799014514135,156.58219255620457,0.9768412779096678,40.87588447215044,-0.523350407799662,0.001,0.9999999999993507,-3575.731775673675,8.69748340131673,1751,"2026-10-04T10:41:42.685026Z"
"NC_000913.3","fork1",3503,3927496,-1.45,1.6006567886666603,0.832110160392121,156.7999018553351,0.9769345969437354,40.891460977098696,-1.1089689691097253,0.001,0.9999999999993511,-6275.446024074026,8.702450550644976,1752,"2026-10-04T10:41:42.686027Z"
"NC_000913.3","fork1",3505,3927497,-1.3,1.4024466162933291,0.8025718425954855,157.01155409117814,0.9770242554460351,40.90688312004663,-1.0754947918817903,0.001,0.9999999999993509,373.3519562488736,8.707417699942223,1753,"2026-10-04T10:41:42.687026Z"
"NC_000913.3","fork1",3507,3927498,-1.44,1.3110377889013387,0.7876867636969223,157.22019225719848,0.9771119201286877,40.92222057439659,-1.0576432808691298,0.001,0.9999999999993515,203.63401169652298,8.712384849209949,1754,"2026-10-04T10:41:42.688026Z"
"NC_000913.3","fork1",3509,3927499,-1.84,-1.9014679697759975,0.1299424193591184,157.29204297493183,0.9771263504971422,40.9344888372276,-0.36433260292025615,0.001,0.9999999999993507,48045.251244622596,8.7173519984332,1755,"2026-10-04T10:41:42.689027Z"
"NC_000913.3","fork1",3511,3927500,-1.45,-1.2993432113333396,0.21427557416581033,157.38144996983092,0.977150126829316,40.94714575805422,-0.45312653844249984,0.001,0.9999999999993496,-3734.55143851935,8.72231914765516,1756,"2026-10-04T10:41:42.690027Z"
"NC_000913.3","fork1",3513,3927501,-1.28,1.1703218578506713,0.7632031881188912,157.58515940952086,0.9772346170443493,40.962344823962255,-1.0296537723211707,0.001,0.9999999999993505,-6823.597663366442,8.72728629688386,1757,"2026-10-04T10:41:42.691026Z"
"NC_000913.3","fork1",3515,3927502,-1.44,-1.5689622110986612,0.1723643870770019,157.6658955754507,0.9772536563207697,40.974798350551616,-0.4081187207672049,0.001,0.9999999999993493,32644.8882737114,8.732253446070677,1758,"2026-10-04T10:41:42.692027Z"
"NC_000913.3","fork1",3517,3927503,-1.45,1.6006567886666603,0.832110160392121,157.88408033186394,0.9773453521964943,40.990296240785106,-1.099612354708019,0.001,0.9999999999993492,-7541.163967037967,8.737220595268502,1759,"2026-10-04T10:41:42.693027Z"
"NC_000913.3","fork1",3519,3927504,-1.84,1.7785320302240026,0.8555155067192858,158.1072281637157,0.9774392507878298,41.00588541365175,-1.1216381472506438,0.001,0.9999999999993495,-234.56999971315395,8.742187744436622,1760,"2026-10-04T10:41:42.694027Z"
"NC_000913.3","fork1",3521,3927505,-1.84,1.7785320302240026,0.8555155067192858,158.3304645276143,0.9775327691366008,41.02145755872411,-1.1191175088018996,0.001,0.99999999999935,26.953410553855942,8.747154893573603,1761,"2026-10-04T10:41:42.695027Z"
"NC_000913.3","fork1",3523,3927506,-1.3,1.4024466162933291,0.8025718425954855,158.54275055019116,0.9776201557242797,41.036771239481176,-1.0616365018184988,0.001,0.9999999999993499,657.7783674835202,8.752122042678204,1762,"2026-10-04T10:41:42.696027Z"
"NC_000913.3","fork1",3525,3927507,-1.44,1.3110377889013387,0.7876867636969223,158.7520143321734,0.9777055986127946,41.05200208598646,-1.0440050734508444,0.001,0.9999999999993501,206.35337444832743,8.757089191753387,1763,"2026-10-04T10:41:42.697027Z"
"NC_000913.3","fork1",3527,3927508,-1.28,-1.3896781421493287,0.19945914459223538,158.83864251428997,0.9777271839517975,41.06454967060797,-0.43217789557864844,0.001,0.9999999999993494,28344.571182819574,8.762056340786087,1764,"2026-10-04T10:41:42.698027Z"
"NC_000913.3","fork1",3529,3927509,-1.45,1.6006567886666603,0.832110160392121,159.05730254806724,0.9778170142567195,41.07996154701663,-1.087611191725933,0.001,0.9999999999993497,-7296.349452627055,8.767023489827928,1765,"2026-10-04T10:41:42.699026Z"
"NC_000913.3","fork1",3531,3927510,-1.84,1.7785320302240026,0.8555155067192858,159.2809337885316,0.9779090020988838,41.09546293204471,-1.1093707687379197,0.001,0.9999999999993499,-236.54840139782104,8.77199063884015,1766,"2026-10-04T10:41:42.700026Z"
"NC_000913.3","fork1",3533,3927511,-1.84,1.7785320302240026,0.8555155067192858,159.5046533812921,0.9780006170703034,41.11094753799291,-1.1068632951590387,0.001,0.9999999999993505,27.369692311488247,8.776957787821303,1767,"2026-10-04T10:41:42.701026Z"
"NC_000913.3","fork1",3535,3927512,-1.3,1.4024466162933291,0.8025718425954855,159.71740367429325,0.9780862247503548,41.12617844157566,-1.0500236975502544,0.001,0.9999999999993502,663.9544206157977,8.781924936770153,1768,"2026-10-04T10:41:42.702027Z"
"NC_000913.3","fork1",3537,3927513,-1.0,1.0445944094453317,0.7397355271799415,159.9171085281152,0.9781648414174661,41.14111405591723,-0.9834503308591638,0.001,0.9999999999993503,846.8098322821563,8.786892085688544,1769,"2026-10-04T10:41:42.703026Z"
"NC_000913.3","fork1",3539,3927514,-1.44,1.3110377889013387,0.7876867636969223,160.12690855017146,0.9782482510465729,41.15624989747433,-1.0306239006198092,0.001,0.9999999999993503,-565.565034466735,8.791859234581501,1770,"2026-10-04T10:41:42.704026Z"
"NC_000913.3","fork1",3541,3927515,-2.17,-2.077195418181337,0.11133314431997621,160.19540825293538,0.9782600151657611,41.168369386518236,-0.3366144360601549,0.001,0.9999999999993501,58993.74644668832,8.796826383430266,1771,"2026-10-04T10:41:42.705027Z"
"NC_000913.3","fork1",3543,3927516,-2.24,-2.2677208491146654,0.09383182322637987,160.2602489323957,0.9782699251605386,41.180407824670034,-0.3186242836194631,0.001,0.999999999999349,1815.3543815799874,8.801793532276168,1772,"2026-10-04T10:41:42.706027Z"
"NC_000913.3","fork1",3545,3927517,-2.17,-2.077195418181337,0.11133314431997621,160.32874835105065,0.9782816778178414,41.19252080787995,-0.33656503955452816,0.001,0.999999999999348,-1526.5276160815026,8.806760681120751,1773,"2026-10-04T10:41:42.707026Z"
"NC_000913.3","fork1",3547,3927518,-1.44,-1.5689622110986612,0.1723643870770019,160.41001652524747,0.9782998608554933,41.2049016323754,-0.39916219394113,0.001,0.9999999999993476,-3442.6125922973692,8.811727829964353,1774,"2026-10-04T10:41:42.708026Z"
"NC_000913.3","fork1",3549,3927519,-0.58,-0.40523812514667396,0.4000544771470622,160.53894085064934,0.9783420059916645,41.21828914802919,-0.6324438238176039,0.001,0.9999999999993469,-5535.1969662252495,8.81669497880849,1775,"2026-10-04T10:41:42.709027Z"
"NC_000913.3","fork1",3551,3927520,-1.0,1.0445944094453317,0.7397355271799415,160.73900447111723,0.9784197252782324,41.233173568562805,-0.9789780213806412,0.001,0.9999999999993472,-4458.792828218753,8.821662127647015,1776,"2026-10-04T10:41:42.710027Z"
"NC_000913.3","fork1",3553,3927521,-0.88,-1.11502459031999,0.24693533677668908,160.8359564599639,0.978445608427507,41.24587145806723,-0.47430096962626256,0.001,0.9999999999993469,19498.28617835972,8.8266292764476,1777,"2026-10-04T10:41:42.711026Z"
"NC_000913.3","fork1",3555,3927522,-1.45,1.6006567886666603,0.832110160392121,161.05548743426553,0.9785326048158169,41.261143595991044,-1.0707832040772396,0.001,0.9999999999993469,-6856.402271853469,8.831596425254158,1778,"2026-10-04T10:41:42.712027Z"
"NC_000913.3","fork1",3557,3927523,-1.84,1.7785320302240026,0.8555155067192858,161.28000723195908,0.9786216901422237,41.27650264093248,-1.0921759802495032,0.001,0.9999999999993469,-240.1380455698597,8.836563574031157,1779,"2026-10-04T10:41:42.713027Z"
"NC_000913.3","fork1",3559,3927524,-1.84,1.7785320302240026,0.8555155067192858,161.50461503980074,0.9787104138257608,41.29184527978656,-1.089684456518089,0.001,0.9999999999993473,28.081833757162045,8.841530722777243,1780,"2026-10-04T10:41:42.714027Z"
"NC_000913.3","fork1",3561,3927525,-2.24,-2.2677208491146654,0.09383182322637987,161.56964456819063,0.9787201229760583,41.30385222827538,-0.315634187345928,0.001,0.9999999999993466,79723.79100760673,8.846497871474861,1781,"2026-10-04T10:41:42.715027Z"
"NC_000913.3","fork1",3563,3927526,-2.17,-2.077195418181337,0.11133314431997621,161.63834211102167,0.9787316374386147,41.31593235976539,-0.333398987445773,0.001,0.9999999999993459,-1542.8249484321734,8.851465020171219,1782,"2026-10-04T10:41:42.716027Z"
"NC_000913.3","fork1",3565,3927527,-1.3,1.4024466162933291,0.8025718425954855,161.85202074794475,0.9788144620713589,41.33102059972218,-1.033960624729141,0.001,0.9999999999993456,-8458.372999332089,8.856432168881106,1783,"2026-10-04T10:41:42.717027Z"
"NC_000913.3","fork1",3567,3927528,-1.44,1.3110377889013387,0.7876867636969223,162.06265818778448,0.9788954437103742,41.34602970823539,-1.016764595726939,0.001,0.9999999999993462,212.34478841507166,8.86139931756179,1784,"2026-10-04T10:41:42.718027Z"
"NC_000913.3","fork1",3569,3927529,-2.17,-2.077195418181337,0.11133314431997621,162.13143727405895,0.9789068653520465,41.35809865245451,-0.3321140949294221,0.001,0.9999999999993453,59943.26563892101,8.866366466198679,1785,"2026-10-04T10:41:42.719026Z"
"NC_000913.3","fork1",3571,3927530,-1.84,1.7785320302240026,0.8555155067192858,162.35643313083523,0.9789944309128742,41.373382520176264,-1.0830020889233731,0.001,0.9999999999993457,-8575.15199921662,8.871333614850306,1786,"2026-10-04T10:41:42.720026Z"
"NC_000913.3","fork1",3573,3927531,-1.44,-1.5689622110986612,0.1723643870770019,162.4380717560817,0.9790120300208287,41.38570755561146,-0.3930119398627366,0.001,0.9999999999993451,39205.97287339678,8.876300763455436,1787,"2026-10-04T10:41:42.721026Z"
"NC_000913.3","fork1",3575,3927532,-1.45,1.6006567886666603,0.832110160392121,162.6582871802619,0.9790967890969926,41.40086958591033,-1.0569151303665878,0.001,0.9999999999993451,-7832.827120721136,8.881267912070967,1788,"2026-10-04T10:41:42.722027Z"
"NC_000913.3","fork1",3577,3927533,-1.3,1.4024466162933291,0.8025718425954855,162.87238183615196,0.9791782219844565,41.41588969791627,-1.0249884287843496,0.001,0.9999999999993454,392.06151932660356,8.88623506065588,1789,"2026-10-04T10:41:42.723026Z"
"NC_000913.3","fork1",3579,3927534,-1.28,1.1703218578506713,0.7632031881188912,163.07828462793123,0.9792553722728218,41.43072731171175,-0.9834616155492386,0.001,0.9999999999993455,538.2586911209463,8.891202209211091,1790,"2026-10-04T10:41:42.724026Z"
"NC_000913.3","fork1",3581,3927535,-2.24,-2.2677208491146654,0.09383182322637987,163.14355543362737,0.9792648381593266,41.442699122494645,-0.3118767756744307,0.001,0.9999999999993449,70947.9074707159,8.896169357723933,1791,"2026-10-04T10:41:42.725027Z"
"NC_000913.3","fork1",3583,3927536,-2.17,-2.077195418181337,0.11133314431997621,163.21250452432162,0.9792760641195686,41.45474243382382,-0.32941312987015087,0.001,0.999999999999344,-1562.1250937801015,8.901136506235554,1792,"2026-10-04T10:41:42.726027Z"
"NC_000913.3","fork1",3585,3927537,-1.44,-1.5689622110986612,0.1723643870770019,163.29429053937767,0.979293432257387,41.467042864181415,-0.3906026210852671,0.001,0.9999999999993432,-3523.0887648958415,8.906103654746286,1793,"2026-10-04T10:41:42.727026Z"
"NC_000913.3","fork1",3587,3927538,-1.3,-1.197553383706671,0.23191074185089536,163.38861182104816,0.9793167780486018,41.47959366523536,-0.45021518240779346,0.001,0.999999999999343,-2553.4607404752483,8.91107080325373,1794,"2026-10-04T10:41:42.728027Z"
"NC_000913.3","fork1",3589,3927539,-1.45,-1.2993432113333396,0.21427557416581033,163.4792363736065,0.9793383256556907,41.49206561161476,-0.4323734953281005,0.001,0.9999999999993421,828.0124566100108,8.916037951753891,1795,"2026-10-04T10:41:42.729027Z"
"NC_000913.3","fork1",3591,3927540,-1.0,1.0445944094453317,0.7397355271799415,163.68048461903098,0.9794125449039197,41.50676701246784,-0.9576393164647508,0.001,0.9999999999993423,-7077.21829134836,8.921005100259695,1796,"2026-10-04T10:41:42.730027Z"
"NC_000913.3","fork1",3593,3927541,-0.88,-1.11502459031999,0.24693533677668908,163.77804174927599,0.9794372623017193,41.51936853057256,-0.4641041670584566,0.001,0.9999999999993416,19967.116013061946,8.9259722487281,1797,"2026-10-04T10:41:42.731026Z"
"NC_000913.3","fork1",3595,3927542,-1.0,-0.9554055905546683,0.277799014514135,163.8821156682734,0.9794650343241909,41.53209694101062,-0.4947558571872082,0.001,0.9999999999993414,-1103.6895191986837,8.930939397189727,1798,"2026-10-04T10:41:42.732027Z"
"NC_000913.3","fork1",3597,3927543,-1.3,-1.197553383706671,0.23191074185089536,163.97654174092332,0.9794881906936517,41.54462702510305,-0.44866728428996777,0.001,0.9999999999993405,1990.319465891329,8.935906545641714,1799,"2026-10-04T10:41:42.733027Z"
"NC_000913.3","fork1",3599,3927544,-1.28,-1.3896781421493287,0.19945914459223538,164.0641435220613,0.9795080863084406,41.55701610502896,-0.4160772526409234,0.001,0.99999999999934,1638.0509974118531,8.940873694086076,1800,"2026-10-04T10:41:42.734027Z"
"NC_000913.3","fork1",3601,3927545,-1.3,-1.197553383706671,0.23191074185089536,164.15859667886457,0.9795311951446386,41.569538809476136,-0.44837206281120034,0.001,0.9999999999993393,-1397.5091559566852,8.945840842525586,1801,"2026-10-04T10:41:42.735027Z"
"NC_000913.3","fork1",3603,3927546,-2.17,-2.077195418181337,0.11133314431997621,164.22763993614697,0.9795422799125033,41.581548437443246,-0.32774036385866906,0.001,0.9999999999993388,10882.654506150866,8.950807990955536,1802,"2026-10-04T10:41:42.736026Z"
"NC_000913.3","fork1",3605,3927547,-1.3,1.4024466162933291,0.8025718425954855,164.44247515648115,0.9796220134172177,41.59647004586509,-1.0167803727589413,0.001,0.9999999999993393,-8641.78755679661,8.95577513939867,1803,"2026-10-04T10:41:42.737026Z"
"NC_000913.3","fork1",3607,3927548,-1.44,1.3110377889013387,0.7876867636969223,164.6542512800978,0.9796999722139277,41.61131495562653,-0.9998433064014114,0.001,0.9999999999993391,217.25664161454281,8.960742287812742,1804,"2026-10-04T10:41:42.738027Z"
"NC_000913.3","fork1",3609,3927549,-1.28,-1.3896781421493287,0.19945914459223538,164.7419729295661,0.9797196666625325,41.623683147427,-0.4141380168523671,0.001,0.9999999999993386,29739.61349724045,8.965709436185646,1805,"2026-10-04T10:41:42.739026Z"
"NC_000913.3","fork1",3611,3927550,-1.3,-1.197553383706671,0.23191074185089536,164.83655542888533,0.9797425418330331,41.63618377900827,-0.44628187793773416,0.001,0.9999999999993383,-1405.185639361071,8.970676584553644,1806,"2026-10-04T10:41:42.740026Z"
"NC_000913.3","fork1",3613,3927551,-1.28,-1.3896781421493287,0.19945914459223538,164.92430033143486,0.979762195835066,41.648544830577265,-0.41385465188305565,0.001,0.9999999999993373,1649.9044825818498,8.975643732914111,1807,"2026-10-04T10:41:42.741027Z"
"NC_000913.3","fork1",3615,3927552,-1.45,1.6006567886666603,0.832110160392121,165.14567544877147,0.9798439877686298,41.663545274402075,-1.0409694653227832,0.001,0.9999999999993375,-7667.196337280516,8.980610881283011,1808,"2026-10-04T10:41:42.742027Z"
"NC_000913.3","fork1",3617,3927553,-1.3,1.4024466162933291,0.8025718425954855,165.36089475307006,0.9799225694758659,41.678407918094166,-1.009491933353678,0.001,0.9999999999993376,400.57073174221904,8.98557802962146,1809,"2026-10-04T10:41:42.743026Z"
"NC_000913.3","fork1",3619,3927554,-1.0,1.0445944094453317,0.7397355271799415,165.56291642304197,0.9799947329195299,41.69299616841248,-0.9454438909757676,0.001,0.999999999999338,887.541380038858,8.990545177929887,1810,"2026-10-04T10:41:42.744026Z"
"NC_000913.3","fork1",3621,3927555,-1.0,1.0445944094453317,0.7397355271799415,165.76501182475803,0.980066642265362,41.70757212003186,-0.9436093486148034,0.001,0.9999999999993378,25.511876651570997,8.995512326212072,1811,"2026-10-04T10:41:42.745027Z"
"NC_000913.3","fork1",3623,3927556,-1.0,1.0445944094453317,0.7397355271799415,165.96718093294487,0.9801382983702104,41.72213580240413,-0.9417766436707173,0.001,0.9999999999993379,25.57639642796465,9.00047947446808,1812,"2026-10-04T10:41:42.746027Z"
"NC_000913.3","fork1",3625,3927557,-1.28,1.1703218578506713,0.7632031881188912,166.17438707621042,0.9802119632069877,41.73678352102882,-0.9629200584452846,0.001,0.9999999999993381,-287.0218098560463,9.005446622698381,1813,"2026-10-04T10:41:42.747026Z"
"NC_000913.3","fork1",3627,3927558,-2.24,-2.2677208491146654,0.09383182322637987,166.2400601399794,0.9802210014122232,41.74867730070647,-0.30530850124774556,0.001,0.9999999999993378,72759.08657281625,9.010413770887064,1814,"2026-10-04T10:41:42.748027Z"
"NC_000913.3","fork1",3629,3927559,-1.45,-1.2993432113333396,0.21427557416581033,166.33121912660724,0.9802416260127301,41.761061729632694,-0.42355642815884215,0.001,0.9999999999993366,-5733.343871149779,9.01538091907683,1815,"2026-10-04T10:41:42.749027Z"
"NC_000913.3","fork1",3631,3927560,-1.44,1.3110377889013387,0.7876867636969223,166.54376585803215,0.9803172620228073,41.77578773999271,-0.9847577210780103,0.001,0.9999999999993374,-7419.763315731638,9.020348067273076,1816,"2026-10-04T10:41:42.750027Z"
"NC_000913.3","fork1",3633,3927561,-2.17,-2.077195418181337,0.11133314431997621,166.6131868972192,0.9803279296497078,41.78774302120868,-0.3217397527294944,0.001,0.9999999999993361,62152.33945965112,9.025315215426613,1817,"2026-10-04T10:41:42.751027Z"
"NC_000913.3","fork1",3635,3927562,-1.84,1.7785320302240026,0.8555155067192858,166.84021795785355,0.9804097138971334,41.80272763378476,-1.0488428174784465,0.001,0.9999999999993368,-8890.502604561072,9.030282363594267,1818,"2026-10-04T10:41:42.752027Z"
"NC_000913.3","fork1",3637,3927563,-1.44,-1.5689622110986612,0.1723643870770019,166.9226123587282,0.9804261509457681,41.814923985426745,-0.38068844414133995,0.001,0.9999999999993358,40649.291012306305,9.035249511716493,1819,"2026-10-04T10:41:42.753027Z"
"NC_000913.3","fork1",3639,3927564,-0.58,-0.40523812514667396,0.4000544771470622,167.05326300318052,0.9804642489511969,41.82804164315208,-0.6028797101024482,0.001,0.9999999999993356,-5832.097073339344,9.040216659839276,1820,"2026-10-04T10:41:42.754027Z"
"NC_000913.3","fork1",3641,3927565,-1.28,1.1703218578506713,0.7632031881188912,167.26092196561558,0.980536728879845,41.84262421032516,-0.9557115593939106,0.001,0.999999999999336,-4867.993882891725,9.045183807956745,1821,"2026-10-04T10:41:42.755026Z"
"NC_000913.3","fork1",3643,3927566,-1.3,1.4024466162933291,0.8025718425954855,167.47700417144668,0.9806126632536457,41.85735277274626,-0.9919304002311234,0.001,0.9999999999993362,-476.9755648774846,9.050150956048117,1822,"2026-10-04T10:41:42.756026Z"
"NC_000913.3","fork1",3645,3927567,-1.28,1.1703218578506713,0.7632031881188912,167.68481785083526,0.9806846033954575,41.871909423181016,-0.9517071138208211,0.001,0.9999999999993364,559.1215891058688,9.055118104110198,1823,"2026-10-04T10:41:42.757026Z"
"NC_000913.3","fork1",3647,3927568,-1.84,1.7785320302240026,0.8555155067192858,167.91229067589632,0.9807649339096725,41.886822944230616,-1.038838237095216,0.001,0.9999999999993364,-1084.6578554349935,9.060085252147253,1824,"2026-10-04T10:41:42.758027Z"
"NC_000913.3","fork1",3649,3927569,-2.24,-2.2677208491146654,0.09383182322637987,167.97822386330634,0.9807737244990055,41.898679037824024,-0.3012376262295982,0.001,0.9999999999993355,83907.9819251729,9.065052400137592,1825,"2026-10-04T10:41:42.759026Z"
"NC_000913.3","fork1",3651,3927570,-2.17,-2.077195418181337,0.11133314431997621,168.0478700855662,0.9807841495822309,41.910602036353445,-0.3181609679374133,0.001,0.9999999999993351,-1623.3291707907715,9.070019548126925,1826,"2026-10-04T10:41:42.760026Z"
"NC_000913.3","fork1",3653,3927571,-1.3,1.4024466162933291,0.8025718425954855,168.2642753478072,0.9808591375074966,41.92528174953992,-0.9856441115534428,0.001,0.9999999999993354,-8901.208311215003,9.07498669612899,1827,"2026-10-04T10:41:42.761027Z"
"NC_000913.3","fork1",3655,3927572,-0.88,-1.11502459031999,0.24693533677668908,168.3627603508742,0.9808821520208035,41.93773796672284,-0.4484535802051718,0.001,0.9999999999993349,23341.381335557886,9.079953844090817,1828,"2026-10-04T10:41:42.762027Z"
"NC_000913.3","fork1",3657,3927573,-1.3,-1.197553383706671,0.23191074185089536,168.45806978873296,0.9809037415255334,41.950130642056045,-0.4337626430345449,0.001,0.999999999999334,680.4666134980762,9.084920992045133,1829,"2026-10-04T10:41:42.763026Z"
"NC_000913.3","fork1",3659,3927574,-1.28,-1.3896781421493287,0.19945914459223538,168.54649803428785,0.9809222908567404,41.962390634188246,-0.40228179865925595,0.001,0.9999999999993332,1697.141747263646,9.089888139992146,1830,"2026-10-04T10:41:42.764027Z"
"NC_000913.3","fork1",3661,3927575,-1.45,1.6006567886666603,0.832110160392121,168.76940360983338,0.9809994851430868,41.97715733439629,-1.0109588662354994,0.001,0.999999999999334,-7885.0015510910525,9.09485528794724,1831,"2026-10-04T10:41:42.765027Z"
"NC_000913.3","fork1",3663,3927576,-1.84,1.7785320302240026,0.8555155067192858,168.99736923822886,0.9810785313670873,41.99200197406648,-1.0310660380520764,0.001,0.999999999999334,-254.37232544381547,9.09982243587332,1832,"2026-10-04T10:41:42.766027Z"
"NC_000913.3","fork1",3665,3927577,-1.84,1.7785320302240026,0.8555155067192858,169.22542156030627,0.9811572550582521,42.006831523908296,-1.028636018406647,0.001,0.9999999999993344,30.867704619472168,9.104789583769062,1833,"2026-10-04T10:41:42.767026Z"
"NC_000913.3","fork1",3667,3927578,-2.24,-2.2677208491146654,0.09383182322637987,169.29153598499835,0.9811658697965492,42.01865738084939,-0.29833765472451806,0.001,0.9999999999993332,84773.1339595072,9.109756731618418,1834,"2026-10-04T10:41:42.768027Z"
"NC_000913.3","fork1",3669,3927579,-2.17,-2.077195418181337,0.11133314431997621,169.3613725869219,0.9811760863274802,42.03054893109018,-0.31509249952711044,0.001,0.9999999999993332,-1639.9739711750995,9.114723879466824,1835,"2026-10-04T10:41:42.769027Z"
"NC_000913.3","fork1",3671,3927580,-1.84,1.7785320302240026,0.8555155067192858,169.5895975135996,0.9812544118917244,42.04535594892024,-1.0264131730081185,0.001,0.9999999999993333,-9081.590159552685,9.119691027328914,1836,"2026-10-04T10:41:42.770027Z"
"NC_000913.3","fork1",3673,3927581,-1.84,1.7785320302240026,0.8555155067192858,169.8179090369177,0.9813324177470423,42.06014797372797,-1.0239884550405152,0.001,0.9999999999993335,31.08379438596245,9.124658175160699,1837,"2026-10-04T10:41:42.771027Z"
"NC_000913.3","fork1",3675,3927582,-1.3,1.4024466162933291,0.8025718425954855,170.0350327303952,0.9814053066748492,42.074719332002,-0.9713534293549088,0.001,0.9999999999993339,722.1264912150092,9.129625322961136,1838,"2026-10-04T10:41:42.772027Z"
"NC_000913.3","fork1",3677,3927583,-1.0,1.0445944094453317,0.7397355271799415,170.23885214289476,0.9814722415438434,42.08903394767501,-0.9097388080569143,0.001,0.9999999999993336,920.5160512573393,9.134592470732029,1839,"2026-10-04T10:41:42.773026Z"
"NC_000913.3","fork1",3679,3927584,-0.88,-1.11502459031999,0.24693533677668908,170.33774537503135,0.9814945327836866,42.10143203096514,-0.4412775850736021,0.001,0.9999999999993332,21015.48528831785,9.139559618466777,1840,"2026-10-04T10:41:42.774027Z"
"NC_000913.3","fork1",3681,3927585,-1.0,-0.9554055905546683,0.277799014514135,170.44323242951612,0.9815195786845354,42.11394571792106,-0.4703571934626435,0.001,0.9999999999993328,-1161.0526035595449,9.144526766195161,1841,"2026-10-04T10:41:42.775026Z"
"NC_000913.3","fork1",3683,3927586,-0.58,-0.40523812514667396,0.4000544771470622,170.574801784195,0.9815555885094772,42.126927433608245,-0.5859410334675832,0.001,0.9999999999993324,-3209.7862233931214,9.149493913917818,1842,"2026-10-04T10:41:42.776026Z"
"NC_000913.3","fork1",3685,3927587,-1.0,1.0445944094453317,0.7397355271799415,170.77883854570666,0.9816219925428208,42.14121170178311,-0.9063528696051764,0.001,0.9999999999993328,-4825.186363000026,9.154461061634656,1843,"2026-10-04T10:41:42.777026Z"
"NC_000913.3","fork1",3687,3927588,-1.0,1.0445944094453317,0.7397355271799415,170.98294832693776,0.9816881619667607,42.15548434057082,-0.9045539209045613,0.001,0.999999999999333,27.187008643891144,9.15942820932574,1844,"2026-10-04T10:41:42.778027Z"
"NC_000913.3","fork1",3689,3927589,-1.28,1.1703218578506713,0.7632031881188912,171.19213806776537,0.9817561855277745,42.16983506178921,-0.9248039766197622,0.001,0.9999999999993329,-297.6917910997121,9.164395356991564,1845,"2026-10-04T10:41:42.779026Z"
"NC_000913.3","fork1",3691,3927590,-2.24,-2.2677208491146654,0.09383182322637987,171.25855044394035,0.9817645315295321,42.1816202392608,-0.29370729900784187,0.001,0.9999999999993323,75616.64806004333,9.16936250461696,1846,"2026-10-04T10:41:42.780026Z"
"NC_000913.3","fork1",3693,3927591,-1.45,-1.2993432113333396,0.21427557416581033,171.35067241608925,0.9817835765214404,42.193862320126826,-0.40717755984467874,0.001,0.9999999999993319,-5958.0104514183295,9.174329652243655,1847,"2026-10-04T10:41:42.781027Z"
"NC_000913.3","fork1",3695,3927592,-1.0,1.0445944094453317,0.7397355271799415,171.55500770323277,0.9818491749249186,42.20810299004569,-0.9007428988573072,0.001,0.9999999999993322,-7524.04498955051,9.179296799875383,1848,"2026-10-04T10:41:42.782027Z"
"NC_000913.3","fork1",3697,3927593,-1.44,1.3110377889013387,0.7876867636969223,171.76965767030262,0.9819187706707057,42.22251398031253,-0.9438021256004101,0.001,0.9999999999993318,-618.7048684681675,9.184263947482336,1849,"2026-10-04T10:41:42.783026Z"
"NC_000913.3","fork1",3699,3927594,-1.84,-1.9014679697759975,0.1299424193591184,171.84386238382157,0.9819302264837684,42.23442283006909,-0.3263459397058551,0.001,0.9999999999993314,53898.94043433809,9.189231095048397,1850,"2026-10-04T10:41:42.784027Z"
"NC_000913.3","fork1",3701,3927595,-2.17,-2.077195418181337,0.11133314431997621,171.91409270043965,0.9819400360229844,42.246258033654776,-0.3088321481525179,0.001,0.9999999999993306,1785.3837135095132,9.19419824261152,1851,"2026-10-04T10:41:42.785027Z"
"NC_000913.3","fork1",3703,3927596,-1.3,1.4024466162933291,0.8025718425954855,172.1320827098265,0.982010595952753,42.260704745181506,-0.9557138106745671,0.001,0.9999999999993309,-9167.833140477916,9.199165390186895,1852,"2026-10-04T10:41:42.786027Z"
"NC_000913.3","fork1",3705,3927597,-1.0,1.0445944094453317,0.7397355271799415,172.3367172720443,0.9820753917714565,42.27490189337804,-0.8950865241926549,0.001,0.9999999999993311,935.6666478632696,9.204132537733,1853,"2026-10-04T10:41:42.787026Z"
"NC_000913.3","fork1",3707,3927598,-1.28,1.1703218578506713,0.7632031881188912,172.54644380627494,0.9821420030448166,42.28917563811883,-0.9151115087398831,0.001,0.9999999999993313,-300.6245570323818,9.209099685253898,1854,"2026-10-04T10:41:42.788027Z"
"NC_000913.3","fork1",3709,3927599,-2.24,-2.2677208491146654,0.09383182322637987,172.6130449747306,0.9821501757555906,42.300930943885646,-0.2907079565138208,0.001,0.999999999999331,76401.03381740584,9.21406683273479,1855,"2026-10-04T10:41:42.789027Z"
"NC_000913.3","fork1",3711,3927600,-1.28,-1.3896781421493287,0.19945914459223538,172.7022477198448,0.9821675363618468,42.313079189334246,-0.3891649305519305,0.001,0.99999999999933,-5671.286623573794,9.219033980216684,1856,"2026-10-04T10:41:42.790027Z"
"NC_000913.3","fork1",3713,3927601,-1.45,1.6006567886666603,0.832110160392121,172.92687902201473,0.9822397832292734,42.32758995582118,-0.9769851218025639,0.001,0.9999999999993306,-8136.27236984434,9.224001127706227,1857,"2026-10-04T10:41:42.791026Z"
"NC_000913.3","fork1",3715,3927602,-2.24,-2.2677208491146654,0.09383182322637987,172.99352367910262,0.9822479119997882,42.339335574116944,-0.28997161021853235,0.001,0.9999999999993293,84516.28820520196,9.22896827515181,1858,"2026-10-04T10:41:42.792026Z"
"NC_000913.3","fork1",3717,3927603,-2.17,-2.077195418181337,0.11133314431997621,173.06391477103548,0.9822575521932524,42.35114348096467,-0.306230237648699,0.001,0.9999999999993292,-1686.5457618253606,9.233935422596577,1859,"2026-10-04T10:41:42.793026Z"
"NC_000913.3","fork1",3719,3927604,-1.84,1.7785320302240026,0.8555155067192858,173.29372601334273,0.9823314588532477,42.36572018965103,-0.9965436498927813,0.001,0.9999999999993291,-9340.341077354142,9.238902570054604,1860,"2026-10-04T10:41:42.794027Z"
"NC_000913.3","fork1",3721,3927605,-1.44,-1.5689622110986612,0.1723643870770019,173.3772382892585,0.9823463125135089,42.377748067004106,-0.3621685360641872,0.001,0.9999999999993285,42708.336037885376,9.24386971746898,1861,"2026-10-04T10:41:42.795026Z"
"NC_000913.3","fork1",3723,3927606,-1.0,-0.9554055905546683,0.277799014514135,173.4833563969494,0.9823702262952504,42.39016417859956,-0.45984219333658494,0.001,0.9999999999993283,-4084.4086614259736,9.248836864881353,1862,"2026-10-04T10:41:42.796026Z"
"NC_000913.3","fork1",3725,3927607,-0.58,-0.40523812514667396,0.4000544771470622,173.61570483072097,0.982404608313838,42.403029618900675,-0.5728008764896001,0.001,0.999999999999328,-3285.399979210429,9.25380401228817,1863,"2026-10-04T10:41:42.797027Z"
"NC_000913.3","fork1",3727,3927608,-1.28,1.1703218578506713,0.7632031881188912,173.82596465468913,0.9824700179937192,42.417232380125476,-0.907570939728444,0.001,0.9999999999993281,-5118.050781577741,9.258771159689505,1864,"2026-10-04T10:41:42.798027Z"
"NC_000913.3","fork1",3729,3927609,-2.24,-2.2677208491146654,0.09383182322637987,173.89271345145588,0.9824780432666327,42.428955443166025,-0.2882174843453419,0.001,0.9999999999993276,77175.37609794189,9.263738307051158,1865,"2026-10-04T10:41:42.799026Z"
"NC_000913.3","fork1",3731,3927610,-2.17,-2.077195418181337,0.11133314431997621,173.96321574220715,0.9824875607164368,42.44074009974585,-0.3043824478267295,0.001,0.9999999999993264,-1698.4553440286352,9.268705454412046,1866,"2026-10-04T10:41:42.800026Z"
"NC_000913.3","fork1",3733,3927611,-1.3,1.4024466162933291,0.8025718425954855,174.18207489863335,0.9825560194797486,42.45506869046022,-0.9420408358682166,0.001,0.9999999999993272,-9314.488857150145,9.273672601784966,1867,"2026-10-04T10:41:42.801027Z"
"NC_000913.3","fork1",3735,3927612,-1.0,1.0445944094453317,0.7397355271799415,174.3875240181878,0.9826188855156585,42.4691541029384,-0.8822631489620515,0.001,0.9999999999993274,950.8741252885267,9.278639749128779,1868,"2026-10-04T10:41:42.802027Z"
"NC_000913.3","fork1",3737,3927613,-1.28,1.1703218578506713,0.7632031881188912,174.59808508327694,0.9826835126752086,42.4833140633377,-0.901987784934318,0.001,0.9999999999993275,-305.20660523483247,9.283606896447669,1869,"2026-10-04T10:41:42.803026Z"
"NC_000913.3","fork1",3739,3927614,-1.3,1.4024466162933291,0.8025718425954855,174.81717759264015,0.9827512188809698,42.49760562569618,-0.9360800072165159,0.001,0.9999999999993279,-503.5317205991436,9.28857404374098,1870,"2026-10-04T10:41:42.804027Z"
"NC_000913.3","fork1",3741,3927615,-1.28,1.1703218578506713,0.7632031881188912,175.027891278136,0.9828153625984959,42.511741621189046,-0.8980952661270877,0.001,0.9999999999993279,592.1817841942017,9.293541191005794,1871,"2026-10-04T10:41:42.805027Z"
"NC_000913.3","fork1",3743,3927616,-1.44,-1.5689622110986612,0.1723643870770019,175.1117021101889,0.9828298165592497,42.52372617471731,-0.3572214291263643,0.001,0.9999999999993275,37420.45839284628,9.29850833823267,1872,"2026-10-04T10:41:42.806027Z"
"NC_000913.3","fork1",3745,3927617,-1.0,-0.9554055905546683,0.277799014514135,175.2181853920859,0.9828530868160802,42.53608957851921,-0.4534982251700609,0.001,0.9999999999993268,-4137.332765388771,9.303475485457662,1873,"2026-10-04T10:41:42.807027Z"
"NC_000913.3","fork1",3747,3927618,-1.0,-0.9554055905546683,0.277799014514135,175.32468807102308,0.9828763260848721,42.5484491472963,-0.4532521952649834,0.001,0.9999999999993265,10.586817824638128,9.308442632674696,1874,"2026-10-04T10:41:42.808027Z"
"NC_000913.3","fork1",3749,3927619,-1.45,1.6006567886666603,0.832110160392121,175.55043334624614,0.9829457512070292,42.56280611265734,-0.9578002092098027,0.001,0.9999999999993268,-7267.51352057945,9.31340977989469,1875,"2026-10-04T10:41:42.809027Z"
"NC_000913.3","fork1",3751,3927620,-1.84,1.7785320302240026,0.8555155067192858,175.781297037173,0.9830168407201219,42.577233743428714,-0.9767737281874099,0.001,0.9999999999993271,-266.8961728979606,9.318376927086316,1876,"2026-10-04T10:41:42.810027Z"
"NC_000913.3","fork1",3753,3927621,-2.24,-2.2677208491146654,0.09383182322637987,175.84833338078286,0.9830246199815086,42.588917138921744,-0.28374164582143047,0.001,0.9999999999993265,89087.1315300017,9.323344074233463,1877,"2026-10-04T10:41:42.811026Z"
"NC_000913.3","fork1",3755,3927622,-1.84,-1.9014679697759975,0.1299424193591184,175.92314100897264,0.9830353872611355,42.600727179181945,-0.3165648791184955,0.001,0.9999999999993254,-3048.4239691391467,9.328311221380272,1878,"2026-10-04T10:41:42.812026Z"
"NC_000913.3","fork1",3757,3927623,-1.28,-1.3896781421493287,0.19945914459223538,176.0129189043392,0.9830519017739232,42.6127835738148,-0.37972862377270866,0.001,0.9999999999993251,-3824.7416358032015,9.333278368526113,1879,"2026-10-04T10:41:42.813026Z"
"NC_000913.3","fork1",3759,3927624,-1.45,1.6006567886666603,0.832110160392121,176.23896132037146,0.9831206272780916,42.62710112691435,-0.9531207059605814,0.001,0.9999999999993254,-8343.221182971067,9.338245515679336,1880,"2026-10-04T10:41:42.814027Z"
"NC_000913.3","fork1",3761,3927625,-1.84,1.7785320302240026,0.8555155067192858,176.47012874862403,0.9831910002974682,42.641488702786354,-0.9719962117008978,0.001,0.9999999999993255,-268.2207742046427,9.343212662804255,1881,"2026-10-04T10:41:42.815026Z"
"NC_000913.3","fork1",3763,3927626,-2.24,-2.2677208491146654,0.09383182322637987,176.53725054413738,0.983198701147257,42.65315606648144,-0.28234161911081224,0.001,0.9999999999993252,89555.64794792535,9.348179809884792,1882,"2026-10-04T10:41:42.816026Z"
"NC_000913.3","fork1",3765,3927627,-1.45,-1.2993432113333396,0.21427557416581033,176.63033129600413,0.9832162739089656,42.66524897061305,-0.3913098795331176,0.001,0.9999999999993244,-6200.975249626353,9.353146956966757,1883,"2026-10-04T10:41:42.817027Z"
"NC_000913.3","fork1",3767,3927628,-1.44,1.3110377889013387,0.7876867636969223,176.847051069411,0.9832807170447821,42.67937366545229,-0.9084413650897765,0.001,0.9999999999993248,-8024.617036464153,9.358114104054305,1884,"2026-10-04T10:41:42.818027Z"
"NC_000913.3","fork1",3769,3927629,-1.84,-1.9014679697759975,0.1299424193591184,176.92200179538872,0.9832913246461329,42.691159504227016,-0.31424113290101896,0.001,0.9999999999993239,56016.45579819504,9.363081251102187,1885,"2026-10-04T10:41:42.819026Z"
"NC_000913.3","fork1",3771,3927630,-2.17,-2.077195418181337,0.11133314431997621,176.99294066657757,0.9833004078522855,42.70287638260617,-0.2973846249450588,0.001,0.9999999999993233,1855.788327694046,9.368048398147357,1886,"2026-10-04T10:41:42.820027Z"
"NC_000913.3","fork1",3773,3927631,-1.44,-1.5689622110986612,0.1723643870770019,177.07704858622694,0.9833144607687742,42.7148063492085,-0.3524532675855348,0.001,0.9999999999993229,-3918.662911342124,9.373015545192185,1887,"2026-10-04T10:41:42.821027Z"
"NC_000913.3","fork1",3775,3927632,-1.0,-0.9554055905546683,0.277799014514135,177.18391951385485,0.9833370853370299,42.727106084942456,-0.4474852033218576,0.001,0.9999999999993225,-4200.386706260513,9.377982692235046,1888,"2026-10-04T10:41:42.822027Z"
"NC_000913.3","fork1",3777,3927633,-1.3,-1.197553383706671,0.23191074185089536,177.28090318058346,0.9833559495636253,42.739239911785496,-0.4058673270300909,0.001,0.9999999999993222,2206.179833632903,9.382949839269187,1889,"2026-10-04T10:41:42.823026Z"
"NC_000913.3","fork1",3779,3927634,-1.84,-1.9014679697759975,0.1299424193591184,177.35588167109808,0.9833665102409105,42.75101019188143,-0.3137345730423757,0.001,0.9999999999993215,8724.13307398871,9.387916986295282,1890,"2026-10-04T10:41:42.824027Z"
"NC_000913.3","fork1",3781,3927635,-1.28,-1.3896781421493287,0.19945914459223538,177.44587815793108,0.9833827078647899,42.763022846902395,-0.37638894759845143,0.001,0.9999999999993207,-3868.121338204724,9.392884133320381,1891,"2026-10-04T10:41:42.825027Z"
"NC_000913.3","fork1",3783,3927636,-1.45,1.6006567886666603,0.832110160392121,177.67257331218065,0.9834501145147913,42.77726031063665,-0.9451577990703436,0.001,0.9999999999993214,-8437.874474703365,9.397851280352734,1892,"2026-10-04T10:41:42.826027Z"
"NC_000913.3","fork1",3785,3927637,-2.24,-2.2677208491146654,0.09383182322637987,177.7397991854391,0.9834576986516957,42.78889356438115,-0.2803909548728887,0.001,0.9999999999993205,87652.27376152221,9.402818427342284,1893,"2026-10-04T10:41:42.827027Z"
"NC_000913.3","fork1",3787,3927638,-1.84,-1.9014679697759975,0.1299424193591184,177.81482941745134,0.9834681958543753,42.80065078307749,-0.3128717217565342,0.001,0.99999999999932,-3094.2307084305066,9.40778557433164,1894,"2026-10-04T10:41:42.828027Z"
"NC_000913.3","fork1",3789,3927639,-2.17,-2.077195418181337,0.11133314431997621,177.88583824917725,0.9834771845251028,42.81233959190053,-0.2960660701101193,0.001,0.9999999999993194,1869.64815553522,9.412752721318348,1895,"2026-10-04T10:41:42.829026Z"
"NC_000913.3","fork1",3791,3927640,-1.84,1.7785320302240026,0.8555155067192858,178.11780262332272,0.9835460958752312,42.826634821906524,-0.9640085981880598,0.001,0.9999999999993195,-9692.779590489612,9.417719868317711,1896,"2026-10-04T10:41:42.830027Z"
"NC_000913.3","fork1",3793,3927641,-1.3,1.4024466162933291,0.8025718425954855,178.3383982813351,0.9836104856933717,42.84073172450144,-0.9143951289613607,0.001,0.9999999999993197,770.5173062990049,9.4226870152866,1897,"2026-10-04T10:41:42.831026Z"
"NC_000913.3","fork1",3795,3927642,-0.88,-1.11502459031999,0.24693533677668908,178.43883406313026,0.9836302472621606,42.85288287016106,-0.4162000243472017,0.001,0.9999999999993195,25210.30136502592,9.427654162217433,1898,"2026-10-04T10:41:42.832026Z"
"NC_000913.3","fork1",3797,3927643,-1.3,-1.197553383706671,0.23191074185089536,178.53603345591807,0.9836487851164433,42.8649781695223,-0.4025629924633667,0.001,0.9999999999993191,735.6316257493249,9.432621309141403,1899,"2026-10-04T10:41:42.833026Z"
"NC_000913.3","fork1",3799,3927644,-1.45,-1.2993432113333396,0.21427557416581033,178.6294286682733,0.983665894948425,42.87700867715575,-0.3866158654174474,0.001,0.9999999999993189,932.0446315840203,9.437588456058968,1900,"2026-10-04T10:41:42.834027Z"
"NC_000913.3","fork1",3801,3927645,-1.28,1.1703218578506713,0.7632031881188912,178.8417169884138,0.9837266935484826,42.89094144153625,-0.8763123178848098,0.001,0.9999999999993185,-8054.403423821065,9.442555602981525,1901,"2026-10-04T10:41:42.835026Z"
"NC_000913.3","fork1",3803,3927646,-1.3,1.4024466162933291,0.8025718425954855,179.0626081815442,0.9837903882731092,42.90499893762851,-0.9094149011875555,0.001,0.999999999999319,-519.7068281061177,9.447522749878935,1902,"2026-10-04T10:41:42.836026Z"
"NC_000913.3","fork1",3805,3927647,-0.88,-1.11502459031999,0.24693533677668908,179.16318112134712,0.9838099364957397,42.917129126140416,-0.41394272713431324,0.001,0.9999999999993185,25346.149540984134,9.452489896738518,1903,"2026-10-04T10:41:42.837027Z"
"NC_000913.3","fork1",3807,3927648,-1.3,-1.197553383706671,0.23191074185089536,179.26051337151986,0.9838282742072648,42.92920398000667,-0.4003793864618833,0.001,0.9999999999993181,739.6419478966507,9.457457043591186,1904,"2026-10-04T10:41:42.838027Z"
"NC_000913.3","fork1",3809,3927649,-1.84,-1.9014679697759975,0.1299424193591184,179.33575319398446,0.9838385401192085,42.94092399253348,-0.30945752977227653,0.001,0.9999999999993173,8856.676074055578,9.462424190435941,1905,"2026-10-04T10:41:42.839026Z"
"NC_000913.3","fork1",3811,3927650,-1.45,-1.2993432113333396,0.21427557416581033,179.42928345498902,0.9838554546514029,42.95293154340778,-0.38446960822083676,0.001,0.9999999999993169,-4434.7710942454205,9.46739133728002,1906,"2026-10-04T10:41:42.840027Z"
"NC_000913.3","fork1",3813,3927651,-1.44,1.3110377889013387,0.7876867636969223,179.6472050291163,0.9839174837195044,42.96690662463304,-0.8931849812512118,0.001,0.9999999999993172,-8201.241588831357,9.472358484129536,1907,"2026-10-04T10:41:42.841027Z"
"NC_000913.3","fork1",3815,3927652,-1.28,-1.3896781421493287,0.19945914459223538,179.73757726857897,0.983933153573928,42.97885518937589,-0.37036818365178575,0.001,0.9999999999993165,33364.496150811625,9.47732563094131,1908,"2026-10-04T10:41:42.842027Z"
"NC_000913.3","fork1",3817,3927653,-1.0,-0.9554055905546683,0.277799014514135,179.84496154566298,0.9839549529214165,42.991068969456315,-0.4397419456850906,0.001,0.9999999999993163,-3182.377916111468,9.482292777749688,1909,"2026-10-04T10:41:42.843027Z"
"NC_000913.3","fork1",3819,3927654,-1.3,-1.197553383706671,0.23191074185089536,179.9424035624651,0.983973129055549,43.00312195336674,-0.39881061679463126,0.001,0.9999999999993159,2251.9270925357728,9.487259924549528,1910,"2026-10-04T10:41:42.844027Z"
"NC_000913.3","fork1",3821,3927655,-2.17,-2.077195418181337,0.11133314431997621,180.01367756440197,0.9839818476556345,43.01475897389464,-0.29169125388456524,0.001,0.9999999999993152,12286.303060155255,9.492227071341043,1911,"2026-10-04T10:41:42.845027Z"
"NC_000913.3","fork1",3823,3927656,-1.44,-1.5689622110986612,0.1723643870770019,180.09820759405383,0.9839953364655554,43.02660183155731,-0.3458047128171591,0.001,0.9999999999993142,-4011.729667025131,9.4971942181322,1912,"2026-10-04T10:41:42.846027Z"
"NC_000913.3","fork1",3825,3927657,-0.58,-0.40523812514667396,0.4000544771470622,180.2322110418544,0.9840266006877864,43.03921950683832,-0.5474735451200443,0.001,0.9999999999993142,-6450.466952701183,9.502161364923872,1913,"2026-10-04T10:41:42.847026Z"
"NC_000913.3","fork1",3827,3927658,-1.44,1.3110377889013387,0.7876867636969223,180.4504835533435,0.9840879828293528,43.053152582532505,-0.8892524048722923,0.001,0.9999999999993144,-5568.0504301415895,9.507128511710494,1914,"2026-10-04T10:41:42.848026Z"
"NC_000913.3","fork1",3829,3927659,-1.45,-1.2993432113333396,0.21427557416581033,180.54419328284476,0.9841046405135097,43.06512696635316,-0.38171545935399975,0.001,0.9999999999993139,30468.637821456345,9.51209565845978,1915,"2026-10-04T10:41:42.849026Z"
"NC_000913.3","fork1",3831,3927660,-1.44,1.3110377889013387,0.7876867636969223,180.76258746297106,0.9841657275913809,43.07904354730288,-0.8870029217612185,0.001,0.9999999999993147,-8271.59327333345,9.51706280521438,1916,"2026-10-04T10:41:42.850027Z"
"NC_000913.3","fork1",3833,3927661,-1.45,-1.2993432113333396,0.21427557416581033,180.85635374983173,0.984182305195697,43.09100982421452,-0.3807669669473171,0.001,0.9999999999993139,30537.340930504906,9.5220299519317,1917,"2026-10-04T10:41:42.851026Z"
"NC_000913.3","fork1",3835,3927662,-1.28,1.1703218578506713,0.7632031881188912,181.06954347582297,0.9842412124141913,43.10482735633756,-0.8632802901259962,0.001,0.9999999999993144,-8191.072936604983,9.526997098653991,1918,"2026-10-04T10:41:42.852026Z"
"NC_000913.3","fork1",3837,3927663,-2.24,-2.2677208491146654,0.09383182322637987,181.13715723539178,0.9842484398296995,43.11637941851076,-0.27388185325323994,0.001,0.9999999999993141,81550.37387922622,9.531964245338093,1919,"2026-10-04T10:41:42.853027Z"
"NC_000913.3","fork1",3839,3927664,-1.84,-1.9014679697759975,0.1299424193591184,181.21262878044465,0.9842584432855599,43.12805035750584,-0.3056406946568374,0.001,0.9999999999993128,-3174.7869782870107,9.536931392022097,1920,"2026-10-04T10:41:42.854027Z"
"NC_000913.3","fork1",3841,3927665,-1.45,-1.2993432113333396,0.21427557416581033,181.30646259251483,0.9842749253726533,43.140002550782256,-0.3797886733326675,0.001,0.9999999999993125,-4498.700817182656,9.541898538705478,1921,"2026-10-04T10:41:42.855026Z"
"NC_000913.3","fork1",3843,3927666,-1.28,1.1703218578506713,0.7632031881188912,181.51984429148715,0.9843334931518751,43.15379724401949,-0.8612156537603963,0.001,0.9999999999993124,-8219.99718657617,9.546865685393694,1922,"2026-10-04T10:41:42.856026Z"
"NC_000913.3","fork1",3845,3927667,-1.84,1.7785320302240026,0.8555155067192858,181.7534075730958,0.9843988897677787,43.16788980834005,-0.9399528714361728,0.001,0.9999999999993127,-1203.9952922320467,9.551832832057956,1923,"2026-10-04T10:41:42.857027Z"
"NC_000913.3","fork1",3847,3927668,-1.3,1.4024466162933291,0.8025718425954855,181.97552032651004,0.9844599950373465,43.181792714071186,-0.8915425432165542,0.001,0.9999999999993135,792.2447370253378,9.556799978692226,1924,"2026-10-04T10:41:42.858027Z"
"NC_000913.3","fork1",3849,3927669,-1.28,1.1703218578506713,0.7632031881188912,182.1891319666394,0.9845178843698205,43.19555299914631,-0.8552993846410234,0.001,0.9999999999993138,626.0766366899695,9.561767125298678,1925,"2026-10-04T10:41:42.859026Z"
"NC_000913.3","fork1",3851,3927670,-1.44,-1.5689622110986612,0.1723643870770019,182.2740213304223,0.9845309288820888,43.207343637416486,-0.3398938781851262,0.001,0.9999999999993129,39511.28994728108,9.566734271868858,1926,"2026-10-04T10:41:42.860027Z"
"NC_000913.3","fork1",3853,3927671,-1.0,-0.9554055905546683,0.277799014514135,182.38190747781096,0.9845519299074527,43.2194809297389,-0.43162262251055306,0.001,0.9999999999993127,-4367.822177071213,9.57170141843724,1927,"2026-10-04T10:41:42.861027Z"
"NC_000913.3","fork1",3855,3927672,-0.58,-0.40523812514667396,0.4000544771470622,182.51647696559735,0.9845821238913957,43.232019440708676,-0.5376963369854144,0.001,0.9999999999993121,-3513.0744811657355,9.576668565000311,1928,"2026-10-04T10:41:42.862027Z"
"NC_000913.3","fork1",3857,3927673,-1.44,1.3110377889013387,0.7876867636969223,182.7356448110797,0.9846414046025731,43.24583322056067,-0.8732542229551652,0.001,0.9999999999993128,-5660.490221942922,9.581635711558285,1929,"2026-10-04T10:41:42.863027Z"
"NC_000913.3","fork1",3859,3927674,-1.28,-1.3896781421493287,0.19945914459223538,182.82652919821783,0.9846563801106815,43.25769905615427,-0.3620810181496458,0.001,0.9999999999993123,34133.94731629264,9.586602858079253,1930,"2026-10-04T10:41:42.864027Z"
"NC_000913.3","fork1",3861,3927675,-1.45,1.6006567886666603,0.832110160392121,183.0555137551836,0.9847187005018261,43.271642793885945,-0.9094131715623428,0.001,0.9999999999993125,-8782.553243970386,9.591570004607021,1931,"2026-10-04T10:41:42.865027Z"
"NC_000913.3","fork1",3863,3927676,-1.44,-1.5689622110986612,0.1723643870770019,183.14053890320614,0.9847315784397564,43.28341184853551,-0.33768820755657825,0.001,0.9999999999993118,44395.6918488955,9.596537151094866,1932,"2026-10-04T10:41:42.866027Z"
"NC_000913.3","fork1",3865,3927677,-1.3,-1.197553383706671,0.23191074185089536,183.23857528297978,0.9847488884341085,43.29537315475452,-0.3891235511268397,0.001,0.9999999999993117,-2971.424630435384,9.601504297580101,1933,"2026-10-04T10:41:42.867026Z"
"NC_000913.3","fork1",3867,3927678,-1.28,-1.3896781421493287,0.19945914459223538,183.3295368338642,0.9847637607610482,43.30722475688865,-0.36088187554540596,0.001,0.9999999999993108,1898.9412817403002,9.606471444058974,1934,"2026-10-04T10:41:42.868026Z"
"NC_000913.3","fork1",3869,3927679,-1.3,-1.197553383706671,0.23191074185089536,183.42759926145135,0.984781034833794,43.31917945118248,-0.38881996433378413,0.001,0.9999999999993108,-1617.342314089011,9.611438590533805,1935,"2026-10-04T10:41:42.869026Z"
"NC_000913.3","fork1",3871,3927680,-2.17,-2.077195418181337,0.11133314431997621,183.49932288499878,0.9847893207280068,43.33073616943073,-0.28436554224524435,0.001,0.99999999999931,12606.29443305374,9.616405737000575,1936,"2026-10-04T10:41:42.870027Z"
"NC_000913.3","fork1",3873,3927681,-1.44,-1.5689622110986612,0.1723643870770019,183.58438891781503,0.9848021400709981,43.34248970728356,-0.33712855826010024,0.001,0.9999999999993097,-4115.890810542755,9.62137288346711,1937,"2026-10-04T10:41:42.871026Z"
"NC_000913.3","fork1",3875,3927682,-1.0,-0.9554055905546683,0.277799014514135,183.69251725414276,0.98482277857235,43.35458486598242,-0.42817949475720984,0.001,0.9999999999993093,-4411.702911201529,9.626340029931931,1938,"2026-10-04T10:41:42.872026Z"
"NC_000913.3","fork1",3877,3927683,-0.58,-0.40523812514667396,0.4000544771470622,183.82740484994613,0.9848524513144907,43.367075418590886,-0.5334681029855038,0.001,0.9999999999993086,-3548.327543473373,9.63130717639139,1939,"2026-10-04T10:41:42.873027Z"
"NC_000913.3","fork1",3879,3927684,-0.88,-1.11502459031999,0.24693533677668908,183.92882596050416,0.9848707384233835,43.3790622807296,-0.4008924215139429,0.001,0.9999999999993082,7249.679665014625,9.63627432283616,1940,"2026-10-04T10:41:42.874027Z"
"NC_000913.3","fork1",3881,3927685,-1.3,-1.197553383706671,0.23191074185089536,184.02697477455453,0.984887893071542,43.390996784426676,-0.38773505377275785,0.001,0.999999999999308,766.9855784614463,9.641241469274219,1941,"2026-10-04T10:41:42.875026Z"
"NC_000913.3","fork1",3883,3927686,-1.84,-1.9014679697759975,0.1299424193591184,184.102817408801,0.9848974966565749,43.40259603992545,-0.2995693919631196,0.001,0.9999999999993074,9180.494732725543,9.646208615704682,1942,"2026-10-04T10:41:42.876027Z"
"NC_000913.3","fork1",3885,3927687,-2.17,-2.077195418181337,0.11133314431997621,184.1745880035195,0.9849057201155692,43.41413180154251,-0.28344702569213776,0.001,0.9999999999993068,1960.5334302906706,9.651175762132736,1943,"2026-10-04T10:41:42.877027Z"
"NC_000913.3","fork1",3887,3927688,-1.84,1.7785320302240026,0.8555155067192858,184.4093388442188,0.9849687645632295,43.428081955297216,-0.9240641701959055,0.001,0.9999999999993071,-10161.357078676383,9.65614290857275,1944,"2026-10-04T10:41:42.878027Z"
"NC_000913.3","fork1",3889,3927689,-1.3,1.4024466162933291,0.8025718425954855,184.63257593969863,0.9850276717380527,43.44184820500286,-0.8764382360229626,0.001,0.9999999999993073,808.4912290537188,9.661110054983073,1945,"2026-10-04T10:41:42.879026Z"
"NC_000913.3","fork1",3891,3927690,-0.88,-1.11502459031999,0.24693533677668908,184.7341412945036,0.9850457505214596,43.45381185279779,-0.3986271255608663,0.001,0.9999999999993072,26429.384085683403,9.6660772013567,1946,"2026-10-04T10:41:42.880027Z"
"NC_000913.3","fork1",3893,3927691,-1.3,-1.197553383706671,0.23191074185089536,184.83242925363913,0.985062709737987,43.46572364147052,-0.3855415875846093,0.001,0.9999999999993063,771.5885904917961,9.67104434772377,1947,"2026-10-04T10:41:42.881027Z"
"NC_000913.3","fork1",3895,3927692,-1.28,-1.3896781421493287,0.19945914459223538,184.9236167488917,0.9850772806753368,43.47752753944783,-0.357529206114003,0.001,0.999999999999306,1922.4831456014738,9.676011494084449,1948,"2026-10-04T10:41:42.882027Z"
"NC_000913.3","fork1",3897,3927693,-1.0,-0.9554055905546683,0.277799014514135,185.0319934063873,0.9850975511932741,43.48958052306724,-0.4245849611285236,0.001,0.9999999999993056,-3308.043495581014,9.680978640441962,1949,"2026-10-04T10:41:42.883027Z"
"NC_000913.3","fork1",3899,3927694,-1.45,1.6006567886666603,0.832110160392121,185.26197342882537,0.9851581067118811,43.50341002516347,-0.8982008189103297,0.001,0.9999999999993061,-7821.18407499571,9.685945786801877,1950,"2026-10-04T10:41:42.884026Z"
"NC_000913.3","fork1",3901,3927695,-1.3,1.4024466162933291,0.8025718425954855,185.48555418448845,0.9852162829951608,43.51713294817718,-0.8709021956446137,0.001,0.9999999999993063,469.2397266845724,9.690912933133447,1951,"2026-10-04T10:41:42.885026Z"
"NC_000913.3","fork1",3903,3927696,-0.88,-1.11502459031999,0.24693533677668908,185.5872755311516,0.985234137448247,43.52907286936991,-0.3961065290753009,0.001,0.9999999999993059,26592.56289058423,9.695880079428553,1952,"2026-10-04T10:41:42.886027Z"
"NC_000913.3","fork1",3905,3927697,-1.45,1.6006567886666603,0.832110160392121,185.81746517778862,0.9852941462393539,43.542873238489236,-0.8935746305429704,0.001,0.9999999999993063,-8289.920398187263,9.700847225727719,1953,"2026-10-04T10:41:42.887026Z"
"NC_000913.3","fork1",3907,3927698,-2.24,-2.2677208491146654,0.09383182322637987,185.8856339604943,0.9853008979622243,43.5543179532844,-0.2647187913050877,0.001,0.9999999999993058,93140.05496130457,9.705814371986136,1954,"2026-10-04T10:41:42.888026Z"
"NC_000913.3","fork1",3909,3927699,-1.84,-1.9014679697759975,0.1299424193591184,185.9617318706004,0.9853102430016284,43.565874632438614,-0.29543920880630664,0.001,0.9999999999993053,-3287.350237152557,9.71078151824459,1955,"2026-10-04T10:41:42.889027Z"
"NC_000913.3","fork1",3911,3927700,-1.45,-1.2993432113333396,0.21427557416581033,186.05635854080023,0.9853256402282032,43.57769633908111,-0.36716322002125934,0.001,0.9999999999993046,-4658.242240335815,9.71574866450255,1956,"2026-10-04T10:41:42.890027Z"
"NC_000913.3","fork1",3913,3927701,-1.0,1.0445944094453317,0.7397355271799415,186.26645978200946,0.9853786734116501,43.591180470595624,-0.8129797670059664,0.001,0.9999999999993049,-8406.369710607974,9.720715810764615,1957,"2026-10-04T10:41:42.891026Z"
"NC_000913.3","fork1",3915,3927702,-1.0,1.0445944094453317,0.7397355271799415,186.47663192351763,0.9854315177668111,43.604654599969024,-0.8112730295968901,0.001,0.9999999999993051,32.29744035809315,9.725682957002425,1958,"2026-10-04T10:41:42.892026Z"
"NC_000913.3","fork1",3917,3927703,-1.28,1.1703218578506713,0.7632031881188912,186.69203427551062,0.9854858413585313,43.61819255139228,-0.8293529097221144,0.001,0.9999999999993053,-332.81820205019415,9.730650103216396,1959,"2026-10-04T10:41:42.893027Z"
"NC_000913.3","fork1",3919,3927704,-1.84,1.7785320302240026,0.8555155067192858,186.92781003133774,0.98554649836484,43.632009278402386,-0.9051503163724106,0.001,0.999999999999306,-1249.606785152202,9.73561724940687,1960,"2026-10-04T10:41:42.894027Z"
"NC_000913.3","fork1",3921,3927705,-1.84,1.7785320302240026,0.8555155067192858,187.16366960787775,0.9856069055780704,43.64581347450908,-0.902881332928182,0.001,0.9999999999993066,37.56146531000898,9.740584395568899,1961,"2026-10-04T10:41:42.895026Z"
"NC_000913.3","fork1",3923,3927706,-2.24,-2.2677208491146654,0.09383182322637987,187.23202969682154,0.9856135158041218,43.6572333096706,-0.2617810218374181,0.001,0.9999999999993054,96986.14027779819,9.745551541689432,1962,"2026-10-04T10:41:42.896027Z"
"NC_000913.3","fork1",3925,3927707,-2.17,-2.077195418181337,0.11133314431997621,187.30423971504516,0.9856213550756705,43.66870491205739,-0.2764792976496264,0.001,0.9999999999993051,-1874.9542889198283,9.750518687809656,1963,"2026-10-04T10:41:42.897027Z"
"NC_000913.3","fork1",3927,3927708,-1.44,-1.5689622110986612,0.1723643870770019,187.3898848098379,0.9856334834217975,43.680363935605115,-0.3277850320847606,0.001,0.9999999999993048,-4230.23336389491,9.755485833929676,1964,"2026-10-04T10:41:42.898027Z"
"NC_000913.3","fork1",3929,3927709,-1.45,1.6006567886666603,0.832110160392121,187.62080322909026,0.9856918928314359,43.69407194516847,-0.8809819994059886,0.001,0.9999999999993049,-9471.024801411299,9.760452980057682,1965,"2026-10-04T10:41:42.899027Z"
"NC_000913.3","fork1",3931,3927710,-1.3,1.4024466162933291,0.8025718425954855,187.84529719097267,0.9857480070834598,43.707676677879746,-0.8541976438132801,0.001,0.9999999999993057,477.3182324750885,9.765420126157643,1966,"2026-10-04T10:41:42.900027Z"
"NC_000913.3","fork1",3933,3927711,-1.28,1.1703218578506713,0.7632031881188912,188.06119611159826,0.9858011675403431,43.721148846869696,-0.8194335878235641,0.001,0.9999999999993056,653.9457714975599,9.770387272230565,1967,"2026-10-04T10:41:42.901027Z"
"NC_000913.3","fork1",3935,3927712,-2.24,-2.2677208491146654,0.09383182322637987,188.12967032933608,0.9858076898336164,43.73255043903503,-0.2599704493656555,0.001,0.9999999999993049,85777.05954178852,9.775354418267167,1968,"2026-10-04T10:41:42.902027Z"
"NC_000913.3","fork1",3937,3927713,-2.17,-2.077195418181337,0.11133314431997621,188.20200035824547,0.9858154248214331,43.74400316623175,-0.2745646152294044,0.001,0.9999999999993042,-1886.772960681602,9.780321564303481,1969,"2026-10-04T10:41:42.903026Z"
"NC_000913.3","fork1",3939,3927714,-1.84,1.7785320302240026,0.8555155067192858,188.43839687647232,0.9858747241878254,43.75774189491235,-0.8943923300905943,0.001,0.9999999999993051,-10452.518341613613,9.785288710351342,1970,"2026-10-04T10:41:42.904026Z"
"NC_000913.3","fork1",3941,3927715,-1.84,1.7785320302240026,0.8555155067192858,188.6748769976602,0.9859337791873305,43.771468292010155,-0.8921400928265868,0.001,0.9999999999993053,38.13796093272764,9.790255856371001,1971,"2026-10-04T10:41:42.905026Z"
"NC_000913.3","fork1",3943,3927716,-2.24,-2.2677208491146654,0.09383182322637987,188.74343088362625,0.9859402414336833,43.78285772624566,-0.25871812694449,0.001,0.9999999999993044,98018.85154168999,9.795223002349521,1972,"2026-10-04T10:41:42.906027Z"
"NC_000913.3","fork1",3945,3927717,-2.17,-2.077195418181337,0.11133314431997621,188.81584449595874,0.9859479052089785,43.79429786089157,-0.27323958131555304,0.001,0.9999999999993042,-1894.8173467779243,9.8001901483278,1973,"2026-10-04T10:41:42.907026Z"
"NC_000913.3","fork1",3947,3927718,-1.3,1.4024466162933291,0.8025718425954855,189.04080700612957,0.9860030296763722,43.8078440017384,-0.846234977228483,0.001,0.9999999999993043,-10394.574732487517,9.805157294316675,1974,"2026-10-04T10:41:42.908026Z"
"NC_000913.3","fork1",3949,3927719,-0.88,-1.11502459031999,0.24693533677668908,189.14319335655853,0.9860199474497234,43.81969064537363,-0.3850190133465811,0.001,0.9999999999993043,27262.214376964625,9.810124440269881,1975,"2026-10-04T10:41:42.909027Z"
"NC_000913.3","fork1",3951,3927720,-0.58,-0.40523812514667396,0.4000544771470622,189.2794039625858,0.9860473127866608,43.83199927438973,-0.5115470704452469,0.001,0.9999999999993039,-4623.661582835744,9.815091586219637,1976,"2026-10-04T10:41:42.910027Z"
"NC_000913.3","fork1",3953,3927721,-1.28,1.1703218578506713,0.7632031881188912,189.49585084688377,0.9860993725656111,43.845403703182086,-0.8106427712922409,0.001,0.9999999999993038,-5745.235705526346,9.820058732163954,1977,"2026-10-04T10:41:42.911026Z"
"NC_000913.3","fork1",3955,3927722,-2.24,-2.2677208491146654,0.09383182322637987,189.56449857682628,0.9861057598078248,43.85677524374745,-0.2571794103725699,0.001,0.9999999999993033,86651.38136352523,9.825025878072234,1978,"2026-10-04T10:41:42.912026Z"
"NC_000913.3","fork1",3957,3927723,-2.17,-2.077195418181337,0.11133314431997621,189.6370119051943,0.9861133346321433,43.868196955799036,-0.27161635257365546,0.001,0.9999999999993024,-1905.9111596418823,9.829993023980318,1979,"2026-10-04T10:41:42.913027Z"
"NC_000913.3","fork1",3959,3927724,-1.3,1.4024466162933291,0.8025718425954855,189.8623057943512,0.9861678192467139,43.8817033729041,-0.8412853920345127,0.001,0.9999999999993027,-10455.594555466227,9.834960169898892,1980,"2026-10-04T10:41:42.914027Z"
"NC_000913.3","fork1",3961,3927725,-1.0,1.0445944094453317,0.7397355271799415,190.07378533513418,0.9862178513650695,43.895010044335876,-0.787789532878703,0.001,0.9999999999993032,1069.2303447091988,9.839927315790302,1981,"2026-10-04T10:41:42.915026Z"
"NC_000913.3","fork1",3963,3927726,-1.0,1.0445944094453317,0.7397355271799415,190.28533532150323,0.9862677050331933,43.90830709905865,-0.7861153564448946,0.001,0.9999999999993033,33.58181046277712,9.844894461657878,1982,"2026-10-04T10:41:42.916027Z"
"NC_000913.3","fork1",3965,3927727,-1.28,1.1703218578506713,0.7632031881188912,190.50214657206214,0.9863189539016822,43.92166460817714,-0.8036050332280087,0.001,0.9999999999993037,-341.2695206506796,9.849861607502138,1983,"2026-10-04T10:41:42.917027Z"
"NC_000913.3","fork1",3967,3927728,-1.3,1.4024466162933291,0.8025718425954855,190.7277410377165,0.9863726429135662,43.93512916392274,-0.8338913874213301,0.001,0.9999999999993043,-564.1071260312895,9.854828753322366,1984,"2026-10-04T10:41:42.918027Z"
"NC_000913.3","fork1",3969,3927729,-0.88,-1.11502459031999,0.24693533677668908,190.8304490079258,0.9863891201118952,43.946934239042655,-0.3795262802727507,0.001,0.9999999999993038,27575.386183794955,9.85979589910746,1985,"2026-10-04T10:41:42.919027Z"
"NC_000913.3","fork1",3971,3927730,-1.3,-1.197553383706671,0.23191074185089536,190.9298465784327,0.986404576875497,43.95869142081332,-0.3670767249955029,0.001,0.9999999999993039,805.4438560335964,9.864763044886335,1986,"2026-10-04T10:41:42.920027Z"
"NC_000913.3","fork1",3973,3927731,-1.28,-1.3896781421493287,0.19945914459223538,191.0220726510963,0.9864178569044483,43.97034913436335,-0.3404350756164276,0.001,0.9999999999993029,2006.1439230888848,9.869730190659256,1987,"2026-10-04T10:41:42.921027Z"
"NC_000913.3","fork1",3975,3927732,-1.0,-0.9554055905546683,0.277799014514135,191.13165877780614,0.986436331502429,43.982235969722026,-0.40418690933034335,0.001,0.9999999999993026,-3450.783274433694,9.874697336429247,1988,"2026-10-04T10:41:42.922027Z"
"NC_000913.3","fork1",3977,3927733,-1.45,1.6006567886666603,0.832110160392121,191.36405787231575,0.9864915215384755,43.995757865096955,-0.8544806309063275,0.001,0.999999999999303,-8158.967702009473,9.879664482201322,1989,"2026-10-04T10:41:42.923026Z"
"NC_000913.3","fork1",3979,3927734,-1.84,1.7785320302240026,0.8555155067192858,191.60172373713095,0.9865480330152991,44.009337165876396,-0.8713090270828296,0.001,0.9999999999993034,-297.787230530651,9.884631627946861,1990,"2026-10-04T10:41:42.924026Z"
"NC_000913.3","fork1",3981,3927735,-2.24,-2.2677208491146654,0.09383182322637987,191.67065551700554,0.9865542169121464,44.02066932751153,-0.2528002092534777,0.001,0.999999999999303,100019.26505352338,9.889598773652077,1991,"2026-10-04T10:41:42.925026Z"
"NC_000913.3","fork1",3983,3927736,-2.17,-2.077195418181337,0.11133314431997621,191.7434655668646,0.9865615505796741,44.03205016740174,-0.2669783150210244,0.001,0.999999999999302,-1933.289955400678,9.89456591935718,1992,"2026-10-04T10:41:42.926027Z"
"NC_000913.3","fork1",3985,3927737,-2.24,-2.2677208491146654,0.09383182322637987,191.8123950395729,0.9865677283470765,44.04337679503729,-0.2527279679551035,0.001,0.9999999999993021,2306.7147300413226,9.899533065060954,1993,"2026-10-04T10:41:42.927026Z"
"NC_000913.3","fork1",3987,3927738,-2.17,-2.077195418181337,0.11133314431997621,191.88520474037622,0.9865750547454119,44.05475207973143,-0.2669095972947005,0.001,0.9999999999993011,-1935.6890917590308,9.904500210764601,1994,"2026-10-04T10:41:42.928026Z"
"NC_000913.3","fork1",3989,3927739,-1.84,1.7785320302240026,0.8555155067192858,192.12311866992644,0.9866312215044885,44.06830621405471,-0.8692575875483726,0.001,0.9999999999993011,-10724.278917929993,9.909467356479375,1995,"2026-10-04T10:41:42.929027Z"
"NC_000913.3","fork1",3991,3927740,-1.44,-1.5689622110986612,0.1723643870770019,192.2095141404,0.9866425095753124,44.07985382804072,-0.31566448899449073,0.001,0.9999999999993014,49042.31264912197,9.914434502155283,1996,"2026-10-04T10:41:42.930027Z"
"NC_000913.3","fork1",3993,3927741,-0.58,-0.40523812514667396,0.4000544771470622,192.34645723114843,0.9866686727507201,44.09206365838499,-0.4996735960790706,0.001,0.9999999999993006,-7033.133563380132,9.919401647831737,1997,"2026-10-04T10:41:42.931026Z"
"NC_000913.3","fork1",3995,3927742,-0.88,-1.11502459031999,0.24693533677668908,192.449436266098,0.9866847968433898,44.10382257732549,-0.3755328420278817,0.001,0.9999999999993003,7699.084630317384,9.924368793494263,1998,"2026-10-04T10:41:42.932027Z"
"NC_000913.3","fork1",3997,3927743,-1.0,-0.9554055905546683,0.277799014514135,192.55928494962617,0.9867029132409688,44.11566817046998,-0.4002678099846405,0.001,0.9999999999993002,-1365.3358979853251,9.92933593915141,1999,"2026-10-04T10:41:42.933027Z"
"NC_000913.3","fork1",3999,3927744,-1.3,-1.197553383706671,0.23191074185089536,192.6589589505062,0.9867180184537001,44.127376745756116,-0.3629837424971556,0.001,0.9999999999992994,2468.291453469334,9.934303084800854,2000,"2026-10-04T10:41:42.934027Z"
"NC_000913.3","fork1",4001,3927745,-1.84,-1.9014679697759975,0.1299424193591184,192.73599003591136,0.9867264746876178,44.13878547783703,-0.28047758761946345,0.001,0.9999999999992991,9756.843966373037,9.93927023044328,2001,"2026-10-04T10:41:42.935026Z"
"NC_000913.3","fork1",4003,3927746,-1.28,-1.3896781421493287,0.19945914459223538,192.82847349454917,0.9867394445133087,44.150393596062614,-0.3365642012105066,0.001,0.999999999999299,-4324.3922414476765,9.94423737608517,2002,"2026-10-04T10:41:42.936027Z"
"NC_000913.3","fork1",4005,3927747,-1.0,-0.9554055905546683,0.277799014514135,192.93838232374748,0.9867574875562687,44.16222629947013,-0.3996507556236968,0.001,0.9999999999992981,-3496.447608824631,9.94920452172415,2003,"2026-10-04T10:41:42.937027Z"
"NC_000913.3","fork1",4007,3927748,-1.45,1.6006567886666603,0.832110160392121,193.17156622732492,0.9868113882923848,44.17566184714402,-0.8452481037498043,0.001,0.9999999999992987,-8266.999307138249,9.954171667365157,2004,"2026-10-04T10:41:42.938027Z"
"NC_000913.3","fork1",4009,3927749,-1.44,-1.5689622110986612,0.1723643870770019,193.25809319704481,0.9868225262692538,44.18718106854252,-0.31364325601250953,0.001,0.9999999999992983,47729.031402078486,9.959138812968735,2005,"2026-10-04T10:41:42.939026Z"
"NC_000913.3","fork1",4011,3927750,-1.3,-1.197553383706671,0.23191074185089536,193.35787456214308,0.9868374974166791,44.198869470709006,-0.36145633559946927,0.001,0.9999999999992982,-3193.6817017833564,9.964105958570043,2006,"2026-10-04T10:41:42.940026Z"
"NC_000913.3","fork1",4013,3927751,-2.17,-2.077195418181337,0.11133314431997621,193.43083801689278,0.9868446786362195,44.21020647908709,-0.2642850811308191,0.001,0.9999999999992982,13531.302576480219,9.969073104164154,2007,"2026-10-04T10:41:42.941026Z"
"NC_000913.3","fork1",4015,3927752,-1.84,1.7785320302240026,0.8555155067192858,193.6694427789904,0.9868997323321822,44.22368608414087,-0.861384757980911,0.001,0.9999999999992981,-10845.769142449604,9.974040249769216,2008,"2026-10-04T10:41:42.942027Z"
"NC_000913.3","fork1",4017,3927753,-1.84,1.7785320302240026,0.8555155067192858,193.90813036454648,0.9869545586796284,44.23715398566214,-0.8591832296033104,0.001,0.9999999999992988,40.15456947517849,9.979007395346718,2009,"2026-10-04T10:41:42.943026Z"
"NC_000913.3","fork1",4019,3927754,-1.3,1.4024466162933291,0.8025718425954855,194.13511061774298,0.9870057862266441,44.250459026620845,-0.8148531226353865,0.001,0.9999999999992989,865.3568158229394,9.983974540895922,2010,"2026-10-04T10:41:42.944026Z"
"NC_000913.3","fork1",4021,3927755,-0.88,-1.11502459031999,0.24693533677668908,194.2384012100955,0.9870215079475834,44.262170257017814,-0.37068384448342084,0.001,0.9999999999992985,28251.95027116193,9.988941686410612,2011,"2026-10-04T10:41:42.945027Z"
"NC_000913.3","fork1",4023,3927756,-1.0,-0.9554055905546683,0.277799014514135,194.34858365792383,0.98703917224058,44.27396623568469,-0.3951028070737601,0.001,0.9999999999992981,-1382.3911658939858,9.993908831920038,2012,"2026-10-04T10:41:42.946027Z"
"NC_000913.3","fork1",4025,3927757,-1.45,1.6006567886666603,0.832110160392121,194.58231759428102,0.9870919414392663,44.28733489272891,-0.8355148232031891,0.001,0.9999999999992988,-8346.005379919703,9.998875977431418,2013,"2026-10-04T10:41:42.947026Z"
"NC_000913.3","fork1",4027,3927758,-1.84,1.7785320302240026,0.8555155067192858,194.8213490146616,0.9871459738435538,44.3007586827,-0.8519556172541227,0.001,0.9999999999992983,-304.27655899649,10.00384312291664,2014,"2026-10-04T10:41:42.948026Z"
"NC_000913.3","fork1",4029,3927759,-2.24,-2.2677208491146654,0.09383182322637987,194.8906314346799,0.98715188644555,44.312020928057265,-0.24702078613862993,0.001,0.9999999999992982,102312.79418314165,10.008810268362316,2015,"2026-10-04T10:41:42.949027Z"
"NC_000913.3","fork1",4031,3927760,-2.17,-2.077195418181337,0.11133314431997621,194.96381545326676,0.9871588983721598,44.32332993580024,-0.26088631152231023,0.001,0.9999999999992978,-1977.4202092077148,10.013777413808034,2016,"2026-10-04T10:41:42.950027Z"
"NC_000913.3","fork1",4033,3927761,-1.84,1.7785320302240026,0.8555155067192858,195.20301155674568,0.9872126541293854,44.33673566740516,-0.8498395720202361,0.001,0.9999999999992985,-10956.096442388041,10.018744559264542,2017,"2026-10-04T10:41:42.951026Z"
"NC_000913.3","fork1",4035,3927762,-2.24,-2.2677208491146654,0.09383182322637987,195.2723322234483,0.9872185364568804,44.34798931339458,-0.24637326559967435,0.001,0.9999999999992976,102589.71587942404,10.023711704681757,2018,"2026-10-04T10:41:42.952027Z"
"NC_000913.3","fork1",4037,3927763,-1.45,-1.2993432113333396,0.21427557416581033,195.36853311522245,0.987231959404536,44.35957918952736,-0.3416982895270099,0.001,0.9999999999992967,-7101.6461043506415,10.028678850100544,2019,"2026-10-04T10:41:42.953027Z"
"NC_000913.3","fork1",4039,3927764,-1.0,1.0445944094453317,0.7397355271799415,195.5820521487402,0.9872781920958281,44.37264124495905,-0.7562899276413918,0.001,0.9999999999992977,-8967.499544745282,10.033645995523086,2020,"2026-10-04T10:41:42.954027Z"
"NC_000913.3","fork1",4041,3927765,-1.28,1.1703218578506713,0.7632031881188912,195.80088129327933,0.9873257182926466,44.385759760090295,-0.7730940064369312,0.001,0.9999999999992976,-353.5750790184982,10.038613140922848,2021,"2026-10-04T10:41:42.955027Z"
"NC_000913.3","fork1",4043,3927766,-2.24,-2.2677208491146654,0.09383182322637987,195.87027484543455,0.9873315492767456,44.3970017385319,-0.245228293041432,0.001,0.9999999999992968,90527.72301080645,10.043580286288112,2022,"2026-10-04T10:41:42.956027Z"
"NC_000913.3","fork1",4045,3927767,-1.28,-1.3896781421493287,0.19945914459223538,195.96326508623272,0.9873439354553235,44.40853596722775,-0.3284344961234738,0.001,0.999999999999296,-6717.665384743015,10.048547431654661,2023,"2026-10-04T10:41:42.957027Z"
"NC_000913.3","fork1",4047,3927768,-1.45,1.6006567886666603,0.832110160392121,196.19764148406384,0.9873954796750283,44.42182941913086,-0.8251578291543229,0.001,0.9999999999992975,-9636.838735282909,10.053514577027254,2024,"2026-10-04T10:41:42.958027Z"
"NC_000913.3","fork1",4049,3927769,-1.3,1.4024466162933291,0.8025718425954855,196.42549533517948,0.987444997815019,44.43503013305717,-0.8000246815349612,0.001,0.9999999999992972,507.55435531398706,10.058481722372976,2025,"2026-10-04T10:41:42.959026Z"
"NC_000913.3","fork1",4051,3927770,-1.28,1.1703218578506713,0.7632031881188912,196.64462389121235,0.9874919087530558,44.448111886342105,-0.7674234123143227,0.001,0.9999999999992982,694.9609320343263,10.063448867692848,2026,"2026-10-04T10:41:42.960026Z"
"NC_000913.3","fork1",4053,3927771,-2.24,-2.2677208491146654,0.09383182322637987,196.71413202098242,0.9874976642470409,44.45933908227459,-0.24349777873880327,0.001,0.9999999999992972,91030.52404094097,10.068416012978421,2027,"2026-10-04T10:41:42.961026Z"
"NC_000913.3","fork1",4055,3927772,-2.17,-2.077195418181337,0.11133314431997621,196.78755334882942,0.9875044898522876,44.470611891080445,-0.2571609949144206,0.001,0.9999999999992972,-2001.7589183427833,10.073383158264049,2028,"2026-10-04T10:41:42.962027Z"
"NC_000913.3","fork1",4057,3927773,-1.3,1.4024466162933291,0.8025718425954855,197.01563413859617,0.987553585133025,44.48378614395751,-0.7963689009622592,0.001,0.999999999999297,-10982.886704141283,10.078350303559588,2029,"2026-10-04T10:41:42.963026Z"
"NC_000913.3","fork1",4059,3927774,-0.88,-1.11502459031999,0.24693533677668908,197.1194415986491,0.987568652418909,44.49542565040158,-0.3623277387053992,0.001,0.999999999999297,28806.857824264076,10.083317448821248,2030,"2026-10-04T10:41:42.964026Z"
"NC_000913.3","fork1",4061,3927775,-1.45,1.6006567886666603,0.832110160392121,197.35425703360528,0.987619292912317,44.50866594132694,-0.8169981921380999,0.001,0.9999999999992968,-8978.396986967871,10.08828459408639,2031,"2026-10-04T10:41:42.965027Z"
"NC_000913.3","fork1",4063,3927776,-1.84,1.7785320302240026,0.8555155067192858,197.59439285039588,0.9876711454245046,44.52195929292342,-0.8330557005466146,0.001,0.9999999999992976,-309.67657556119184,10.09325173932575,2032,"2026-10-04T10:41:42.966027Z"
"NC_000913.3","fork1",4065,3927777,-1.44,-1.5689622110986612,0.1723643870770019,197.6816107694608,0.987681566387486,44.533383017340455,-0.3025668811640605,0.001,0.9999999999992971,50905.93070218068,10.098218884527581,2033,"2026-10-04T10:41:42.967026Z"
"NC_000913.3","fork1",4067,3927778,-1.3,-1.197553383706671,0.23191074185089536,197.78217514628463,0.987695573734229,44.54496602318316,-0.34864051099456705,0.001,0.9999999999992968,-3289.247469631962,10.10318602972738,2034,"2026-10-04T10:41:42.968027Z"
"NC_000913.3","fork1",4069,3927779,-1.45,-1.2993432113333396,0.21427557416581033,197.87880155553626,0.9877085019402695,44.556497967199896,-0.33480754322693596,0.001,0.9999999999992962,1069.9835479348149,10.108153174921858,2035,"2026-10-04T10:41:42.969027Z"
"NC_000913.3","fork1",4071,3927780,-0.88,-1.11502459031999,0.24693533677668908,197.98275956833263,0.9877233840194967,44.56811566995176,-0.359962892243308,0.001,0.9999999999992965,-1690.3114566437177,10.113120320112415,2036,"2026-10-04T10:41:42.970027Z"
"NC_000913.3","fork1",4073,3927781,-1.3,-1.197553383706671,0.23191074185089536,198.08336457015417,0.9877373444055948,44.57968941612186,-0.3481414725337123,0.001,0.9999999999992956,846.7831495847142,10.118087465297169,2037,"2026-10-04T10:41:42.971026Z"
"NC_000913.3","fork1",4075,3927782,-2.17,-2.077195418181337,0.11133314431997621,198.15694511753262,0.987744040782348,44.59093286068835,-0.2545989369328968,0.001,0.9999999999992949,13969.126745435955,10.123054610475025,2038,"2026-10-04T10:41:42.972027Z"
"NC_000913.3","fork1",4077,3927783,-2.24,-2.2677208491146654,0.09383182322637987,198.22660056867443,0.9877496816991209,44.602126110448424,-0.2409951700734013,0.001,0.9999999999992949,2411.623395124232,10.128021755651767,2039,"2026-10-04T10:41:42.973027Z"
"NC_000913.3","fork1",4079,3927784,-1.84,-1.9014679697759975,0.1299424193591184,198.3043557508009,0.9877574892538823,44.61341466136613,-0.26894923595906917,0.001,0.999999999999294,-3580.386784344165,10.132988900828913,2040,"2026-10-04T10:41:42.974027Z"
"NC_000913.3","fork1",4081,3927785,-1.45,-1.2993432113333396,0.21427557416581033,198.4010378963755,0.9877703532110643,44.62492913823948,-0.33421570008691137,0.001,0.9999999999992941,-5073.591524310654,10.137956046005792,2041,"2026-10-04T10:41:42.975027Z"
"NC_000913.3","fork1",4083,3927786,-1.44,1.3110377889013387,0.7876867636969223,198.6264382197662,0.9878175270697023,44.63799162027184,-0.7768348434111274,0.001,0.999999999999294,-9382.720771714483,10.142923191187101,2042,"2026-10-04T10:41:42.976027Z"
"NC_000913.3","fork1",4085,3927787,-2.17,-2.077195418181337,0.11133314431997621,198.7000633082,0.9878241802001492,44.64922096775975,-0.2538016358874088,0.001,0.9999999999992939,78614.60280964896,10.147890336333564,2043,"2026-10-04T10:41:42.977026Z"
"NC_000913.3","fork1",4087,3927788,-1.3,1.4024466162933291,0.8025718425954855,198.9289185028572,0.9878720348331136,44.662310516384544,-0.7864458777177078,0.001,0.9999999999992941,-11130.463422974217,10.152857481489706,2044,"2026-10-04T10:41:42.978027Z"
"NC_000913.3","fork1",4089,3927789,-1.44,1.3110377889013387,0.7876867636969223,199.1545064468137,0.9879188212687051,44.67535014573042,-0.7731468027783855,0.001,0.9999999999992945,284.2506545151385,10.157824626620735,2045,"2026-10-04T10:41:42.979026Z"
"NC_000913.3","fork1",4091,3927790,-2.17,-2.077195418181337,0.11133314431997621,199.22820764583196,0.9879254197562379,44.68657034501527,-0.2526471656879424,0.001,0.9999999999992941,78881.65803176032,10.162791771717012,2046,"2026-10-04T10:41:42.980026Z"
"NC_000913.3","fork1",4093,3927791,-1.44,-1.5689622110986612,0.1723643870770019,199.31562486212198,0.9879356284191747,44.6979513579268,-0.29953611527734036,0.001,0.9999999999992931,-4593.054925978552,10.16775891681353,2047,"2026-10-04T10:41:42.981026Z"
"NC_000913.3","fork1",4095,3927792,-1.45,1.6006567886666603,0.832110160392121,199.55135149214078,0.9879847921823963,44.71109282005573,-0.8051182116350484,0.001,0.999999999999294,-10283.632969239823,10.172726061917034,2048,"2026-10-04T10:41:42.982027Z"
"NC_000913.3","fork1",4097,3927793,-2.24,-2.2677208491146654,0.09383182322637987,199.62116155366218,0.9879903236384269,44.722257666876885,-0.238509664076817,0.001,0.999999999999293,102433.88800867346,10.177693206983548,2049,"2026-10-04T10:41:42.983026Z"
"NC_000913.3","fork1",4099,3927794,-2.17,-2.077195418181337,0.11133314431997621,199.69490601695028,0.9879968835473499,44.73346653759047,-0.25190627519732445,0.001,0.9999999999992926,-2042.1946825213054,10.182660352050155,2050,"2026-10-04T10:41:42.984026Z"
"NC_000913.3","fork1",4101,3927795,-2.24,-2.2677208491146654,0.09383182322637987,199.76471386190363,0.9880024095044609,44.74462606691804,-0.23843636320345296,0.001,0.9999999999992927,2437.5708539321145,10.187627497115685,2051,"2026-10-04T10:41:42.985027Z"
"NC_000913.3","fork1",4103,3927796,-2.17,-2.077195418181337,0.11133314431997621,199.83845803848774,0.9880089628919803,44.75582960021906,-0.25183580417387896,0.001,0.9999999999992917,-2044.6587251149267,10.192594642181286,2052,"2026-10-04T10:41:42.986027Z"
"NC_000913.3","fork1",4105,3927797,-2.24,-2.2677208491146654,0.09383182322637987,199.90826368634552,0.9880144833555022,44.76698381952178,-0.23836301913202917,0.001,0.999999999999291,2440.5169943081883,10.197561787245853,2053,"2026-10-04T10:41:42.987026Z"
"NC_000913.3","fork1",4107,3927798,-1.45,-1.2993432113333396,0.21427557416581033,200.00518160291546,0.9880270805464473,44.778456227276465,-0.3307360522172978,0.001,0.9999999999992908,-7332.827889033052,10.202528932312054,2054,"2026-10-04T10:41:42.988027Z"
"NC_000913.3","fork1",4109,3927799,-1.44,1.3110377889013387,0.7876867636969223,200.23122672052114,0.9880732760785247,44.79144932915129,-0.7690657126712785,0.001,0.9999999999992909,-9488.572611729676,10.207496077382546,2055,"2026-10-04T10:41:42.989027Z"
"NC_000913.3","fork1",4111,3927800,-1.84,-1.9014679697759975,0.1299424193591184,200.30920531355565,0.9880808798839733,44.802690944627386,-0.26533924634187783,0.001,0.9999999999992903,66246.62739376926,10.212463222418789,2056,"2026-10-04T10:41:42.990027Z"
"NC_000913.3","fork1",4113,3927801,-2.17,-2.077195418181337,0.11133314431997621,200.38299398637398,0.9880873909257905,44.81388051715802,-0.2510417871370681,0.001,0.9999999999992898,2195.878878731129,10.217430367453417,2057,"2026-10-04T10:41:42.991027Z"
"NC_000913.3","fork1",4115,3927802,-1.84,1.7785320302240026,0.8555155067192858,200.62447356412073,0.9881373065117339,44.82703662248683,-0.8187943224846151,0.001,0.9999999999992909,-11374.253644753604,10.222397512498288,2058,"2026-10-04T10:41:42.992027Z"
"NC_000913.3","fork1",4117,3927803,-1.3,1.4024466162933291,0.8025718425954855,200.85410199788913,0.9881839451851694,44.84004248962123,-0.7764968885436201,0.001,0.9999999999992911,906.9176034675576,10.227364657515922,2059,"2026-10-04T10:41:42.993027Z"
"NC_000913.3","fork1",4119,3927804,-0.88,-1.11502459031999,0.24693533677668908,200.95854110269738,0.9881982584939646,44.85157959535268,-0.3530362736344824,0.001,0.9999999999992915,29585.096008768873,10.232331802500465,2060,"2026-10-04T10:41:42.994027Z"
"NC_000913.3","fork1",4121,3927805,-1.0,-0.9554055905546683,0.277799014514135,201.06995513543598,0.9882143403024303,44.863194660152956,-0.37630853864517955,0.001,0.999999999999291,-1447.1174097338499,10.237298947479973,2061,"2026-10-04T10:41:42.995026Z"
"NC_000913.3","fork1",4123,3927806,-0.58,-0.40523812514667396,0.4000544771470622,201.2089629584835,0.9882374614535271,44.87512708708082,-0.4688898502466853,0.001,0.9999999999992907,-4004.182629741683,10.242266092454853,2062,"2026-10-04T10:41:42.996026Z"
"NC_000913.3","fork1",4125,3927807,-0.88,-1.11502459031999,0.24693533677668908,201.31345767662168,0.9882517107064127,44.886654424396916,-0.35226462236916284,0.001,0.9999999999992896,8184.655631678254,10.247233237416681,2063,"2026-10-04T10:41:42.997026Z"
"NC_000913.3","fork1",4127,3927808,-1.45,1.6006567886666603,0.832110160392121,201.5500201913851,0.9882996016513624,44.89970780932685,-0.7949401956761798,0.001,0.9999999999992905,-9243.408618721855,10.252200382381766,2064,"2026-10-04T10:41:42.998027Z"
"NC_000913.3","fork1",4129,3927809,-1.3,1.4024466162933291,0.8025718425954855,201.77999451984923,0.9883456097802898,44.91267405483173,-0.7706899240448531,0.001,0.9999999999992909,527.0866735221414,10.257167527320757,2065,"2026-10-04T10:41:42.999026Z"
"NC_000913.3","fork1",4131,3927810,-0.88,-1.11502459031999,0.24693533677668908,201.88459711347525,0.9883597295644131,44.92418926340106,-0.35041575822836224,0.001,0.9999999999992905,29764.914402947026,10.262134672226924,2066,"2026-10-04T10:41:43.000026Z"
"NC_000913.3","fork1",4133,3927811,-1.45,1.6006567886666603,0.832110160392121,202.1213634182486,0.98840718534463,44.93721773416178,-0.790630959524676,0.001,0.9999999999992909,-9276.324175560647,10.267101817136382,2067,"2026-10-04T10:41:43.001027Z"
"NC_000913.3","fork1",4135,3927812,-1.3,1.4024466162933291,0.8025718425954855,202.3515366302107,0.9884527753773487,44.95015977467148,-0.7665123049607926,0.001,0.9999999999992909,529.0334997724048,10.27206896201976,2068,"2026-10-04T10:41:43.002027Z"
"NC_000913.3","fork1",4137,3927813,-1.44,1.3110377889013387,0.7876867636969223,202.5784225900937,0.9884973475579767,44.96305389215839,-0.7535332739730509,0.001,0.9999999999992915,291.19129476870813,10.277036106878427,2069,"2026-10-04T10:41:43.003026Z"
"NC_000913.3","fork1",4139,3927814,-1.28,-1.3896781421493287,0.19945914459223538,202.67244841468369,0.9885086071802244,44.97443074776348,-0.3122244099951817,0.001,0.9999999999992913,39193.93157871363,10.28200325170459,2070,"2026-10-04T10:41:43.004026Z"
"NC_000913.3","fork1",4141,3927815,-1.45,1.6006567886666603,0.832110160392121,202.90949234144423,0.9885554630350071,44.987425133792584,-0.7845995731559823,0.001,0.9999999999992915,-10081.454395645682,10.286970396536239,2071,"2026-10-04T10:41:43.005027Z"
"NC_000913.3","fork1",4143,3927816,-1.84,1.7785320302240026,0.8555155067192858,203.15190722344485,0.9886034399513492,45.0004689565688,-0.7999967557892473,0.001,0.999999999999292,-320.9289759986142,10.291937541342797,2072,"2026-10-04T10:41:43.006027Z"
"NC_000913.3","fork1",4145,3927817,-1.3,1.4024466162933291,0.8025718425954855,203.38243015652958,0.9886482670549508,45.01336780254631,-0.7586766664090527,0.001,0.9999999999992927,921.7657635764334,10.296904686122415,2073,"2026-10-04T10:41:43.007026Z"
"NC_000913.3","fork1",4147,3927818,-1.28,1.1703218578506713,0.7632031881188912,203.6041232492563,0.9886907335490176,45.026157510403614,-0.727727084060663,0.001,0.9999999999992932,728.8000346744269,10.301871830877161,2074,"2026-10-04T10:41:43.008027Z"
"NC_000913.3","fork1",4149,3927819,-2.24,-2.2677208491146654,0.09383182322637987,203.67443306425636,0.9886959437283919,45.03724844361814,-0.2308595757989716,0.001,0.9999999999992921,95364.76051387753,10.30683897559923,2075,"2026-10-04T10:41:43.009027Z"
"NC_000913.3","fork1",4151,3927820,-1.45,-1.2993432113333396,0.21427557416581033,203.77199994290115,0.9887078328670021,45.04864118773782,-0.32015534000591517,0.001,0.9999999999992922,-7510.700912323081,10.31180612032305,2076,"2026-10-04T10:41:43.010027Z"
"NC_000913.3","fork1",4153,3927821,-1.44,1.3110377889013387,0.7876867636969223,203.9993832188313,0.988751431731879,45.06147670898096,-0.7438768257010901,0.001,0.9999999999992926,-9718.635723484234,10.316773265051005,2077,"2026-10-04T10:41:43.011027Z"
"NC_000913.3","fork1",4155,3927822,-1.84,-1.9014679697759975,0.1299424193591184,204.0779090691876,0.9887586081025158,45.07265026833024,-0.25692625119623547,0.001,0.9999999999992919,67854.71363536622,10.32174040974574,2078,"2026-10-04T10:41:43.012027Z"
"NC_000913.3","fork1",4157,3927823,-1.84,-1.9014679697759975,0.1299424193591184,204.15643726265765,0.9887657799467856,45.08382116918678,-0.2568706816765476,0.001,0.9999999999992909,7.748288668499423,10.326707554439249,2079,"2026-10-04T10:41:43.013027Z"
"NC_000913.3","fork1",4159,3927824,-1.84,-1.9014679697759975,0.1299424193591184,204.23496780328415,0.9887729472674771,45.09498941336158,-0.2568150997308154,0.001,0.9999999999992908,7.754912626984255,10.331674699131506,2080,"2026-10-04T10:41:43.014027Z"
"NC_000913.3","fork1",4161,3927825,-2.17,-2.077195418181337,0.11133314431997621,204.30928400102692,0.9887790845478618,45.106108220962135,-0.24299275530332407,0.001,0.9999999999992905,2252.1937342151573,10.336641843822237,2081,"2026-10-04T10:41:43.015026Z"
"NC_000913.3","fork1",4163,3927826,-1.44,-1.5689622110986612,0.1723643870770019,204.39743297675255,0.9887885796558128,45.11737777184283,-0.2880951079224263,0.001,0.9999999999992905,-4750.062121654612,10.341608988513194,2082,"2026-10-04T10:41:43.016026Z"
"NC_000913.3","fork1",4165,3927827,-1.3,-1.197553383706671,0.23191074185089536,204.4990880753246,0.9888013424853178,45.12879406581022,-0.33201679610428203,0.001,0.9999999999992895,-3441.3754539760134,10.346576133202278,2083,"2026-10-04T10:41:43.017026Z"
"NC_000913.3","fork1",4167,3927828,-1.45,-1.2993432113333396,0.21427557416581033,204.59675778172388,0.9888131220241664,45.14016315152648,-0.3188237130729602,0.001,0.9999999999992898,1119.999959330109,10.351543277886499,2084,"2026-10-04T10:41:43.018027Z"
"NC_000913.3","fork1",4169,3927829,-1.28,1.1703218578506713,0.7632031881188912,204.8189405424406,0.9888549787529647,45.15290326277634,-0.7231522847423595,0.001,0.9999999999992896,-9659.822525016825,10.356510422574381,2085,"2026-10-04T10:41:43.019026Z"
"NC_000913.3","fork1",4171,3927830,-1.3,1.4024466162933291,0.8025718425954855,205.05012583790608,0.9888988275667348,45.165732677181296,-0.7503561272238356,0.001,0.9999999999992906,-620.4008761588947,10.361477567239957,2086,"2026-10-04T10:41:43.020026Z"
"NC_000913.3","fork1",4173,3927831,-1.28,1.1703218578506713,0.7632031881188912,205.27245320420326,0.9889403672070669,45.1784549661352,-0.7197315785598902,0.001,0.9999999999992906,737.2367314465923,10.366444711880892,2087,"2026-10-04T10:41:43.021027Z"
"NC_000913.3","fork1",4175,3927832,-2.24,-2.2677208491146654,0.09383182322637987,205.34292338872214,0.9889454636660908,45.18951032865503,-0.2281901099561135,0.001,0.9999999999992898,96447.64458960644,10.37141185648959,2088,"2026-10-04T10:41:43.022027Z"
"NC_000913.3","fork1",4177,3927833,-1.28,-1.3896781421493287,0.19945914459223538,205.43737215439768,0.9889562895407861,45.200825075240274,-0.3056614088293843,0.001,0.9999999999992897,-7156.123736333533,10.376379001099782,2089,"2026-10-04T10:41:43.023026Z"
"NC_000913.3","fork1",4179,3927834,-1.45,1.6006567886666603,0.832110160392121,205.67549348231617,0.9890013402929032,45.21370209692615,-0.7681346488539248,0.001,0.9999999999992903,-10265.605307144606,10.38134614571535,2090,"2026-10-04T10:41:43.024027Z"
"NC_000913.3","fork1",4181,3927835,-1.84,1.7785320302240026,0.8555155067192858,205.91900961541026,0.9890474687457386,45.22662679636298,-0.7831956547698717,0.001,0.9999999999992906,-326.50143220069594,10.386313290306159,2091,"2026-10-04T10:41:43.025027Z"
"NC_000913.3","fork1",4183,3927836,-1.84,1.7785320302240026,0.8555155067192858,206.162606904403,0.9890934058690208,45.23954116753879,-0.7811302861445166,0.001,0.999999999999291,44.96077415784337,10.391280434871227,2092,"2026-10-04T10:41:43.026027Z"
"NC_000913.3","fork1",4185,3927837,-2.24,-2.2677208491146654,0.09383182322637987,206.23319778614837,0.9890984325827412,45.25058235286745,-0.22643034549577362,0.001,0.9999999999992912,110350.41410849377,10.39624757939985,2093,"2026-10-04T10:41:43.027026Z"
"NC_000913.3","fork1",4187,3927838,-1.84,-1.9014679697759975,0.1299424193591184,206.31199493748497,0.9891053900127819,45.26170941487953,-0.2526849267565333,0.001,0.9999999999992901,-3773.603343100235,10.40121472392895,2094,"2026-10-04T10:41:43.028027Z"
"NC_000913.3","fork1",4189,3927839,-1.45,-1.2993432113333396,0.21427557416581033,206.4099677321177,0.9891168532530217,45.27304028263797,-0.3139841325774084,0.001,0.9999999999992897,-5347.458880601083,10.40618186845818,2095,"2026-10-04T10:41:43.029027Z"
"NC_000913.3","fork1",4191,3927840,-0.88,-1.11502459031999,0.24693533677668908,206.51537905333842,0.9891300489198103,45.28444813545081,-0.33758425164493916,0.001,0.9999999999992891,-1788.4749172309273,10.411149012983772,2096,"2026-10-04T10:41:43.030027Z"
"NC_000913.3","fork1",4193,3927841,-1.45,1.6006567886666603,0.832110160392121,206.75390949838047,0.9891743986121062,45.29728032296221,-0.761453158030729,0.001,0.9999999999992899,-9557.426093451724,10.416116157512448,2097,"2026-10-04T10:41:43.031027Z"
"NC_000913.3","fork1",4195,3927842,-2.24,-2.2677208491146654,0.09383182322637987,206.82454934499967,0.9891793884056495,45.308308082417334,-0.2255681867988525,0.001,0.9999999999992896,107396.22122395609,10.42108330200591,2098,"2026-10-04T10:41:43.032026Z"
"NC_000913.3","fork1",4197,3927843,-2.17,-2.077195418181337,0.11133314431997621,206.89917037421478,0.989185305934659,45.31937588106502,-0.23823563491660515,0.001,0.9999999999992888,-2140.665148788358,10.42605044649971,2099,"2026-10-04T10:41:43.033026Z"
"NC_000913.3","fork1",4199,3927844,-1.84,1.7785320302240026,0.8555155067192858,207.14318477089606,0.9892306712358695,45.33224894451827,-0.7764039754699492,0.001,0.9999999999992895,-11862.994980604231,10.431017591003304,2100,"2026-10-04T10:41:43.034027Z"
"NC_000913.3","fork1",4201,3927845,-1.84,1.7785320302240026,0.8555155067192858,207.38728015577738,0.9892758483025512,45.3451118000886,-0.7743507048785919,0.001,0.9999999999992899,45.44940037437111,10.435984735481286,2101,"2026-10-04T10:41:43.035026Z"
"NC_000913.3","fork1",4203,3927846,-1.44,-1.5689622110986612,0.1723643870770019,207.4758815520408,0.9892849276056763,45.35631809363005,-0.2810636583658964,0.001,0.9999999999992897,54330.93704612611,10.440951879924226,2102,"2026-10-04T10:41:43.036026Z"
"NC_000913.3","fork1",4205,3927847,-1.3,-1.197553383706671,0.23191074185089536,207.57805368152972,0.9892971315198318,45.36766530743761,-0.3238965889573411,0.001,0.9999999999992893,-3509.7699021649087,10.445919024365432,2103,"2026-10-04T10:41:43.037026Z"
"NC_000913.3","fork1",4207,3927848,-1.28,-1.3896781421493287,0.19945914459223538,207.67284543414323,0.9893076167244276,45.37893138742268,-0.30035136610810204,0.001,0.9999999999992893,2245.5663725145146,10.450886168801663,2104,"2026-10-04T10:41:43.038027Z"
"NC_000913.3","fork1",4209,3927849,-1.45,1.6006567886666603,0.832110160392121,207.91182432657692,0.9893512497349154,45.391715949694884,-0.7547611686368962,0.001,0.9999999999992893,-10414.35824501816,10.455853313243123,2105,"2026-10-04T10:41:43.039026Z"
"NC_000913.3","fork1",4211,3927850,-1.3,1.4024466162933291,0.8025718425954855,208.144148375974,0.9893931669706473,45.404420163765174,-0.7317149513153598,0.001,0.9999999999992901,549.8028894116279,10.46082045765943,2106,"2026-10-04T10:41:43.040026Z"
"NC_000913.3","fork1",4213,3927851,-1.0,1.0445944094453317,0.7397355271799415,208.36222075051816,0.9894316577682543,45.41696545278293,-0.6851038156545852,0.001,0.9999999999992901,1210.968297843713,10.465787602051249,2107,"2026-10-04T10:41:43.041027Z"
"NC_000913.3","fork1",4215,3927852,-1.44,1.3110377889013387,0.7876867636969223,208.59129701483826,0.9894724917145132,45.429616602637125,-0.7176925259258913,0.001,0.9999999999992906,-798.0788842846883,10.470754746422148,2108,"2026-10-04T10:41:43.042027Z"
"NC_000913.3","fork1",4217,3927853,-2.17,-2.077195418181337,0.11133314431997621,208.6661635585225,0.9894782506574514,45.44065532179351,-0.23460068173153847,0.001,0.9999999999992898,83885.50631234786,10.475721890760642,2109,"2026-10-04T10:41:43.043026Z"
"NC_000913.3","fork1",4219,3927854,-1.84,1.7785320302240026,0.8555155067192858,208.91082628987454,0.989522400135001,45.453455054941735,-0.7640699746127422,0.001,0.9999999999992905,-11992.651380445366,10.480689035108968,2110,"2026-10-04T10:41:43.044027Z"
"NC_000913.3","fork1",4221,3927855,-2.24,-2.2677208491146654,0.09383182322637987,208.98173957164917,0.9895272312240837,45.464446705940375,-0.2215260565019201,0.001,0.9999999999992901,112302.61103178225,10.485656179421532,2111,"2026-10-04T10:41:43.045027Z"
"NC_000913.3","fork1",4223,3927856,-2.17,-2.077195418181337,0.11133314431997621,209.05664634225386,0.9895329605392172,45.47547719046032,-0.23395618605757149,0.001,0.9999999999992896,-2169.5663907337903,10.490623323734411,2112,"2026-10-04T10:41:43.046027Z"
"NC_000913.3","fork1",4225,3927857,-1.3,1.4024466162933291,0.8025718425954855,209.28938152861434,0.9895741700347842,45.4881361666133,-0.7245995205048157,0.001,0.9999999999992898,-11906.074745563907,10.495590468056323,2113,"2026-10-04T10:41:43.047027Z"
"NC_000913.3","fork1",4227,3927858,-0.88,-1.11502459031999,0.24693533677668908,209.3952951753882,0.9895868170487612,45.49948025134339,-0.32962396253131376,0.001,0.9999999999992898,31230.736258611287,10.500557612347166,2114,"2026-10-04T10:41:43.048027Z"
"NC_000913.3","fork1",4229,3927859,-0.58,-0.40523812514667396,0.4000544771470622,209.53620148112486,0.989607273986319,45.51118123407889,-0.4379330443713473,0.001,0.9999999999992895,-5294.49149140494,10.505524756635065,2115,"2026-10-04T10:41:43.049027Z"
"NC_000913.3","fork1",4231,3927860,-0.88,-1.11502459031999,0.24693533677668908,209.6421533205277,0.9896198812648938,45.522519037147816,-0.3290943826061301,0.001,0.9999999999992895,8633.00204875373,10.510491900910946,2116,"2026-10-04T10:41:43.050027Z"
"NC_000913.3","fork1",4233,3927861,-1.0,-0.9554055905546683,0.277799014514135,209.75517378057063,0.9896340461998512,45.53392624097299,-0.350759057005885,0.001,0.9999999999992882,-1529.458092456266,10.515459045182203,2117,"2026-10-04T10:41:43.051026Z"
"NC_000913.3","fork1",4235,3927862,-1.3,-1.197553383706671,0.23191074185089536,209.8577226328798,0.9896458566476465,45.54522285608337,-0.31806513412329024,0.001,0.9999999999992888,2768.220430693605,10.520426189446853,2118,"2026-10-04T10:41:43.052026Z"
"NC_000913.3","fork1",4237,3927863,-1.28,-1.3896781421493287,0.19945914459223538,209.9528647484008,0.9896560037912092,45.55644062408664,-0.2949452514137254,0.001,0.9999999999992888,2278.4621668777713,10.525393333706736,2119,"2026-10-04T10:41:43.053026Z"
"NC_000913.3","fork1",4239,3927864,-1.45,1.6006567886666603,0.832110160392121,210.19270674951193,0.989698229923117,45.569133089823694,-0.741107150150369,0.001,0.9999999999992888,-10566.013948695394,10.530360477971731,2120,"2026-10-04T10:41:43.054027Z"
"NC_000913.3","fork1",4241,3927865,-1.84,1.7785320302240026,0.8555155067192858,210.43798099360396,0.9897414659328269,45.58187044666272,-0.7556162338802817,0.001,0.9999999999992892,-335.5786953343638,10.535327622212604,2121,"2026-10-04T10:41:43.055026Z"
"NC_000913.3","fork1",4243,3927866,-1.44,-1.5689622110986612,0.1723643870770019,210.52702248587,0.989750155118118,45.59301481866852,-0.27429888459226615,0.001,0.9999999999992893,55392.69024182506,10.54029476641929,2122,"2026-10-04T10:41:43.056026Z"
"NC_000913.3","fork1",4245,3927867,-1.45,1.6006567886666603,0.832110160392121,210.76706433872758,0.9897920008710416,45.60568455651826,-0.7370521615015436,0.001,0.99999999999929,-11058.54822960877,10.545261910632375,2123,"2026-10-04T10:41:43.057027Z"
"NC_000913.3","fork1",4247,3927868,-1.44,-1.5689622110986612,0.1723643870770019,210.8561551838824,0.98980064769332,45.61682265223756,-0.27353989339577695,0.001,0.9999999999992893,53604.92596950125,10.550229054812272,2124,"2026-10-04T10:41:43.058027Z"
"NC_000913.3","fork1",4249,3927869,-1.45,1.6006567886666603,0.832110160392121,211.09631749060566,0.9898422894221471,45.62947938352467,-0.7349732729828415,0.001,0.9999999999992896,-11081.033198752639,10.555196198998601,2125,"2026-10-04T10:41:43.059026Z"
"NC_000913.3","fork1",4251,3927870,-1.84,1.7785320302240026,0.8555155067192858,211.34191824676606,0.9898849270007384,45.64218040871059,-0.7493556028796831,0.001,0.9999999999992905,-337.31582261558253,10.560163343160998,2126,"2026-10-04T10:41:43.060026Z"
"NC_000913.3","fork1",4253,3927871,-1.3,1.4024466162933291,0.8025718425954855,211.57547105393823,0.9899247648878606,45.65475071516045,-0.7106231664802548,0.001,0.9999999999992907,972.2512712727213,10.565130487297749,2127,"2026-10-04T10:41:43.061027Z"
"NC_000913.3","fork1",4255,3927872,-1.0,1.0445944094453317,0.7397355271799415,211.79470057821862,0.9899613461599281,45.66716913548,-0.6653565239733386,0.001,0.999999999999291,1237.4266926358164,10.570097631410498,2128,"2026-10-04T10:41:43.062027Z"
"NC_000913.3","fork1",4257,3927873,-1.44,1.3110377889013387,0.7876867636969223,212.0249879726497,0.9900001541812808,45.67968857129463,-0.6969814519643797,0.001,0.9999999999992916,-814.9069931606276,10.57506477550284,2129,"2026-10-04T10:41:43.063026Z"
"NC_000913.3","fork1",4259,3927874,-1.84,-1.9014679697759975,0.1299424193591184,212.10456509323467,0.9900065419429354,45.69071008533803,-0.240870512817607,0.001,0.9999999999992909,71403.87569477771,10.580031919563949,2130,"2026-10-04T10:41:43.064027Z"
"NC_000913.3","fork1",4261,3927875,-1.84,-1.9014679697759975,0.1299424193591184,212.1841445106123,0.9900129256653398,45.7017290335917,-0.2408154799237504,0.001,0.9999999999992906,8.620815626015057,10.584999063624052,2131,"2026-10-04T10:41:43.065027Z"
"NC_000913.3","fork1",4263,3927876,-2.17,-2.077195418181337,0.11133314431997621,212.25945817779757,0.9900183919529191,45.712703243299345,-0.22786662934783028,0.001,0.9999999999992905,2368.8564474871946,10.58996620768303,2132,"2026-10-04T10:41:43.066027Z"
"NC_000913.3","fork1",4265,3927877,-1.84,1.7785320302240026,0.8555155067192858,212.50549094170498,0.9900602977537684,45.725357978963665,-0.741853142342006,0.001,0.9999999999992903,-12265.283148811393,10.594933351751372,2133,"2026-10-04T10:41:43.067027Z"
"NC_000913.3","fork1",4267,3927878,-1.44,-1.5689622110986612,0.1723643870770019,212.59484935566246,0.9900687195918861,45.73646432426493,-0.2694264527267991,0.001,0.99999999999929,56095.43700655296,10.599900495786104,2134,"2026-10-04T10:41:43.068027Z"
"NC_000913.3","fork1",4269,3927879,-0.58,-0.40523812514667396,0.4000544771470622,212.736472248738,0.9900882393030976,45.748081125251716,-0.42641006389763425,0.001,0.99999999999929,-8042.31217715622,10.604867639821414,2135,"2026-10-04T10:41:43.069027Z"
"NC_000913.3","fork1",4271,3927880,-1.44,1.3110377889013387,0.7876867636969223,212.9671135896705,0.990126561665977,45.7605648313502,-0.6923806923840802,0.001,0.9999999999992903,-6940.350450822706,10.609834783852014,2136,"2026-10-04T10:41:43.070027Z"
"NC_000913.3","fork1",4273,3927881,-1.28,-1.3896781421493287,0.19945914459223538,213.06275937664512,0.9901362424101463,45.77172283550088,-0.28706869979662114,0.001,0.9999999999992903,41867.85493960969,10.614801927852456,2137,"2026-10-04T10:41:43.071026Z"
"NC_000913.3","fork1",4275,3927882,-1.45,1.6006567886666603,0.832110160392121,213.30371793563688,0.9901765275774327,45.78429363310341,-0.7208491395184132,0.001,0.9999999999992907,-10767.74577198905,10.619769071857935,2138,"2026-10-04T10:41:43.072026Z"
"NC_000913.3","fork1",4277,3927883,-1.84,1.7785320302240026,0.8555155067192858,213.55013105606412,0.9902177760371466,45.796907349106405,-0.7349412945107069,0.001,0.9999999999992916,-341.64075677120337,10.624736215839839,2139,"2026-10-04T10:41:43.073026Z"
"NC_000913.3","fork1",4279,3927884,-1.3,1.4024466162933291,0.8025718425954855,213.7844589606546,0.9902563159127927,45.80939415628745,-0.6969541595299357,0.001,0.9999999999992915,985.6579541025457,10.629703359796473,2140,"2026-10-04T10:41:43.074027Z"
"NC_000913.3","fork1",4281,3927885,-1.0,1.0445944094453317,0.7397355271799415,214.0044194284518,0.9902917051916128,45.82173351611768,-0.6525617593183146,0.001,0.9999999999992923,1254.402510922009,10.63467050372946,2141,"2026-10-04T10:41:43.075026Z"
"NC_000913.3","fork1",4283,3927886,-1.28,1.1703218578506713,0.7632031881188912,214.22984256745252,0.990328083778889,45.83411692818462,-0.6669801380096911,0.001,0.9999999999992923,-396.3424577731499,10.639637647642004,2142,"2026-10-04T10:41:43.076026Z"
"NC_000913.3","fork1",4285,3927887,-1.3,1.4024466162933291,0.8025718425954855,214.46438843608752,0.9903661932936703,45.846578757143874,-0.6920070245610144,0.001,0.9999999999992928,-656.7096614846505,10.64460479153361,2143,"2026-10-04T10:41:43.077027Z"
"NC_000913.3","fork1",4287,3927888,-0.88,-1.11502459031999,0.24693533677668908,214.57121497046796,0.9903778888887458,45.857815872117364,-0.3150548397127473,0.001,0.9999999999992923,32230.26980791929,10.649571935395459,2144,"2026-10-04T10:41:43.078027Z"
"NC_000913.3","fork1",4289,3927889,-1.45,1.6006567886666603,0.832110160392121,214.8126751555055,0.9904171966847788,45.8703295691092,-0.7098120008964641,0.001,0.999999999999293,-10042.719282766444,10.654539079260022,2145,"2026-10-04T10:41:43.079026Z"
"NC_000913.3","fork1",4291,3927890,-2.24,-2.2677208491146654,0.09383182322637987,214.8843331983358,0.9904216191881503,45.881225578497634,-0.2107088611589455,0.001,0.9999999999992922,112855.34409135695,10.659506223091682,2146,"2026-10-04T10:41:43.080027Z"
"NC_000913.3","fork1",4293,3927891,-2.17,-2.077195418181337,0.11133314431997621,214.9600176729188,0.9904268639460027,45.8921572920841,-0.2225040041694044,0.001,0.9999999999992919,-2248.9394825291865,10.664473366923911,2147,"2026-10-04T10:41:43.081027Z"
"NC_000913.3","fork1",4295,3927892,-1.44,-1.5689622110986612,0.1723643870770019,215.04975240989174,0.990434978195841,45.90321961964261,-0.26368995939937273,0.001,0.9999999999992913,-5075.756360764554,10.66944051075668,2148,"2026-10-04T10:41:43.082027Z"
"NC_000913.3","fork1",4297,3927893,-1.0,-0.9554055905546683,0.277799014514135,215.16377169382696,0.9904480415679388,45.91450906088688,-0.33475629086867253,0.001,0.9999999999992915,-5440.121504438807,10.674407654588569,2149,"2026-10-04T10:41:43.083026Z"
"NC_000913.3","fork1",4299,3927894,-1.0,-0.9554055905546683,0.277799014514135,215.27780909602097,0.9904610872706426,45.92579547911628,-0.3345338616587135,0.001,0.9999999999992909,17.0499983793736,10.67937479841486,2150,"2026-10-04T10:41:43.084027Z"
"NC_000913.3","fork1",4301,3927895,-1.45,1.6006567886666603,0.832110160392121,215.5195615131848,0.9905000584487488,45.93828207796246,-0.7069042941057216,0.001,0.9999999999992921,-9555.021185986243,10.684341942242591,2151,"2026-10-04T10:41:43.085027Z"
"NC_000913.3","fork1",4303,3927896,-1.3,1.4024466162933291,0.8025718425954855,215.75458506682938,0.9905374968194283,45.950695929150804,-0.6853037498099239,0.001,0.9999999999992923,576.9627231035581,10.689309086046329,2152,"2026-10-04T10:41:43.086027Z"
"NC_000913.3","fork1",4305,3927897,-1.28,1.1703218578506713,0.7632031881188912,215.98060931858035,0.9905729631524252,45.96301660427739,-0.6573180205452759,0.001,0.9999999999992923,789.0787374917115,10.69427622982711,2153,"2026-10-04T10:41:43.087027Z"
"NC_000913.3","fork1",4307,3927898,-2.24,-2.2677208491146654,0.09383182322637987,216.05239275421448,0.9905773144528488,45.9738914922175,-0.20880820203879707,0.001,0.999999999999292,103074.89137485903,10.699243373578247,2154,"2026-10-04T10:41:43.088026Z"
"NC_000913.3","fork1",4309,3927899,-1.28,-1.3896781421493287,0.19945914459223538,216.14853061661603,0.9905865574431229,45.98499107649722,-0.27948831242096867,0.001,0.999999999999291,-7646.887888718169,10.704210517331123,2155,"2026-10-04T10:41:43.089026Z"
"NC_000913.3","fork1",4311,3927900,-1.0,-0.9554055905546683,0.277799014514135,216.26274633825705,0.9905994157616467,45.996256252435884,-0.3317554515382428,0.001,0.9999999999992916,-4064.8502384225117,10.709177661081956,2156,"2026-10-04T10:41:43.090027Z"
"NC_000913.3","fork1",4313,3927901,-1.0,-0.9554055905546683,0.277799014514135,216.37698014617956,0.9906122566827658,46.007518423501985,-0.3315341027100947,0.001,0.9999999999992915,17.23776870018714,10.714144804827246,2157,"2026-10-04T10:41:43.091026Z"
"NC_000913.3","fork1",4315,3927902,-1.3,-1.197553383706671,0.23191074185089536,216.48064354967826,0.9906229631670053,46.01867924613898,-0.300667844997276,0.001,0.9999999999992916,2882.9499042194225,10.719111948566345,2158,"2026-10-04T10:41:43.092026Z"
"NC_000913.3","fork1",4317,3927903,-1.84,-1.9014679697759975,0.1299424193591184,216.56078599979992,0.9906289568528392,46.02961885050963,-0.2323988828207822,0.001,0.9999999999992906,11390.146909173423,10.72407909230015,2159,"2026-10-04T10:41:43.093027Z"
"NC_000913.3","fork1",4319,3927904,-1.28,-1.3896781421493287,0.19945914459223538,216.65697879236703,0.9906381496643193,46.04070479567656,-0.2787841783582849,0.001,0.9999999999992901,-5045.822558007648,10.72904623603403,2160,"2026-10-04T10:41:43.094027Z"
"NC_000913.3","fork1",4321,3927905,-1.3,-1.197553383706671,0.23191074185089536,216.76067453909715,0.9906488268970268,46.051857476591884,-0.30032798457045284,0.001,0.99999999999929,-2017.7331338826716,10.734013379765315,2161,"2026-10-04T10:41:43.095026Z"
"NC_000913.3","fork1",4323,3927906,-1.84,-1.9014679697759975,0.1299424193591184,216.84083298751193,0.9906548042070401,46.06278939012562,-0.2321100021725272,0.001,0.9999999999992899,11412.8232007922,10.738980523491245,2162,"2026-10-04T10:41:43.096026Z"
"NC_000913.3","fork1",4325,3927907,-1.45,-1.2993432113333396,0.21427557416581033,216.940475701621,0.9906646525502917,46.07389900112782,-0.2883474084461438,0.001,0.9999999999992897,-5710.341814562099,10.743947667217428,2163,"2026-10-04T10:41:43.097027Z"
"NC_000913.3","fork1",4327,3927908,-0.88,-1.11502459031999,0.24693533677668908,217.04767625382712,0.9906759892223392,46.085075596555704,-0.3099928451601709,0.001,0.999999999999289,-1909.3290008941592,10.748914810940512,2164,"2026-10-04T10:41:43.098027Z"
"NC_000913.3","fork1",4329,3927909,-1.45,1.6006567886666603,0.832110160392121,217.29013655447034,0.9907140906510132,46.09749531604812,-0.6988474155190707,0.001,0.9999999999992896,-10205.774006166663,10.753881954666369,2165,"2026-10-04T10:41:43.099026Z"
"NC_000913.3","fork1",4331,3927910,-1.84,1.7785320302240026,0.8555155067192858,217.53808476267497,0.9907531029791199,46.109955788854016,-0.7124943834492242,0.001,0.99999999999929,-349.811677294504,10.75884909836922,2166,"2026-10-04T10:41:43.100027Z"
"NC_000913.3","fork1",4333,3927911,-1.84,1.7785320302240026,0.8555155067192858,217.78611268581218,0.9907919529304431,46.122407084082326,-0.7105664064150559,0.001,0.9999999999992909,49.62624066448473,10.763816242047996,2167,"2026-10-04T10:41:43.101027Z"
"NC_000913.3","fork1",4335,3927912,-1.84,1.7785320302240026,0.8555155067192858,218.03422030029188,0.9908306411680514,46.13484922878536,-0.7086426116617077,0.001,0.9999999999992911,49.72557222234089,10.768783385702884,2168,"2026-10-04T10:41:43.102027Z"
"NC_000913.3","fork1",4337,3927913,-1.3,1.4024466162933291,0.8025718425954855,218.27016000198003,0.990866788756342,46.14717142717085,-0.6720022106075259,0.001,0.9999999999992912,1013.6333511269098,10.773750529333158,2169,"2026-10-04T10:41:43.103027Z"
"NC_000913.3","fork1",4339,3927914,-0.88,-1.11502459031999,0.24693533677668908,218.3776073937324,0.9908778822182573,46.15832485757021,-0.3059041025043519,0.001,0.9999999999992916,33001.24982609891,10.778717672934453,2170,"2026-10-04T10:41:43.104027Z"
"NC_000913.3","fork1",4341,3927915,-1.3,-1.197553383706671,0.23191074185089536,218.4815922451459,0.9908882885497333,46.16944405966572,-0.2958548194872075,0.001,0.9999999999992913,965.6893056255226,10.78368481653117,2171,"2026-10-04T10:41:43.105027Z"
"NC_000913.3","fork1",4343,3927916,-1.84,-1.9014679697759975,0.1299424193591184,218.5619853547203,0.9908941142017779,46.180347556898546,-0.22868413252126696,0.001,0.9999999999992907,11530.15773210233,10.788651960122651,2172,"2026-10-04T10:41:43.106027Z"
"NC_000913.3","fork1",4345,3927917,-2.17,-2.077195418181337,0.11133314431997621,218.63807183675226,0.9908991026166495,46.19120970406552,-0.21639365635713648,0.001,0.99999999999929,2463.8039297917553,10.793619103713157,2173,"2026-10-04T10:41:43.107026Z"
"NC_000913.3","fork1",4347,3927918,-1.44,-1.5689622110986612,0.1723643870770019,218.72829336884143,0.9909068202689744,46.2021967653733,-0.25647610293536827,0.001,0.9999999999992902,-5193.606150023134,10.798586247304305,2174,"2026-10-04T10:41:43.108026Z"
"NC_000913.3","fork1",4349,3927919,-1.45,1.6006567886666603,0.832110160392121,218.97135316031827,0.9909439870574303,46.21455495164593,-0.6886788698731318,0.001,0.9999999999992907,-11628.735892817806,10.803553390901426,2175,"2026-10-04T10:41:43.109026Z"
"NC_000913.3","fork1",4351,3927920,-1.44,-1.5689622110986612,0.1723643870770019,219.06162340845728,0.9909516669948638,46.22553601421326,-0.2557497541634809,0.001,0.9999999999992901,56371.43784765027,10.808520534467503,2176,"2026-10-04T10:41:43.110027Z"
"NC_000913.3","fork1",4353,3927921,-0.58,-0.40523812514667396,0.4000544771470622,219.20466956676387,0.9909694671214626,46.23698698747203,-0.4046968394743933,0.001,0.9999999999992902,-8367.754267599415,10.81348767803431,2177,"2026-10-04T10:41:43.111026Z"
"NC_000913.3","fork1",4355,3927922,-1.28,1.1703218578506713,0.7632031881188912,219.43192889426948,0.9910033290953414,46.24918548727306,-0.6410986881272402,0.001,0.9999999999992906,-6981.336926758298,10.818454821596127,2178,"2026-10-04T10:41:43.112026Z"
"NC_000913.3","fork1",4357,3927923,-1.3,1.4024466162933291,0.8025718425954855,219.66838609955906,0.9910388020676102,46.2614574755398,-0.6651419701741491,0.001,0.9999999999992911,-677.7915835390738,10.823421965137703,2179,"2026-10-04T10:41:43.113027Z"
"NC_000913.3","fork1",4359,3927924,-0.88,-1.11502459031999,0.24693533677668908,219.7760549356833,0.9910496884844402,46.272579840881,-0.3027400932933339,0.001,0.9999999999992906,33289.36256436965,10.82838910865063,2180,"2026-10-04T10:41:43.114027Z"
"NC_000913.3","fork1",4361,3927925,-1.45,1.6006567886666603,0.832110160392121,220.01948227929307,0.991086276576873,46.28490029241437,-0.6822320101652752,0.001,0.9999999999992915,-10372.00607189532,10.833356252166181,2181,"2026-10-04T10:41:43.115026Z"
"NC_000913.3","fork1",4363,3927926,-2.24,-2.2677208491146654,0.09383182322637987,220.0916878760601,0.9910903930748616,46.2957022997828,-0.20241764717363203,0.001,0.9999999999992909,116558.87220671552,10.838323395650054,2182,"2026-10-04T10:41:43.116027Z"
"NC_000913.3","fork1",4365,3927927,-1.84,-1.9014679697759975,0.1299424193591184,220.17227235704942,0.9910960906707372,46.3065758366313,-0.22584165719715865,0.001,0.9999999999992907,-4111.209453029284,10.843290539134754,2183,"2026-10-04T10:41:43.117027Z"
"NC_000913.3","fork1",4367,3927928,-2.17,-2.077195418181337,0.11133314431997621,220.24853931532104,0.9911009694319303,46.31740879968206,-0.21370171826407772,0.001,0.99999999999929,2488.324075054586,10.848257682618579,2184,"2026-10-04T10:41:43.118027Z"
"NC_000913.3","fork1",4369,3927929,-1.3,1.4024466162933291,0.8025718425954855,220.48530111659366,0.9911360608616044,46.329651686679654,-0.661286103048256,0.001,0.9999999999992903,-12754.806200261672,10.85322482611062,2185,"2026-10-04T10:41:43.119026Z"
"NC_000913.3","fork1",4371,3927930,-1.44,1.3110377889013387,0.7876867636969223,220.71867978807697,0.9911703681058857,46.34185623436114,-0.6500291407083028,0.001,0.9999999999992908,328.12202133402315,10.858191969580629,2186,"2026-10-04T10:41:43.120027Z"
"NC_000913.3","fork1",4373,3927931,-1.45,-1.2993432113333396,0.21427557416581033,220.81893278292335,0.9911796779646435,46.35289009034865,-0.27915435046207815,0.001,0.9999999999992903,39836.77947160025,10.863159113022387,2187,"2026-10-04T10:41:43.121027Z"
"NC_000913.3","fork1",4375,3927932,-1.44,1.3110377889013387,0.7876867636969223,221.05242525467693,0.9912138178885592,46.3650831643122,-0.6481531176027857,0.001,0.9999999999992913,-10808.423828100682,10.868126256467663,2188,"2026-10-04T10:41:43.122027Z"
"NC_000913.3","fork1",4377,3927933,-2.17,-2.077195418181337,0.11133314431997621,221.12880767392167,0.9912186327144675,46.37590253379915,-0.21206474295721645,0.001,0.9999999999992907,90571.99220708948,10.873093399883663,2189,"2026-10-04T10:41:43.123027Z"
"NC_000913.3","fork1",4379,3927934,-2.24,-2.2677208491146654,0.09383182322637987,221.20112220216848,0.9912226886296365,46.38668407186288,-0.200746476075288,0.001,0.9999999999992903,2790.558088737552,10.878060543299348,2190,"2026-10-04T10:41:43.124027Z"
"NC_000913.3","fork1",4381,3927935,-1.28,-1.3896781421493287,0.19945914459223538,221.29799378131804,0.9912313041573111,46.397676703527665,-0.26875798921952465,0.001,0.99999999999929,-7894.062408344524,10.883027686716785,2191,"2026-10-04T10:41:43.125026Z"
"NC_000913.3","fork1",4383,3927936,-1.45,1.6006567886666603,0.832110160392121,221.54200154088582,0.9912671563627918,46.409942279473064,-0.6747426588433763,0.001,0.9999999999992902,-11323.840867805919,10.887994830138872,2192,"2026-10-04T10:41:43.126027Z"
"NC_000913.3","fork1",4385,3927937,-1.3,1.4024466162933291,0.8025718425954855,221.7792151863901,0.9913015982211797,46.42214016123987,-0.6541009367636944,0.001,0.9999999999992907,599.3207987568819,10.892961973537975,2193,"2026-10-04T10:41:43.127026Z"
"NC_000913.3","fork1",4387,3927938,-1.0,1.0445944094453317,0.7397355271799415,222.001882828271,0.9913332242383168,46.434204472104945,-0.6124131473720529,0.001,0.9999999999992911,1318.1485740326186,10.897929116914646,2194,"2026-10-04T10:41:43.128026Z"
"NC_000913.3","fork1",4389,3927939,-1.28,1.1703218578506713,0.7632031881188912,222.23007865428266,0.9913657341090457,46.44630845543088,-0.6259190528659613,0.001,0.9999999999992913,-415.44014759509935,10.902896260271918,2195,"2026-10-04T10:41:43.129026Z"
"NC_000913.3","fork1",4391,3927940,-2.24,-2.2677208491146654,0.09383182322637987,222.30253583542313,0.9913697226729637,46.457074184075864,-0.19878736346416187,0.001,0.9999999999992912,107089.0922596442,10.90786340360094,2196,"2026-10-04T10:41:43.130027Z"
"NC_000913.3","fork1",4393,3927941,-1.45,-1.2993432113333396,0.21427557416581033,222.40303323397802,0.9913788241629281,46.46807724109421,-0.27553453235738135,0.001,0.9999999999992912,-8432.374171016425,10.912830546931943,2197,"2026-10-04T10:41:43.131026Z"
"NC_000913.3","fork1",4395,3927942,-0.88,-1.11502459031999,0.24693533677668908,222.51114741925002,0.9913893010965031,46.47914256960022,-0.2961992265259644,0.001,0.9999999999992909,-1972.3990822877545,10.917797690260105,2198,"2026-10-04T10:41:43.132026Z"
"NC_000913.3","fork1",4397,3927943,-1.3,-1.197553383706671,0.23191074185089536,222.61577662416073,0.9913991290755271,46.490175284959335,-0.28646408259158074,0.001,0.9999999999992907,990.554000031389,10.922764833583868,2199,"2026-10-04T10:41:43.133027Z"
"NC_000913.3","fork1",4399,3927944,-1.45,-1.2993432113333396,0.21427557416581033,222.7163102505191,0.9914081998222694,46.501170289352096,-0.2750898181593887,0.001,0.9999999999992896,1253.9501713983727,10.927731976903608,2200,"2026-10-04T10:41:43.134027Z"
"NC_000913.3","fork1",4401,3927945,-1.0,1.0445944094453317,0.7397355271799415,222.93930432843763,0.9914394415998679,46.51320322522418,-0.6084184409602125,0.001,0.9999999999992911,-10669.323208318961,10.932699120226193,2201,"2026-10-04T10:41:43.135026Z"
"NC_000913.3","fork1",4403,3927946,-1.44,1.3110377889013387,0.7876867636969223,223.17354195764847,0.9914725847331928,46.52532364782623,-0.6372954849564372,0.001,0.9999999999992912,-871.2828601064224,10.937666263529884,2202,"2026-10-04T10:41:43.136027Z"
"NC_000913.3","fork1",4405,3927947,-1.28,-1.3896781421493287,0.19945914459223538,223.2707130209553,0.9914809570789971,46.536279744069454,-0.26431508872392917,0.001,0.9999999999992911,44549.09113292659,10.942633406805685,2203,"2026-10-04T10:41:43.137027Z"
"NC_000913.3","fork1",4407,3927948,-1.45,1.6006567886666603,0.832110160392121,223.51542239893433,0.9915157972756842,46.54847619007475,-0.6634409333304557,0.001,0.9999999999992912,-11455.90101546141,10.947600550086106,2204,"2026-10-04T10:41:43.138027Z"
"NC_000913.3","fork1",4409,3927949,-1.84,1.7785320302240026,0.8555155067192858,223.76566747487954,0.9915514701650713,46.56071008328344,-0.676369089129718,0.001,0.999999999999292,-362.408428960486,10.952567693344406,2205,"2026-10-04T10:41:43.139027Z"
"NC_000913.3","fork1",4411,3927950,-2.24,-2.2677208491146654,0.09383182322637987,223.83829296754183,0.991555373659835,46.571450208887406,-0.19634675468040486,0.001,0.9999999999992912,122972.45506928013,10.957534836570932,2206,"2026-10-04T10:41:43.140027Z"
"NC_000913.3","fork1",4413,3927951,-2.17,-2.077195418181337,0.11133314431997621,223.91500081599727,0.9915600029069922,46.58222211970664,-0.20733997419356087,0.001,0.9999999999992903,-2374.731601044149,10.962501979798214,2207,"2026-10-04T10:41:43.141027Z"
"NC_000913.3","fork1",4415,3927952,-2.24,-2.2677208491146654,0.09383182322637987,223.98762408588613,0.9915639024928945,46.59295745220458,-0.1962750109367264,0.001,0.9999999999992908,2837.471345433559,10.96746912302535,2208,"2026-10-04T10:41:43.142027Z"
"NC_000913.3","fork1",4417,3927953,-1.28,-1.3896781421493287,0.19945914459223538,224.08490508376988,0.9915721859436484,46.603896518136004,-0.26275935884567364,0.001,0.9999999999992903,-8026.165650569471,10.972436266254256,2209,"2026-10-04T10:41:43.143026Z"
"NC_000913.3","fork1",4419,3927954,-1.45,1.6006567886666603,0.832110160392121,224.32992506281818,0.991606656201514,46.61606441949791,-0.6596251354441107,0.001,0.9999999999992908,-11513.281337944092,10.977403409487717,2210,"2026-10-04T10:41:43.144026Z"
"NC_000913.3","fork1",4421,3927955,-1.3,1.4024466162933291,0.8025718425954855,224.56812247166104,0.9916397703837828,46.62816690418352,-0.6394376446342962,0.001,0.9999999999992911,609.6327744389994,10.982370552698624,2211,"2026-10-04T10:41:43.145026Z"
"NC_000913.3","fork1",4423,3927956,-1.44,1.3110377889013387,0.7876867636969223,224.80291581157084,0.991672144437234,46.640232899181896,-0.6285407986877012,0.001,0.999999999999292,336.59195512983524,10.987337695888055,2212,"2026-10-04T10:41:43.146027Z"
"NC_000913.3","fork1",4425,3927957,-1.84,-1.9014679697759975,0.1299424193591184,224.88408775664854,0.9916774731335062,46.651024929382785,-0.2173126202869092,0.001,0.9999999999992912,77172.38089617189,10.992304839049133,2213,"2026-10-04T10:41:43.147026Z"
"NC_000913.3","fork1",4427,3927958,-2.17,-2.077195418181337,0.11133314431997621,224.9609125872875,0.9916820360086268,46.66177865745292,-0.20563505070196117,0.001,0.9999999999992908,2559.256888744282,10.997271982209607,2214,"2026-10-04T10:41:43.148026Z"
"NC_000913.3","fork1",4429,3927959,-1.84,1.7785320302240026,0.8555155067192858,225.21170706009397,0.9917170157656209,46.673961622746994,-0.6689796421035603,0.001,0.9999999999992916,-13246.078052519364,11.002239125378527,2215,"2026-10-04T10:41:43.149027Z"
"NC_000913.3","fork1",4431,3927960,-1.44,-1.5689622110986612,0.1723643870770019,225.30284236547675,0.991724045612297,46.684827239910625,-0.24307882640761974,0.001,0.9999999999992915,60584.65217218998,11.007206268516946,2216,"2026-10-04T10:41:43.150027Z"
"NC_000913.3","fork1",4433,3927961,-1.45,1.6006567886666603,0.832110160392121,225.54828441295246,0.9917578999179409,46.696953648173334,-0.6524796320513123,0.001,0.9999999999992921,-12093.020307353489,11.012173411660974,2217,"2026-10-04T10:41:43.151026Z"
"NC_000913.3","fork1",4435,3927962,-1.3,1.4024466162933291,0.8025718425954855,225.78689284929192,0.991790422339886,46.7090156749147,-0.632509439017398,0.001,0.9999999999992925,614.0438454320597,11.017140554782614,2218,"2026-10-04T10:41:43.152026Z"
"NC_000913.3","fork1",4437,3927963,-1.44,1.3110377889013387,0.7876867636969223,226.02209159543673,0.9918222178214979,46.721041775431154,-0.6217281850088482,0.001,0.9999999999992926,339.08132420012066,11.022107697883031,2219,"2026-10-04T10:41:43.153027Z"
"NC_000913.3","fork1",4439,3927964,-2.17,-2.077195418181337,0.11133314431997621,226.09907069855663,0.9918267019935308,46.73177936738594,-0.2035185328167911,0.001,0.9999999999992922,93263.51645795771,11.027074840955189,2220,"2026-10-04T10:41:43.154027Z"
"NC_000913.3","fork1",4441,3927965,-1.3,1.4024466162933291,0.8025718425954855,226.33786137275033,0.9918589551585831,46.743823354421245,-0.6292841337892612,0.001,0.9999999999992926,-13200.738602932135,11.032041984035272,2221,"2026-10-04T10:41:43.155026Z"
"NC_000913.3","fork1",4443,3927966,-1.0,1.0445944094453317,0.7397355271799415,226.56201257069947,0.9918885712955267,46.75574135351319,-0.5891757574761339,0.001,0.9999999999992927,1354.274407550645,11.037009127093636,2222,"2026-10-04T10:41:43.156027Z"
"NC_000913.3","fork1",4445,3927967,-1.28,1.1703218578506713,0.7632031881188912,226.79172623712753,0.9919190149896502,46.76769663127129,-0.6021516667261709,0.001,0.9999999999992938,-426.2265018622998,11.041976270133244,2223,"2026-10-04T10:41:43.157027Z"
"NC_000913.3","fork1",4447,3927968,-1.3,1.4024466162933291,0.8025718425954855,227.0307308206752,0.991950906828889,46.779718481624045,-0.6246987702726331,0.001,0.9999999999992943,-706.9866174113325,11.046943413153501,2224,"2026-10-04T10:41:43.158027Z"
"NC_000913.3","fork1",4449,3927969,-0.88,-1.11502459031999,0.24693533677668908,227.13962305164068,0.9919606941734547,46.790695986738825,-0.28449264793190154,0.001,0.9999999999992943,34759.79823304154,11.051910556146735,2225,"2026-10-04T10:41:43.159027Z"
"NC_000913.3","fork1",4451,3927970,-1.3,-1.197553383706671,0.23191074185089536,227.2450087673673,0.991969875265009,46.8016427334178,-0.27514940520016595,0.001,0.999999999999294,1017.6614269045632,11.056877699135821,2226,"2026-10-04T10:41:43.160027Z"
"NC_000913.3","fork1",4453,3927971,-2.17,-2.077195418181337,0.11133314431997621,227.32214345627136,0.9919742791263234,46.81236187277361,-0.20136101648538768,0.001,0.9999999999992933,16755.384297318127,11.061844842120104,2227,"2026-10-04T10:41:43.161027Z"
"NC_000913.3","fork1",4455,3927972,-2.24,-2.2677208491146654,0.09383182322637987,227.39517508870668,0.9919779888500998,46.82304598157118,-0.19062554712446456,0.001,0.9999999999992929,2893.872969531004,11.066811985104268,2228,"2026-10-04T10:41:43.162027Z"
"NC_000913.3","fork1",4457,3927973,-1.84,-1.9014679697759975,0.1299424193591184,227.47667344286214,0.991983123429564,46.83379508087927,-0.21266223904725184,0.001,0.9999999999992927,-4291.820211684623,11.07177912808955,2229,"2026-10-04T10:41:43.163026Z"
"NC_000913.3","fork1",4459,3927974,-1.28,-1.3896781421493287,0.19945914459223538,227.5744800533134,0.9919909985698004,46.844671348310875,-0.2550686617353005,0.001,0.9999999999992926,-5384.8466712518375,11.076746271075116,2230,"2026-10-04T10:41:43.164026Z"
"NC_000913.3","fork1",4461,3927975,-1.45,1.6006567886666603,0.832110160392121,227.82072580737713,0.9920237696384178,46.856721337260026,-0.6400564067649734,0.001,0.9999999999992929,-11747.793443213777,11.081713414065161,2231,"2026-10-04T10:41:43.165026Z"
"NC_000913.3","fork1",4463,3927976,-1.84,1.7785320302240026,0.8555155067192858,228.07254010728593,0.9920573238039895,46.86880666283602,-0.6525119204775094,0.001,0.9999999999992925,-371.20618260988175,11.086680557033773,2232,"2026-10-04T10:41:43.166027Z"
"NC_000913.3","fork1",4465,3927977,-1.3,1.4024466162933291,0.8025718425954855,228.31200594906747,0.9920886741570196,46.88078620728272,-0.618750507975443,0.001,0.9999999999992939,1076.9069321038191,11.091647699979474,2233,"2026-10-04T10:41:43.167026Z"
"NC_000913.3","fork1",4467,3927978,-1.28,1.1703218578506713,0.7632031881188912,228.5423020089025,0.9921183727957366,46.89268599678526,-0.5934511153419026,0.001,0.9999999999992945,851.8704468132331,11.096614842903987,2234,"2026-10-04T10:41:43.168026Z"
"NC_000913.3","fork1",4469,3927979,-2.24,-2.2677208491146654,0.09383182322637987,228.61548134492708,0.9921220164441422,46.903352307166216,-0.18861578805695794,0.001,0.9999999999992938,111107.13280020801,11.10158198580171,2235,"2026-10-04T10:41:43.169027Z"
"NC_000913.3","fork1",4471,3927980,-1.28,-1.3896781421493287,0.19945914459223538,228.71346863669956,0.9921297562294311,46.91421003677635,-0.2524048413397285,0.001,0.9999999999992932,-8241.70838101748,11.10654912870128,2236,"2026-10-04T10:41:43.170027Z"
"NC_000913.3","fork1",4473,3927981,-1.45,1.6006567886666603,0.832110160392121,228.9600945058753,0.9921619640183857,46.92622283478991,-0.6331776223547703,0.001,0.9999999999992947,-11822.381894995066,11.111516271605327,2237,"2026-10-04T10:41:43.171026Z"
"NC_000913.3","fork1",4475,3927982,-1.84,1.7785320302240026,0.8555155067192858,229.21229618525913,0.9921949414059729,46.93827037685258,-0.6454926810587147,0.001,0.9999999999992947,-373.4394870245832,11.116483414488087,2238,"2026-10-04T10:41:43.172027Z"
"NC_000913.3","fork1",4477,3927983,-1.3,1.4024466162933291,0.8025718425954855,229.45213260603592,0.9922257528284387,46.95021378480363,-0.6120971165581237,0.001,0.999999999999295,1083.869611589494,11.121450557348085,2239,"2026-10-04T10:41:43.173027Z"
"NC_000913.3","fork1",4479,3927984,-1.28,1.1703218578506713,0.7632031881188912,229.68278673263183,0.9922549408993877,46.96207867224471,-0.5870713605782747,0.001,0.9999999999992952,857.396709210125,11.12641770018718,2240,"2026-10-04T10:41:43.174027Z"
"NC_000913.3","fork1",4481,3927985,-1.44,-1.5689622110986612,0.1723643870770019,229.77457937395786,0.9922615177663908,46.972871450342204,-0.23360263980070278,0.001,0.9999999999992953,53744.24032143075,11.13138484300062,2241,"2026-10-04T10:41:43.175026Z"
"NC_000913.3","fork1",4483,3927986,-1.45,1.6006567886666603,0.832110160392121,230.02154623086375,0.9922931905296593,46.98485030248765,-0.6264117419995823,0.001,0.9999999999992958,-12402.110256998041,11.136351985819527,2242,"2026-10-04T10:41:43.176027Z"
"NC_000913.3","fork1",4485,3927987,-1.84,1.7785320302240026,0.8555155067192858,230.27409493895613,0.9923256200715571,46.996863327645414,-0.6385880230358468,0.001,0.9999999999992962,-375.46879553879575,11.141319128617406,2243,"2026-10-04T10:41:43.177027Z"
"NC_000913.3","fork1",4487,3927988,-2.24,-2.2677208491146654,0.09383182322637987,230.34749939645346,0.992329168651058,47.007506598666204,-0.18565567179872466,0.001,0.9999999999992961,127637.65081795954,11.146286271385183,2244,"2026-10-04T10:41:43.178027Z"
"NC_000913.3","fork1",4489,3927989,-1.45,-1.2993432113333396,0.21427557416581033,230.449248725803,0.9923372661302434,47.01836314213174,-0.25717367018303494,0.001,0.9999999999992956,-8832.13117895686,11.151253414154917,2245,"2026-10-04T10:41:43.179027Z"
"NC_000913.3","fork1",4491,3927990,-0.88,-1.11502459031999,0.24693533677668908,230.55869728316353,0.9923465873035482,47.02927551698565,-0.2764262722531071,0.001,0.9999999999992958,-2065.469811641431,11.156220556922229,2246,"2026-10-04T10:41:43.180027Z"
"NC_000913.3","fork1",4493,3927991,-1.3,-1.197553383706671,0.23191074185089536,230.66462267822268,0.9923553310916489,47.04015838854553,-0.26734967085606387,0.001,0.9999999999992952,1038.0628272938197,11.1611876996856,2247,"2026-10-04T10:41:43.181026Z"
"NC_000913.3","fork1",4495,3927992,-1.45,-1.2993432113333396,0.21427557416581033,230.76640773925635,0.9923634011657865,47.05100717283321,-0.25674621558507976,0.001,0.999999999999295,1313.922907048069,11.166154842445506,2248,"2026-10-04T10:41:43.182027Z"
"NC_000913.3","fork1",4497,3927993,-1.28,1.1703218578506713,0.7632031881188912,230.99750913661018,0.9923920764046136,47.06283096195452,-0.5811835686804262,0.001,0.9999999999992956,-11314.19881283431,11.17112198520827,2249,"2026-10-04T10:41:43.183026Z"
"NC_000913.3","fork1",4499,3927994,-1.84,1.7785320302240026,0.8555155067192858,231.25042896371053,0.9924240930207282,47.07481152350592,-0.634061004759114,0.001,0.9999999999992962,-1651.5622978197805,11.17608912795296,2250,"2026-10-04T10:41:43.184026Z"
"NC_000913.3","fork1",4501,3927995,-2.24,-2.2677208491146654,0.09383182322637987,231.32392510506116,0.9924275964144897,47.085437646779575,-0.18429857420655174,0.001,0.9999999999992956,128379.06931562354,11.181056270667806,2251,"2026-10-04T10:41:43.185026Z"
"NC_000913.3","fork1",4503,3927996,-2.17,-2.077195418181337,0.11133314431997621,231.40154501329297,0.9924317511686723,47.09609243092024,-0.19459681615467525,0.001,0.9999999999992951,-2478.664560058127,11.186023413383618,2252,"2026-10-04T10:41:43.186027Z"
"NC_000913.3","fork1",4505,3927997,-2.24,-2.2677208491146654,0.09383182322637987,231.4750388947807,0.992435251048003,47.10671389715866,-0.1842283226310512,0.001,0.999999999999295,2962.5288599891114,11.190990556099417,2253,"2026-10-04T10:41:43.187026Z"
"NC_000913.3","fork1",4507,3927998,-1.28,-1.3896781421493287,0.19945914459223538,231.57344039371895,0.9924426854377092,47.117519911322134,-0.24651518720860296,0.001,0.999999999999295,-8378.208170300235,11.195957698817129,2254,"2026-10-04T10:41:43.188026Z"
"NC_000913.3","fork1",4509,3927999,-1.45,1.6006567886666603,0.832110160392121,231.82107720054404,0.9924736223257989,47.1294398123098,-0.618318637049795,0.001,0.9999999999992948,-12018.126993334536,11.20092484153924,2255,"2026-10-04T10:41:43.189027Z"
"NC_000913.3","fork1",4511,3928000,-2.24,-2.2677208491146654,0.09383182322637987,231.89461048278406,0.9924771029889073,47.140053961671974,-0.18364734427510732,0.001,0.9999999999992948,124881.74788461205,11.205891984232425,2256,"2026-10-04T10:41:43.190027Z"
"NC_000913.3","fork1",4513,3928001,-1.28,-1.3896781421493287,0.19945914459223538,231.9930679561698,0.992484496559359,47.15085176099148,-0.24574568553665502,0.001,0.9999999999992946,-8398.965245224364,11.21085912692759,2257,"2026-10-04T10:41:43.191026Z"
"NC_000913.3","fork1",4515,3928002,-1.45,1.6006567886666603,0.832110160392121,232.24085996355998,0.9925152635788128,47.16275806066463,-0.6164234407080623,0.001,0.999999999999295,-12047.892898037937,11.215826269626945,2258,"2026-10-04T10:41:43.192027Z"
"NC_000913.3","fork1",4517,3928003,-2.24,-2.2677208491146654,0.09383182322637987,232.31443262606626,0.9925187251295902,47.173364907655824,-0.18306760717282358,0.001,0.9999999999992948,125191.23982544216,11.22079341229764,2259,"2026-10-04T10:41:43.193027Z"
"NC_000913.3","fork1",4519,3928004,-2.17,-2.077195418181337,0.11133314431997621,232.39213639119586,0.9925228302608465,47.18400011162372,-0.19330441130801584,0.001,0.9999999999992941,-2493.660615432168,11.225760554969238,2260,"2026-10-04T10:41:43.194027Z"
"NC_000913.3","fork1",4521,3928005,-2.24,-2.2677208491146654,0.09383182322637987,232.46570682172884,0.992526288338526,47.19460232535511,-0.1829974828500367,0.001,0.999999999999294,2980.536995825238,11.230727697641,2261,"2026-10-04T10:41:43.195027Z"
"NC_000913.3","fork1",4523,3928006,-2.17,-2.077195418181337,0.11133314431997621,232.543410192103,0.9925303893509254,47.20523288183295,-0.19323520260291796,0.001,0.9999999999992935,-2496.3883928409823,11.23569484031364,2262,"2026-10-04T10:41:43.196027Z"
"NC_000913.3","fork1",4525,3928007,-1.84,1.7785320302240026,0.8555155067192858,232.7969580829588,0.992561828263888,47.21716169696373,-0.6283415081058976,0.001,0.999999999999294,-13839.737589575827,11.240661982994329,2263,"2026-10-04T10:41:43.197027Z"
"NC_000913.3","fork1",4527,3928008,-1.44,-1.5689622110986612,0.1723643870770019,232.88912520898833,0.9925681464833924,47.22789359884301,-0.22838600940343382,0.001,0.999999999999294,63301.931567772874,11.245629125646328,2264,"2026-10-04T10:41:43.198027Z"
"NC_000913.3","fork1",4529,3928009,-1.45,1.6006567886666603,0.832110160392121,233.1372604154834,0.992598573610001,47.23977071059268,-0.6128147811037934,0.001,0.9999999999992949,-12634.40930999879,11.250596268303596,2265,"2026-10-04T10:41:43.199026Z"
"NC_000913.3","fork1",4531,3928010,-1.3,1.4024466162933291,0.8025718425954855,233.37848681799116,0.9926278034841945,47.25158916794348,-0.5940401212010133,0.001,0.999999999999295,642.3106640310316,11.2555634109397,2266,"2026-10-04T10:41:43.200026Z"
"NC_000913.3","fork1",4533,3928011,-1.0,1.0445944094453317,0.7397355271799415,233.60492477486724,0.9926546433573017,47.26329214465341,-0.5561642838746187,0.001,0.9999999999992956,1411.17795807741,11.260530553555117,2267,"2026-10-04T10:41:43.201026Z"
"NC_000913.3","fork1",4535,3928012,-1.0,1.0445944094453317,0.7397355271799415,233.83142853928646,0.9926813862352384,47.27498876673788,-0.554853033427715,0.001,0.9999999999992955,49.031762774665964,11.265497696152398,2268,"2026-10-04T10:41:43.202027Z"
"NC_000913.3","fork1",4537,3928013,-0.88,-1.11502459031999,0.24693533677668908,233.94139914058724,0.9926902918942507,47.285834002323526,-0.26925746085723334,0.001,0.9999999999992955,32068.999292976252,11.270464838726634,2269,"2026-10-04T10:41:43.203026Z"
"NC_000913.3","fork1",4539,3928014,-1.45,1.6006567886666603,0.832110160392121,234.1898698839309,0.9927202226069088,47.29767884769087,-0.6063580446582942,0.001,0.9999999999992957,-11262.698207411857,11.27543198130313,2270,"2026-10-04T10:41:43.204026Z"
"NC_000913.3","fork1",4541,3928015,-2.24,-2.2677208491146654,0.09383182322637987,234.26365875607272,0.9927235900628947,47.308256166333564,-0.18011346679265522,0.001,0.9999999999992957,126577.62407538979,11.280399123851405,2271,"2026-10-04T10:41:43.205027Z"
"NC_000913.3","fork1",4543,3928016,-1.84,-1.9014679697759975,0.1299424193591184,234.34599564353113,0.9927282509101881,47.31889291198787,-0.20091758130154141,0.001,0.9999999999992953,-4463.5906733384745,11.285366266400898,2272,"2026-10-04T10:41:43.206027Z"
"NC_000913.3","fork1",4545,3928017,-2.17,-2.077195418181337,0.11133314431997621,234.42392779698878,0.9927322419121682,47.32949552848831,-0.1901306576117869,0.001,0.9999999999992952,2702.810909011921,11.290333408949937,2273,"2026-10-04T10:41:43.207026Z"
"NC_000913.3","fork1",4547,3928018,-2.24,-2.2677208491146654,0.09383182322637987,234.49771474757205,0.9927356038489875,47.34006594088551,-0.1799932649043438,0.001,0.9999999999992949,3015.343015770694,11.295300551499077,2274,"2026-10-04T10:41:43.208026Z"
"NC_000913.3","fork1",4549,3928019,-1.45,-1.2993432113333396,0.21427557416581033,234.60003537345062,0.9927432754247498,47.35083968980596,-0.24942881446038934,0.001,0.9999999999992945,-9051.015294295315,11.300267694050321,2275,"2026-10-04T10:41:43.209027Z"
"NC_000913.3","fork1",4551,3928020,-1.28,1.1703218578506713,0.7632031881188912,234.83244614745257,0.9927705346367746,47.36254577947462,-0.5648404327583962,0.001,0.9999999999992952,-11570.826699312802,11.305234836604509,2276,"2026-10-04T10:41:43.210027Z"
"NC_000913.3","fork1",4553,3928021,-1.3,1.4024466162933291,0.8025718425954855,235.07425627455524,0.9927990903254286,47.374312019338994,-0.5859710316660404,0.001,0.999999999999295,-739.9786138471578,11.31020197914045,2277,"2026-10-04T10:41:43.211026Z"
"NC_000913.3","fork1",4555,3928022,-1.44,1.3110377889013387,0.7876867636969223,235.31260974835357,0.9928270075156294,47.38604609908254,-0.5759594813803905,0.001,0.9999999999992958,358.6159715087386,11.31516912165645,2278,"2026-10-04T10:41:43.212027Z"
"NC_000913.3","fork1",4557,3928023,-1.84,-1.9014679697759975,0.1299424193591184,235.3950657470367,0.9928316025980233,47.39666512032014,-0.19925728073324817,0.001,0.9999999999992957,81979.42242460839,11.320136264146527,2279,"2026-10-04T10:41:43.213027Z"
"NC_000913.3","fork1",4559,3928024,-1.45,-1.2993432113333396,0.21427557416581033,235.49752588346314,0.9928391735254459,47.40742404971745,-0.24743511444714184,0.001,0.9999999999992955,-6363.531311864578,11.325103406637194,2280,"2026-10-04T10:41:43.214027Z"
"NC_000913.3","fork1",4561,3928025,-0.88,-1.11502459031999,0.24693533677668908,235.60774485226864,0.9928478885642661,47.418235499792424,-0.2659706035906936,0.001,0.999999999999295,-2126.8395386456423,11.330070549125654,2281,"2026-10-04T10:41:43.215027Z"
"NC_000913.3","fork1",4563,3928026,-1.3,-1.197553383706671,0.23191074185089536,235.71441311972484,0.9928560637541678,47.429019065425265,-0.2572286680709301,0.001,0.9999999999992946,1069.3250707167902,11.335037691610278,2282,"2026-10-04T10:41:43.216027Z"
"NC_000913.3","fork1",4565,3928027,-2.17,-2.077195418181337,0.11133314431997621,235.79247705238322,0.9928599851123114,47.43959727591261,-0.18822128616114325,0.001,0.9999999999992949,17597.82692168631,11.340004834090603,2283,"2026-10-04T10:41:43.217027Z"
"NC_000913.3","fork1",4567,3928028,-1.84,1.7785320302240026,0.8555155067192858,236.04719951242882,0.9928900467240729,47.45142255551681,-0.6120273692415996,0.001,0.999999999999295,-14097.916187714267,11.344971976578796,2284,"2026-10-04T10:41:43.218027Z"
"NC_000913.3","fork1",4569,3928029,-2.24,-2.2677208491146654,0.09383182322637987,236.12114717231205,0.9928933361857353,47.46196644871795,-0.1777186343965465,0.001,0.9999999999992948,132030.33791528735,11.349939119038126,2285,"2026-10-04T10:41:43.219026Z"
"NC_000913.3","fork1",4571,3928030,-2.17,-2.077195418181337,0.11133314431997621,236.19924965818078,0.9928972372311341,47.47253737902289,-0.18766198718705526,0.001,0.9999999999992943,-2548.8944049473967,11.354906261498533,2286,"2026-10-04T10:41:43.220026Z"
"NC_000913.3","fork1",4573,3928031,-1.84,1.7785320302240026,0.8555155067192858,236.45412665508672,0.9929271431175657,47.48434972681262,-0.6102768562474788,0.001,0.9999999999992948,-14131.49448109948,11.359873403966702,2287,"2026-10-04T10:41:43.221026Z"
"NC_000913.3","fork1",4575,3928032,-2.24,-2.2677208491146654,0.09383182322637987,236.52811012115075,0.9929304155385671,47.49488648275055,-0.17718848770309997,0.001,0.9999999999992946,132344.9422795007,11.364840546406118,2288,"2026-10-04T10:41:43.222027Z"
"NC_000913.3","fork1",4577,3928033,-2.17,-2.077195418181337,0.11133314431997621,236.6062511433922,0.9929342963749217,47.50545014736989,-0.1871038169902287,0.001,0.9999999999992946,-2554.94650666078,11.369807688846649,2289,"2026-10-04T10:41:43.223026Z"
"NC_000913.3","fork1",4579,3928034,-1.84,1.7785320302240026,0.8555155067192858,236.86128258415152,0.9929640473310893,47.51724960188482,-0.6085294518656819,0.001,0.9999999999992949,-14165.11229087267,11.374774831294927,2290,"2026-10-04T10:41:43.224026Z"
"NC_000913.3","fork1",4581,3928035,-1.44,-1.5689622110986612,0.1723643870770019,236.95397289613393,0.9929700263127771,47.527909592576094,-0.2211443937129615,0.001,0.9999999999992947,64791.14310493659,11.379741973715356,2291,"2026-10-04T10:41:43.225027Z"
"NC_000913.3","fork1",4583,3928036,-0.58,-0.40523812514667396,0.4000544771470622,237.1008147599778,0.9929838839804307,47.53894463158121,-0.34983176926864445,0.001,0.9999999999992949,-9286.366131186938,11.38470911613664,2292,"2026-10-04T10:41:43.226027Z"
"NC_000913.3","fork1",4585,3928037,-0.88,-1.11502459031999,0.24693533677668908,237.21126700610643,0.9929924241433702,47.549723069915004,-0.2629631067816517,0.001,0.9999999999992945,10171.780456932793,11.389676258548514,2293,"2026-10-04T10:41:43.227026Z"
"NC_000913.3","fork1",4587,3928038,-1.3,-1.197553383706671,0.23191074185089536,237.31815916416434,0.9930004352872398,47.56047408819141,-0.25431493790844006,0.001,0.9999999999992941,1079.5173590646712,11.394643400956673,2294,"2026-10-04T10:41:43.228027Z"
"NC_000913.3","fork1",4589,3928039,-2.17,-2.077195418181337,0.11133314431997621,237.39637185545004,0.9930042779571834,47.57102332062829,-0.18605295004855132,0.001,0.9999999999992933,17764.207923710157,11.399610543360534,2295,"2026-10-04T10:41:43.229027Z"
"NC_000913.3","fork1",4591,3928040,-1.84,1.7785320302240026,0.8555155067192858,237.65170655369883,0.9930337363151903,47.58279778013058,-0.605274744201864,0.001,0.999999999999295,-14230.996651427577,11.404577685772178,2296,"2026-10-04T10:41:43.230027Z"
"NC_000913.3","fork1",4593,3928041,-2.24,-2.2677208491146654,0.09383182322637987,237.72579199684847,0.9930369597642286,47.59331324863723,-0.17566252264278584,0.001,0.9999999999992943,133277.18740440317,11.40954482815535,2297,"2026-10-04T10:41:43.231026Z"
"NC_000913.3","fork1",4595,3928042,-1.84,-1.9014679697759975,0.1299424193591184,237.80847427152747,0.9930414212920279,47.60388587908953,-0.19598603788424415,0.001,0.999999999999294,-4555.281543819317,11.414511970539658,2298,"2026-10-04T10:41:43.232027Z"
"NC_000913.3","fork1",4597,3928043,-1.45,-1.2993432113333396,0.21427557416581033,237.9112438693874,0.9930487721702386,47.61459488591071,-0.24343913532478842,0.001,0.9999999999992941,-6455.432409633606,11.419479112924714,2299,"2026-10-04T10:41:43.233027Z"
"NC_000913.3","fork1",4599,3928044,-1.28,1.1703218578506713,0.7632031881188912,238.1447876091831,0.9930748918172453,47.626201903804485,-0.5515389430076265,0.001,0.9999999999992939,-11795.711006492744,11.42444625531258,2300,"2026-10-04T10:41:43.234027Z"
"NC_000913.3","fork1",4601,3928045,-1.44,-1.5689622110986612,0.1723643870770019,238.237621445333,0.9930807772623409,47.636836615654786,-0.2192030584785433,0.001,0.9999999999992941,56467.4173542047,11.429413397676395,2301,"2026-10-04T10:41:43.235027Z"
"NC_000913.3","fork1",4603,3928046,-1.3,-1.197553383706671,0.23191074185089536,238.34465292506664,0.9930886881028892,47.6475663767307,-0.2525459133116724,0.001,0.9999999999992941,-4214.830855149129,11.434380540039482,2302,"2026-10-04T10:41:43.236026Z"
"NC_000913.3","fork1",4605,3928047,-1.28,-1.3896781421493287,0.19945914459223538,238.4439616482253,0.9930954847835857,47.65824058726526,-0.2341963007819017,0.001,0.9999999999992936,2699.7902872336063,11.439347682399138,2303,"2026-10-04T10:41:43.237026Z"
"NC_000913.3","fork1",4607,3928048,-1.3,-1.197553383706671,0.23191074185089536,238.55101697741804,0.9931033789256037,47.66896537065045,-0.2522872626807313,0.001,0.9999999999992935,-2291.694506814485,11.444314824756944,2304,"2026-10-04T10:41:43.238027Z"
"NC_000913.3","fork1",4609,3928049,-2.17,-2.077195418181337,0.11133314431997621,238.62933038482893,0.9931071654731218,47.67949086808703,-0.18452523841830887,0.001,0.999999999999293,17895.463859533505,11.449281967110517,2305,"2026-10-04T10:41:43.239026Z"
"NC_000913.3","fork1",4611,3928050,-1.44,-1.5689622110986612,0.1723643870770019,238.72220163577992,0.9931130236800061,47.69011368272213,-0.21872055069527513,0.001,0.9999999999992928,-5837.1636496586625,11.454249109465085,2306,"2026-10-04T10:41:43.240026Z"
"NC_000913.3","fork1",4613,3928051,-1.0,-0.9554055905546683,0.277799014514135,238.84023387146286,0.9931224549250052,47.70090599308774,-0.2777213408393626,0.001,0.9999999999992927,-6255.885638623331,11.459216251819424,2307,"2026-10-04T10:41:43.241027Z"
"NC_000913.3","fork1",4615,3928052,-1.0,-0.9554055905546683,0.277799014514135,238.95828361668646,0.9931318733438768,47.71169564298795,-0.27752191402231824,0.001,0.9999999999992926,21.174129093577736,11.464183394169211,2308,"2026-10-04T10:41:43.242027Z"
"NC_000913.3","fork1",4617,3928053,-1.45,1.6006567886666603,0.832110160392121,239.20865460667417,0.993160008392675,47.72338261367443,-0.5866507044513023,0.001,0.999999999999293,-10987.320215625306,11.469150536520118,2309,"2026-10-04T10:41:43.243026Z"
"NC_000913.3","fork1",4619,3928054,-1.3,1.4024466162933291,0.8025718425954855,239.45204862271194,0.9931870362549546,47.7350147184553,-0.5686513430297364,0.001,0.9999999999992936,665.9557916704152,11.474117678850654,2310,"2026-10-04T10:41:43.244026Z"
"NC_000913.3","fork1",4621,3928055,-1.44,1.3110377889013387,0.7876867636969223,239.69196003464924,0.9932134596996425,47.74661609335122,-0.5589195340501366,0.001,0.9999999999992943,368.30205503366653,11.47908482116181,2311,"2026-10-04T10:41:43.245027Z"
"NC_000913.3","fork1",4623,3928056,-1.28,-1.3896781421493287,0.19945914459223538,239.79145146891983,0.9932201345159006,47.75726621347811,-0.23172261852031156,0.001,0.9999999999992938,49019.61385528749,11.484051963448536,2312,"2026-10-04T10:41:43.246027Z"
"NC_000913.3","fork1",4625,3928057,-0.58,-0.40523812514667396,0.4000544771470622,239.9388721120451,0.9932335025233705,47.76823613580422,-0.34285667609520887,0.001,0.9999999999992945,-8313.434730296742,11.48901910573505,2313,"2026-10-04T10:41:43.247026Z"
"NC_000913.3","fork1",4627,3928058,-0.88,-1.11502459031999,0.24693533677668908,240.04973662796425,0.9932417409133512,47.77895735087199,-0.2576651187562162,0.001,0.9999999999992938,10340.801726922371,11.493986248012378,2314,"2026-10-04T10:41:43.248027Z"
"NC_000913.3","fork1",4629,3928059,-1.45,1.6006567886666603,0.832110160392121,240.3004671068685,0.9932694289435319,47.79061230619308,-0.5807983098628603,0.001,0.9999999999992939,-11670.501259843564,11.498953390291875,2315,"2026-10-04T10:41:43.249027Z"
"NC_000913.3","fork1",4631,3928060,-2.24,-2.2677208491146654,0.09383182322637987,240.3747920999819,0.9932725440710629,47.801083051954286,-0.1722063770992958,0.001,0.9999999999992939,131163.78982636734,11.503920532544356,2316,"2026-10-04T10:41:43.250027Z"
"NC_000913.3","fork1",4633,3928061,-1.28,-1.3896781421493287,0.19945914459223538,240.47437048336792,0.9932791611688594,47.8117202010357,-0.23057451102036436,0.001,0.9999999999992936,-8820.805694019009,11.50888767479876,2317,"2026-10-04T10:41:43.251027Z"
"NC_000913.3","fork1",4635,3928062,-1.45,1.6006567886666603,0.832110160392121,240.72525425567906,0.9933066969244561,47.823362393054545,-0.5789791927163725,0.001,0.9999999999992946,-12652.809924642885,11.51385481705718,2318,"2026-10-04T10:41:43.252027Z"
"NC_000913.3","fork1",4637,3928063,-2.24,-2.2677208491146654,0.09383182322637987,240.79961823220293,0.9933097949193319,47.83382611839967,-0.17165196102625996,0.001,0.9999999999992941,131480.9249248961,11.518821959288584,2319,"2026-10-04T10:41:43.253027Z"
"NC_000913.3","fork1",4639,3928064,-1.28,-1.3896781421493287,0.19945914459223538,240.89925194641202,0.9933163756238933,47.84445543229482,-0.22983921671795618,0.001,0.9999999999992939,-8842.101198876484,11.523789101521988,2320,"2026-10-04T10:41:43.254027Z"
"NC_000913.3","fork1",4641,3928065,-1.45,1.6006567886666603,0.832110160392121,241.15028891887883,0.9933437599309618,47.85608490109111,-0.5771638979271527,0.001,0.9999999999992945,-12683.347449339344,11.528756243759357,2321,"2026-10-04T10:41:43.255026Z"
"NC_000913.3","fork1",4643,3928066,-2.24,-2.2677208491146654,0.09383182322637987,241.224691859511,0.9933468408861289,47.86654161969356,-0.17109881033823998,0.001,0.9999999999992939,131798.4409266927,11.533723385969838,2322,"2026-10-04T10:41:43.256026Z"
"NC_000913.3","fork1",4645,3928067,-1.28,-1.3896781421493287,0.19945914459223538,241.3243808746674,0.9933533853948971,47.87716311583179,-0.2291055549764645,0.001,0.9999999999992938,-8863.422250981623,11.538690528182325,2323,"2026-10-04T10:41:43.257026Z"
"NC_000913.3","fork1",4647,3928068,-1.45,1.6006567886666603,0.832110160392121,241.57557095418568,0.9933806190751376,47.88877990133779,-0.575352430446444,0.001,0.9999999999992942,-12713.921600474225,11.54365767039875,2324,"2026-10-04T10:41:43.258027Z"
"NC_000913.3","fork1",4649,3928069,-2.24,-2.2677208491146654,0.09383182322637987,241.65001283964997,0.9933836830830528,47.89922962683247,-0.1705469257237409,0.001,0.9999999999992942,132116.33779373774,11.548624812588393,2325,"2026-10-04T10:41:43.259026Z"
"NC_000913.3","fork1",4651,3928070,-1.45,-1.2993432113333396,0.21427557416581033,241.75330652597262,0.9933906748103851,47.90986662730264,-0.23648471950419692,0.001,0.9999999999992939,-9430.830272181482,11.553591954780071,2326,"2026-10-04T10:41:43.260026Z"
"NC_000913.3","fork1",4653,3928071,-1.0,1.0445944094453317,0.7397355271799415,241.98251650749413,0.9934147557319608,47.921325916466124,-0.523221526943576,0.001,0.9999999999992938,-11907.21902142171,11.558559096974312,2327,"2026-10-04T10:41:43.261027Z"
"NC_000913.3","fork1",4655,3928072,-1.44,1.3110377889013387,0.7876867636969223,242.2232835457786,0.993440301821081,47.93285418506949,-0.5480168809441188,0.001,0.9999999999992947,-970.6125224834412,11.56352623915191,2328,"2026-10-04T10:41:43.262027Z"
"NC_000913.3","fork1",4657,3928073,-1.28,-1.3896781421493287,0.19945914459223538,242.32311479332392,0.9934467550016969,47.94345936253562,-0.22716709402784682,0.001,0.9999999999992943,49719.63532634959,11.568493381305476,2329,"2026-10-04T10:41:43.263026Z"
"NC_000913.3","fork1",4659,3928074,-1.45,1.6006567886666603,0.832110160392121,242.5746425209099,0.9934736086250467,47.95504718548373,-0.5704357559453977,0.001,0.9999999999992955,-12782.955113551767,11.57346052346306,2330,"2026-10-04T10:41:43.264027Z"
"NC_000913.3","fork1",4661,3928075,-2.24,-2.2677208491146654,0.09383182322637987,242.64919394411143,0.9934766298722124,47.96548273003736,-0.1691106782634233,0.001,0.999999999999295,132834.24217731622,11.578427665594035,2331,"2026-10-04T10:41:43.265027Z"
"NC_000913.3","fork1",4663,3928076,-1.84,-1.9014679697759975,0.1299424193591184,242.7324056023054,0.9934808115333681,47.97597216702281,-0.18869634678576516,0.001,0.9999999999992945,-4683.705301121529,11.58339480772629,2332,"2026-10-04T10:41:43.266027Z"
"NC_000913.3","fork1",4665,3928077,-2.17,-2.077195418181337,0.11133314431997621,242.81115475656722,0.9934843922134139,47.986430457308096,-0.17853904747497612,0.001,0.9999999999992942,2836.695594375099,11.58836194985833,2333,"2026-10-04T10:41:43.267026Z"
"NC_000913.3","fork1",4667,3928078,-2.24,-2.2677208491146654,0.09383182322637987,242.88570441518425,0.9934874085012826,47.99685935127065,-0.16899367400135037,0.001,0.9999999999992938,3164.6095761255765,11.593329091990649,2334,"2026-10-04T10:41:43.268027Z"
"NC_000913.3","fork1",4669,3928079,-1.45,-1.2993432113333396,0.21427557416581033,242.98916165311866,0.9934942913356527,48.00747294183345,-0.23436231459527312,0.001,0.9999999999992938,-9497.34325698097,11.598296234125053,2335,"2026-10-04T10:41:43.269027Z"
"NC_000913.3","fork1",4671,3928080,-0.88,-1.11502459031999,0.24693533677668908,243.10047049591958,0.9935022142855586,48.01813474412747,-0.25195476760555485,0.001,0.9999999999992938,-2220.4422871745137,11.60326337625736,2336,"2026-10-04T10:41:43.270027Z"
"NC_000913.3","fork1",4673,3928081,-0.58,-0.40523812514667396,0.4000544771470622,243.24856118679674,0.9935150297416929,48.02903102431906,-0.3347342047574561,0.001,0.9999999999992935,-6459.343802080464,11.608230518387865,2337,"2026-10-04T10:41:43.271027Z"
"NC_000913.3","fork1",4675,3928082,-0.88,-1.11502459031999,0.24693533677668908,243.35990637494035,0.9935229276000758,48.03968759341602,-0.25150700802968373,0.001,0.9999999999992937,10537.944933092762,11.613197660509279,2338,"2026-10-04T10:41:43.272027Z"
"NC_000913.3","fork1",4677,3928083,-1.3,-1.197553383706671,0.23191074185089536,243.46765648772646,0.9935303362174962,48.0503184677042,-0.243219354254405,0.001,0.9999999999992935,1118.6505261318418,11.618164802627275,2339,"2026-10-04T10:41:43.273026Z"
"NC_000913.3","fork1",4679,3928084,-2.17,-2.077195418181337,0.11133314431997621,243.54644711893445,0.9935338898730317,48.060760823068755,-0.17782181269582917,0.001,0.9999999999992929,18402.892712924786,11.623131944741322,2340,"2026-10-04T10:41:43.274027Z"
"NC_000913.3","fork1",4681,3928085,-1.84,1.7785320302240026,0.8555155067192858,243.80408710281023,0.9935611325435603,48.07234721311039,-0.5794287173769193,0.001,0.9999999999992938,-14741.833193631415,11.628099086862713,2341,"2026-10-04T10:41:43.275026Z"
"NC_000913.3","fork1",4683,3928086,-2.24,-2.2677208491146654,0.09383182322637987,243.87870957387852,0.9935641135359594,48.082757859607305,-0.16786286075353066,0.001,0.9999999999992932,138063.37001762676,11.633066228956848,2342,"2026-10-04T10:41:43.276026Z"
"NC_000913.3","fork1",4685,3928087,-1.84,-1.9014679697759975,0.1299424193591184,243.9620127104283,0.9935682394807186,48.09322179649445,-0.18733113062799955,0.001,0.9999999999992932,-4718.499885667906,11.63803337105234,2343,"2026-10-04T10:41:43.277026Z"
"NC_000913.3","fork1",4687,3928088,-1.45,-1.2993432113333396,0.21427557416581033,244.06559880600244,0.9935750374413009,48.103812992512765,-0.23278747329801266,0.001,0.999999999999293,-6686.761730879972,11.643000513148486,2344,"2026-10-04T10:41:43.278027Z"
"NC_000913.3","fork1",4689,3928089,-1.28,1.1703218578506713,0.7632031881188912,244.30123198598423,0.9935991923616525,48.1152426463545,-0.5279221868030347,0.001,0.999999999999293,-12218.409715676196,11.647967655247381,2345,"2026-10-04T10:41:43.279026Z"
"NC_000913.3","fork1",4691,3928090,-1.84,1.7785320302240026,0.8555155067192858,244.559141404829,0.9936261616682569,48.12680692652334,-0.5759931587851549,0.001,0.9999999999992939,-1782.4326256235304,11.652934797329555,2346,"2026-10-04T10:41:43.280026Z"
"NC_000913.3","fork1",4693,3928091,-1.44,-1.5689622110986612,0.1723643870770019,244.65273575768865,0.9936315816098344,48.13732561015846,-0.20900001324754292,0.001,0.9999999999992937,67711.64232804644,11.657901939385463,2347,"2026-10-04T10:41:43.281027Z"
"NC_000913.3","fork1",4695,3928092,-1.0,-0.9554055905546683,0.277799014514135,244.77171359524627,0.9936403072725936,48.14800240198529,-0.2654356628764443,0.001,0.9999999999992936,-6467.7780000107505,11.662869081441082,2348,"2026-10-04T10:41:43.282027Z"
"NC_000913.3","fork1",4697,3928093,-1.3,-1.197553383706671,0.23191074185089536,244.87966167248956,0.9936475824870159,48.158606893082286,-0.24066653068847954,0.001,0.9999999999992927,3404.5913632317584,11.667836223492245,2349,"2026-10-04T10:41:43.283026Z"
"NC_000913.3","fork1",4699,3928094,-1.45,-1.2993432113333396,0.21427557416581033,244.9833760304929,0.9936542971227007,48.169182177516895,-0.23108463935904297,0.001,0.9999999999992929,1427.0158172728989,11.672803365540295,2350,"2026-10-04T10:41:43.284027Z"
"NC_000913.3","fork1",4701,3928095,-1.28,1.1703218578506713,0.7632031881188912,245.2193062681793,0.9936781559588702,48.18058668468006,-0.5240709814371269,0.001,0.9999999999992937,-12279.993038910174,11.677770507591097,2351,"2026-10-04T10:41:43.285027Z"
"NC_000913.3","fork1",4703,3928096,-1.44,-1.5689622110986612,0.1723643870770019,245.31297433549395,0.9936835319685866,48.19109314378965,-0.20802917498798187,0.001,0.9999999999992935,58787.43215163504,11.682737649619062,2352,"2026-10-04T10:41:43.286027Z"
"NC_000913.3","fork1",4705,3928097,-1.45,1.6006567886666603,0.832110160392121,245.56561126127536,0.9937094214805476,48.2025925898044,-0.5591935491394117,0.001,0.9999999999992943,-13563.962684194801,11.68770479165188,2353,"2026-10-04T10:41:43.287026Z"
"NC_000913.3","fork1",4707,3928098,-1.44,-1.5689622110986612,0.1723643870770019,245.659326239408,0.9937147710706653,48.2130938458281,-0.2074029648827697,0.001,0.9999999999992937,65760.28752090759,11.692671933659364,2354,"2026-10-04T10:41:43.288027Z"
"NC_000913.3","fork1",4709,3928099,-1.45,1.6006567886666603,0.832110160392121,245.9120776145955,0.993740533348469,48.224583621351464,-0.5574831114788432,0.001,0.9999999999992945,-13588.866219960935,11.697639075671777,2355,"2026-10-04T10:41:43.289027Z"
"NC_000913.3","fork1",4711,3928100,-1.84,1.7785320302240026,0.8555155067192858,246.17054606535498,0.9937669108616864,48.23610161631074,-0.5682960837044065,0.001,0.9999999999992952,-409.9314494292897,11.702606217665087,2356,"2026-10-04T10:41:43.290027Z"
"NC_000913.3","fork1",4713,3928101,-1.3,1.4024466162933291,0.8025718425954855,246.41632363968398,0.9937915555724826,48.24753385726294,-0.5388209247311017,0.001,0.9999999999992955,1196.0034433823107,11.707573359638177,2357,"2026-10-04T10:41:43.291026Z"
"NC_000913.3","fork1",4715,3928102,-1.28,1.1703218578506713,0.7632031881188912,246.65267649330758,0.993814901550983,48.25890136980041,-0.5167279738946435,0.001,0.9999999999992961,946.3279012306044,11.712540501592548,2358,"2026-10-04T10:41:43.292026Z"
"NC_000913.3","fork1",4717,3928103,-1.44,-1.5689622110986612,0.1723643870770019,246.74655541929678,0.993820161997322,48.26938879572843,-0.2052079472723764,0.001,0.9999999999992958,59219.314587006644,11.717507643524462,2359,"2026-10-04T10:41:43.293026Z"
"NC_000913.3","fork1",4719,3928104,-0.58,-0.40523812514667396,0.4000544771470622,246.89538316566217,0.9938323542642958,48.28021090492818,-0.32484063507402905,0.001,0.9999999999992958,-9812.177510445561,11.722474785457276,2360,"2026-10-04T10:41:43.294027Z"
"NC_000913.3","fork1",4721,3928105,-0.88,-1.11502459031999,0.24693533677668908,247.00728481475983,0.993839868058474,48.29080377257913,-0.24407686431909645,0.001,0.9999999999992961,10748.733441414488,11.727441927381399,2361,"2026-10-04T10:41:43.295026Z"
"NC_000913.3","fork1",4723,3928106,-1.45,1.6006567886666603,0.832110160392121,247.26046482874122,0.9938651207467387,48.302256738386966,-0.5503847661834356,0.001,0.999999999999296,-12129.71461309863,11.732409069307591,2362,"2026-10-04T10:41:43.296026Z"
"NC_000913.3","fork1",4725,3928107,-1.84,1.7785320302240026,0.8555155067192858,247.51937017397583,0.9938909764737802,48.31373737319152,-0.5610541472090613,0.001,0.9999999999992967,-412.650590273485,11.737376211215055,2363,"2026-10-04T10:41:43.297027Z"
"NC_000913.3","fork1",4727,3928108,-2.24,-2.2677208491146654,0.09383182322637987,247.594399681879,0.9938938056973543,48.324096816238196,-0.16262637932203977,0.001,0.9999999999992967,140825.83346768,11.742343353096143,2364,"2026-10-04T10:41:43.298027Z"
"NC_000913.3","fork1",4729,3928109,-1.84,-1.9014679697759975,0.1299424193591184,247.67815051610418,0.9938977215798316,48.334507000794844,-0.18147219722210792,0.001,0.9999999999992963,-4812.661771495191,11.747310494978558,2365,"2026-10-04T10:41:43.299026Z"
"NC_000913.3","fork1",4731,3928110,-1.45,-1.2993432113333396,0.21427557416581033,247.78227923864753,0.993904173435415,48.34503845793909,-0.22547536895648201,0.001,0.9999999999992962,-6820.2350727144485,11.752277636861727,2366,"2026-10-04T10:41:43.300026Z"
"NC_000913.3","fork1",4733,3928111,-1.28,1.1703218578506713,0.7632031881188912,248.01907289645433,0.9939270985181865,48.35636933354854,-0.5111752783548456,0.001,0.9999999999992967,-12462.328369605582,11.757244778747628,2367,"2026-10-04T10:41:43.301027Z"
"NC_000913.3","fork1",4735,3928112,-2.24,-2.2677208491146654,0.09383182322637987,248.0941386242232,0.993929911115015,48.366719816199705,-0.1620752084164633,0.001,0.9999999999992963,124120.1961101514,11.76221192061054,2368,"2026-10-04T10:41:43.302027Z"
"NC_000913.3","fork1",4737,3928113,-1.28,-1.3896781421493287,0.19945914459223538,248.19473960106976,0.993935885576822,48.37722209427623,-0.2170726195734357,0.001,0.9999999999992961,-9205.416811441353,11.767179062475453,2369,"2026-10-04T10:41:43.303026Z"
"NC_000913.3","fork1",4739,3928114,-1.45,1.6006567886666603,0.832110160392121,248.44833349152663,0.9939607470451685,48.38864180072092,-0.5453519420975745,0.001,0.9999999999992968,-13204.341672396999,11.772146204344125,2370,"2026-10-04T10:41:43.304027Z"
"NC_000913.3","fork1",4741,3928115,-2.24,-2.2677208491146654,0.09383182322637987,248.52343782895326,0.9939635441527022,48.3989854963799,-0.161544624051935,0.001,0.9999999999992962,137215.78931845017,11.777113346187416,2371,"2026-10-04T10:41:43.305027Z"
"NC_000913.3","fork1",4743,3928116,-1.28,-1.3896781421493287,0.19945914459223538,248.62409358242175,0.9939694857121688,48.40948024047655,-0.2163684042716368,0.001,0.9999999999992962,-9227.170160870612,11.782080488032719,2372,"2026-10-04T10:41:43.306027Z"
"NC_000913.3","fork1",4745,3928117,-1.45,1.6006567886666603,0.832110160392121,248.87783903994637,0.9939942102600835,48.42088793092322,-0.5436110390657813,0.001,0.9999999999992969,-13235.535627315554,11.78704762988175,2373,"2026-10-04T10:41:43.307027Z"
"NC_000913.3","fork1",4747,3928118,-1.44,-1.5689622110986612,0.1723643870770019,248.97198822828952,0.9939993191245975,48.43133823949116,-0.20167137434317023,0.001,0.9999999999992967,66930.65822867843,11.792014771706242,2374,"2026-10-04T10:41:43.308027Z"
"NC_000913.3","fork1",4749,3928119,-1.0,-0.9554055905546683,0.277799014514135,249.0916663495195,0.9940075439719597,48.441938357323025,-0.25611578999256956,0.001,0.9999999999992965,-6619.5046852466585,11.796981913530637,2375,"2026-10-04T10:41:43.309027Z"
"NC_000913.3","fork1",4751,3928120,-1.3,-1.197553383706671,0.23191074185089536,249.2002512996795,0.9940144016140853,48.45246985418359,-0.23221812828407848,0.001,0.9999999999992965,3484.821935993677,11.801949055350669,2376,"2026-10-04T10:41:43.310027Z"
"NC_000913.3","fork1",4753,3928121,-2.17,-2.077195418181337,0.11133314431997621,249.27964851684615,0.9940176909832615,48.4628253784079,-0.16976924531095905,0.001,0.9999999999992958,18985.063587199787,11.806916197167011,2377,"2026-10-04T10:41:43.311026Z"
"NC_000913.3","fork1",4755,3928122,-2.24,-2.2677208491146654,0.09383182322637987,249.35480685278978,0.9940204618756123,48.47315354262907,-0.16068143019827139,0.001,0.9999999999992959,3279.7431160029846,11.81188333898378,2378,"2026-10-04T10:41:43.312026Z"
"NC_000913.3","fork1",4757,3928123,-2.17,-2.077195418181337,0.11133314431997621,249.43420380775356,0.9940237479344116,48.48350474769316,-0.16970299970446195,0.001,0.9999999999992953,-2745.4072057809185,11.8168504808018,2379,"2026-10-04T10:41:43.313026Z"
"NC_000913.3","fork1",4759,3928124,-1.3,1.4024466162933291,0.8025718425954855,249.68110426271687,0.9940473832322531,48.494846611564164,-0.525991896952541,0.001,0.9999999999992963,-15074.440763906678,11.821817622626385,2380,"2026-10-04T10:41:43.314027Z"
"NC_000913.3","fork1",4761,3928125,-1.28,1.1703218578506713,0.7632031881188912,249.91853347029775,0.9940697729475082,48.50612604133945,-0.5044123915907308,0.001,0.9999999999992967,963.8133007007275,11.826784764432809,2381,"2026-10-04T10:41:43.315026Z"
"NC_000913.3","fork1",4763,3928126,-1.3,1.4024466162933291,0.8025718425954855,250.1655732932038,0.9940932273040551,48.51745575102623,-0.5232733985263478,0.001,0.999999999999297,-804.1579353444323,11.831751906222644,2382,"2026-10-04T10:41:43.316026Z"
"NC_000913.3","fork1",4765,3928127,-1.28,1.1703218578506713,0.7632031881188912,250.40313782456616,0.9941154456057174,48.52872346487999,-0.501807332372678,0.001,0.9999999999992973,966.1434289607876,11.836719047994341,2383,"2026-10-04T10:41:43.317027Z"
"NC_000913.3","fork1",4767,3928128,-2.24,-2.2677208491146654,0.09383182322637987,250.4784285229517,0.9941181714878975,48.53903776534543,-0.15906331517964672,0.001,0.9999999999992971,125736.91544583628,11.841686189743488,2384,"2026-10-04T10:41:43.318027Z"
"NC_000913.3","fork1",4769,3928129,-2.17,-2.077195418181337,0.11133314431997621,250.5579631773418,0.9941214041678782,48.54937473650742,-0.16798937932214952,0.001,0.9999999999992968,-2761.196343525152,11.84665333149386,2385,"2026-10-04T10:41:43.319026Z"
"NC_000913.3","fork1",4771,3928130,-1.44,-1.5689622110986612,0.1723643870770019,250.65230606014276,0.9941264054734117,48.55979603078784,-0.19916699574329733,0.001,0.9999999999992966,-6233.895572338655,11.851620473245395,2386,"2026-10-04T10:41:43.320027Z"
"NC_000913.3","fork1",4773,3928131,-1.3,-1.197553383706671,0.23191074185089536,250.76110613139863,0.994133127895744,48.57029938270257,-0.22951902085476444,0.001,0.9999999999992965,-4515.042883486216,11.856587614996347,2387,"2026-10-04T10:41:43.321027Z"
"NC_000913.3","fork1",4775,3928132,-1.84,-1.9014679697759975,0.1299424193591184,250.8451679931068,0.9941368912070545,48.58065613911353,-0.17728789674293868,0.001,0.9999999999992968,13879.033596436426,11.86155475674393,2388,"2026-10-04T10:41:43.322027Z"
"NC_000913.3","fork1",4777,3928133,-1.84,-1.9014679697759975,0.1299424193591184,250.92923206575014,0.9941406521186128,48.591010725461594,-0.17723889102632862,0.001,0.999999999999296,13.03027626427765,11.866521898491563,2389,"2026-10-04T10:41:43.323026Z"
"NC_000913.3","fork1",4779,3928134,-1.28,-1.3896781421493287,0.19945914459223538,251.0301792208057,0.9941464203809625,48.60146139397778,-0.21270471314700795,0.001,0.9999999999992962,-6148.441241195508,11.8714890402399,2390,"2026-10-04T10:41:43.324027Z"
"NC_000913.3","fork1",4781,3928135,-1.0,-0.9554055905546683,0.277799014514135,251.1501630425353,0.9941544447893645,48.61202037299474,-0.25258306314368245,0.001,0.999999999999296,-4969.631155152992,11.876456181987132,2391,"2026-10-04T10:41:43.325027Z"
"NC_000913.3","fork1",4783,3928136,-1.3,-1.197553383706671,0.23191074185089536,251.25901630938398,0.9941611353087385,48.62251215298292,-0.22899532332969896,0.001,0.9999999999992955,3525.5468963701264,11.881423323730239,2392,"2026-10-04T10:41:43.326027Z"
"NC_000913.3","fork1",4785,3928137,-1.28,-1.3896781421493287,0.19945914459223538,251.35999692808088,0.9941668835246326,48.63295584983342,-0.21231438767057892,0.001,0.9999999999992959,2901.9326981749746,11.886390465470427,2393,"2026-10-04T10:41:43.327027Z"
"NC_000913.3","fork1",4787,3928138,-1.3,-1.197553383706671,0.23191074185089536,251.46887369609283,0.9941735598907122,48.64344295359484,-0.22875116173106103,0.001,0.9999999999992955,-2461.934211574,11.891357607209208,2394,"2026-10-04T10:41:43.328027Z"
"NC_000913.3","fork1",4789,3928139,-1.28,-1.3896781421493287,0.19945914459223538,251.56987452091747,0.9941792959465321,48.65388205479385,-0.21208460112638872,0.001,0.9999999999992952,2905.5785243409982,11.896324748945023,2395,"2026-10-04T10:41:43.329026Z"
"NC_000913.3","fork1",4791,3928140,-1.45,1.6006567886666603,0.832110160392121,251.8247051018047,0.9942031653086971,48.66520675050746,-0.5332948287722217,0.001,0.9999999999992957,-13457.009258354885,11.901291890684575,2396,"2026-10-04T10:41:43.330027Z"
"NC_000913.3","fork1",4793,3928141,-2.24,-2.2677208491146654,0.09383182322637987,251.90006938025232,0.9942058507936103,48.67549267956019,-0.15774954955029424,0.001,0.9999999999992959,139842.632283203,11.906259032399408,2397,"2026-10-04T10:41:43.331026Z"
"NC_000913.3","fork1",4795,3928142,-1.28,-1.3896781421493287,0.19945914459223538,252.00112477794755,0.9942115552445421,48.68592438098826,-0.21139180430386884,0.001,0.9999999999992955,-9403.578958876373,11.911226174116095,2398,"2026-10-04T10:41:43.332026Z"
"NC_000913.3","fork1",4797,3928143,-1.45,1.6006567886666603,0.832110160392121,252.25610619597558,0.9942352930858469,48.697237341826145,-0.5315796048037482,0.001,0.9999999999992959,-13488.496969383941,11.916193315836546,2399,"2026-10-04T10:41:43.333026Z"
"NC_000913.3","fork1",4799,3928144,-1.44,-1.5689622110986612,0.1723643870770019,252.35061900451583,0.9942401980600205,48.70762606250069,-0.19700863659907233,0.001,0.9999999999992956,68210.54634807975,11.921160457532947,2400,"2026-10-04T10:41:43.334027Z"
"NC_000913.3","fork1",4801,3928145,-0.58,-0.40523812514667396,0.4000544771470622,252.50055581229057,0.9942515664267687,48.718329472445525,-0.31207520918535425,0.001,0.9999999999992957,-10121.645011541465,11.926127599230346,2401,"2026-10-04T10:41:43.335026Z"
"NC_000913.3","fork1",4803,3928146,-1.0,1.0445944094453317,0.7397355271799415,252.7332143872189,0.9942725287944304,48.72950120106743,-0.48285986452836116,0.001,0.9999999999992962,-8147.2025536079545,11.931094740923593,2402,"2026-10-04T10:41:43.336026Z"
"NC_000913.3","fork1",4805,3928147,-0.88,-1.11502459031999,0.24693533677668908,252.84594443135364,0.9942795094283546,48.73998586226276,-0.23383683518444282,0.001,0.9999999999992959,35673.41190594888,11.93606188259678,2403,"2026-10-04T10:41:43.337027Z"
"NC_000913.3","fork1",4807,3928148,-0.58,-0.40523812514667396,0.4000544771470622,252.99597948263454,0.9942908006501245,48.75067990437718,-0.3107692345724991,0.001,0.9999999999992963,-6813.469875608181,11.941029024268294,2404,"2026-10-04T10:41:43.338027Z"
"NC_000913.3","fork1",4809,3928149,-1.0,1.0445944094453317,0.7397355271799415,253.22878790504723,0.994311620763937,48.761839367898006,-0.4808332071859345,0.001,0.9999999999992965,-8168.253744696222,11.94599616593576,2405,"2026-10-04T10:41:43.339026Z"
"NC_000913.3","fork1",4811,3928150,-0.88,-1.11502459031999,0.24693533677668908,253.3415928774217,0.9943185540248765,48.7723159909516,-0.23285994046613187,0.001,0.9999999999992968,35765.74845291152,11.950963307583264,2406,"2026-10-04T10:41:43.340027Z"
"NC_000913.3","fork1",4813,3928151,-1.0,-0.9554055905546683,0.277799014514135,253.4619332029168,0.9943263438097235,48.7828326707158,-0.2481903946621636,0.001,0.9999999999992969,-1968.0202338097442,11.955930449228022,2407,"2026-10-04T10:41:43.341027Z"
"NC_000913.3","fork1",4815,3928152,-1.0,-0.9554055905546683,0.277799014514135,253.58229071669868,0.9943341229749195,48.79334688312552,-0.24800516995158434,0.001,0.9999999999992962,23.810358298381306,11.960897590869221,2408,"2026-10-04T10:41:43.342027Z"
"NC_000913.3","fork1",4817,3928153,-0.58,-0.40523812514667396,0.4000544771470622,253.73247069693483,0.9943453070124176,48.80402626519889,-0.3090136315708642,0.001,0.9999999999992963,-5454.958607709657,11.965864732507628,2409,"2026-10-04T10:41:43.343027Z"
"NC_000913.3","fork1",4819,3928154,-0.88,-1.11502459031999,0.24693533677668908,253.84534279270133,0.9943521994482082,48.81449309248283,-0.2320871683706207,0.001,0.9999999999992967,11160.998163480193,11.97083187413783,2410,"2026-10-04T10:41:43.344027Z"
"NC_000913.3","fork1",4821,3928155,-1.3,-1.197553383706671,0.23191074185089536,253.95456450453028,0.9943586649122202,48.8249369940853,-0.22442381509380332,0.001,0.9999999999992965,1185.2750649482448,11.975799015764993,2411,"2026-10-04T10:41:43.345027Z"
"NC_000913.3","fork1",4823,3928156,-2.17,-2.077195418181337,0.11133314431997621,254.03438423113892,0.9943617661655599,48.83521370559337,-0.16398160242486545,0.001,0.9999999999992959,19489.608248199514,11.980766157388619,2412,"2026-10-04T10:41:43.346027Z"
"NC_000913.3","fork1",4825,3928157,-2.24,-2.2677208491146654,0.09383182322637987,254.10993402458402,0.9943643785923457,48.845464369648106,-0.1551854514055776,0.001,0.999999999999296,3367.0421185182645,11.985733299012779,2413,"2026-10-04T10:41:43.347026Z"
"NC_000913.3","fork1",4827,3928158,-1.84,-1.9014679697759975,0.1299424193591184,254.19429511257343,0.9943679944080122,48.85576228814221,-0.17322839696258077,0.001,0.9999999999992958,-4990.007019575004,11.990700440638433,2414,"2026-10-04T10:41:43.348026Z"
"NC_000913.3","fork1",4829,3928159,-2.17,-2.077195418181337,0.11133314431997621,254.27411593617757,0.9943710905616115,48.866032646951275,-0.16386871843233794,0.001,0.9999999999992952,3023.0020022531357,11.995667582263916,2415,"2026-10-04T10:41:43.349026Z"
"NC_000913.3","fork1",4831,3928160,-2.24,-2.2677208491146654,0.09383182322637987,254.3496641828068,0.9943736986924647,48.87627698664092,-0.15507327012235048,0.001,0.9999999999992949,3372.3186470014257,12.000634723890023,2416,"2026-10-04T10:41:43.350027Z"
"NC_000913.3","fork1",4833,3928161,-1.84,-1.9014679697759975,0.1299424193591184,254.43402920920332,0.9943773085621663,48.88656853403855,-0.1731147457679232,0.001,0.9999999999992948,-4997.819072958791,12.005601865517395,2417,"2026-10-04T10:41:43.351026Z"
"NC_000913.3","fork1",4835,3928162,-1.45,-1.2993432113333396,0.21427557416581033,254.538994854192,0.9943832562225037,48.896973018249646,-0.21523992136877715,0.001,0.9999999999992946,-7082.646488122707,12.010569007145586,2418,"2026-10-04T10:41:43.352026Z"
"NC_000913.3","fork1",4837,3928163,-1.28,1.1703218578506713,0.7632031881188912,254.7780745854593,0.9944043897223211,48.908122415622785,-0.4887455040179397,0.001,0.9999999999992953,-12941.80258884746,12.015536148776416,2419,"2026-10-04T10:41:43.353027Z"
"NC_000913.3","fork1",4839,3928164,-2.24,-2.2677208491146654,0.09383182322637987,254.85365891047886,0.9944069825109355,48.918358079505595,-0.15454032568992315,0.001,0.9999999999992949,128897.96587216218,12.02050329038533,2420,"2026-10-04T10:41:43.354027Z"
"NC_000913.3","fork1",4841,3928165,-2.17,-2.077195418181337,0.11133314431997621,254.93351917980974,0.9944100573516027,48.92861542634434,-0.16324341142855506,0.001,0.9999999999992948,-2830.41844459965,12.02547043199538,2421,"2026-10-04T10:41:43.355026Z"
"NC_000913.3","fork1",4843,3928166,-1.44,-1.5689622110986612,0.1723643870770019,255.02829902427666,0.9944148144607133,48.93895353877877,-0.19364288013437897,0.001,0.9999999999992945,-6390.324039002246,12.030437573606623,2422,"2026-10-04T10:41:43.356026Z"
"NC_000913.3","fork1",4845,3928167,-1.3,-1.197553383706671,0.23191074185089536,255.1376446272051,0.9944212086467493,48.94937024486535,-0.22323673728706966,0.001,0.9999999999992947,-4628.244625061419,12.035404715217412,2423,"2026-10-04T10:41:43.357027Z"
"NC_000913.3","fork1",4847,3928168,-1.28,-1.3896781421493287,0.19945914459223538,255.23906663484397,0.9944267022623067,48.959740658071276,-0.20694293911157136,0.001,0.9999999999992942,2965.9516588665165,12.040371856825345,2424,"2026-10-04T10:41:43.358027Z"
"NC_000913.3","fork1",4849,3928169,-1.45,1.6006567886666603,0.832110160392121,255.4952464654451,0.9944495627325458,48.9709643099425,-0.5209441454203294,0.001,0.9999999999992945,-13735.553250832278,12.045338998437014,2425,"2026-10-04T10:41:43.359026Z"
"NC_000913.3","fork1",4851,3928170,-1.3,1.4024466162933291,0.8025718425954855,255.74427270590866,0.9944715233545324,48.98214202305916,-0.50490377426641,0.001,0.9999999999992953,730.4151568992696,12.050306140030212,2426,"2026-10-04T10:41:43.360027Z"
"NC_000913.3","fork1",4853,3928171,-1.28,1.1703218578506713,0.7632031881188912,255.98373534424354,0.9944923265808885,48.99326108331768,-0.48415883324823805,0.001,0.999999999999296,997.1982548790974,12.055273281605933,2427,"2026-10-04T10:41:43.361027Z"
"NC_000913.3","fork1",4855,3928172,-2.24,-2.2677208491146654,0.09383182322637987,256.05943234269404,0.9944948788485526,49.00347918383922,-0.1530727714117588,0.001,0.9999999999992953,129722.31184575088,12.060240423159984,2428,"2026-10-04T10:41:43.362027Z"
"NC_000913.3","fork1",4857,3928173,-1.45,-1.2993432113333396,0.21427557416581033,256.16461317354697,0.9945007028313044,49.013856502597044,-0.21254520219900297,0.001,0.9999999999992957,-10211.642671581072,12.065207564716077,2429,"2026-10-04T10:41:43.363027Z"
"NC_000913.3","fork1",4859,3928174,-1.28,1.1703218578506713,0.7632031881188912,256.40421263154815,0.9945213968624609,49.024964875128475,-0.48268442466247374,0.001,0.9999999999992965,-13053.968094525628,12.07017470627473,2430,"2026-10-04T10:41:43.364027Z"
"NC_000913.3","fork1",4861,3928175,-1.84,1.7785320302240026,0.8555155067192858,256.6664859563132,0.9945445018665631,49.036190464144624,-0.5266610243542098,0.001,0.9999999999992966,-1903.3365887857512,12.075141847817994,2431,"2026-10-04T10:41:43.365027Z"
"NC_000913.3","fork1",4863,3928176,-2.24,-2.2677208491146654,0.09383182322637987,256.7422555193658,0.9945470300886609,49.04639970670958,-0.15218075917305351,0.001,0.9999999999992963,148120.00318684708,12.080108989336498,2432,"2026-10-04T10:41:43.366027Z"
"NC_000913.3","fork1",4865,3928177,-2.17,-2.077195418181337,0.11133314431997621,256.8223116180483,0.994550028358157,49.0566301125154,-0.16075092246256095,0.001,0.9999999999992959,-2858.369903234754,12.08507613085631,2433,"2026-10-04T10:41:43.367026Z"
"NC_000913.3","fork1",4867,3928178,-1.84,1.7785320302240026,0.8555155067192858,257.0847350566741,0.9945730132730844,49.067844550668596,-0.5250780179763501,0.001,0.9999999999992966,-15850.70454528234,12.090043272382808,2434,"2026-10-04T10:41:43.368026Z"
"NC_000913.3","fork1",4869,3928179,-2.24,-2.2677208491146654,0.09383182322637987,257.1605396477423,0.9945755283543087,49.078047295139406,-0.151706542245768,0.001,0.9999999999992959,148453.04880227448,12.095010413884847,2435,"2026-10-04T10:41:43.369026Z"
"NC_000913.3","fork1",4871,3928180,-1.28,-1.3896781421493287,0.19945914459223538,257.26223817004797,0.9945808708344092,49.08838756858434,-0.20339813941021556,0.001,0.9999999999992959,-9675.580665308107,12.099977555388739,2436,"2026-10-04T10:41:43.370027Z"
"NC_000913.3","fork1",4873,3928181,-1.0,-0.9554055905546683,0.277799014514135,257.3831554754712,0.994588302916285,49.09882903645674,-0.24161037056757267,0.001,0.9999999999992965,-5141.52451437778,12.104944696891604,2437,"2026-10-04T10:41:43.371026Z"
"NC_000913.3","fork1",4875,3928182,-1.3,-1.197553383706671,0.23191074185089536,257.4928354268835,0.994594499564145,49.10920758773293,-0.2190051012714198,0.001,0.9999999999992963,3647.9835237795855,12.109911838390609,2438,"2026-10-04T10:41:43.372026Z"
"NC_000913.3","fork1",4877,3928183,-2.17,-2.077195418181337,0.11133314431997621,257.5729491791849,0.9945974718747335,49.119424962614225,-0.15994007069009786,0.001,0.9999999999992957,19871.755936664882,12.114878979886232,2439,"2026-10-04T10:41:43.373027Z"
"NC_000913.3","fork1",4879,3928184,-2.24,-2.2677208491146654,0.09383182322637987,257.64876920302925,0.994599975682414,49.12961719127992,-0.15134410708956494,0.001,0.9999999999992953,3433.156494969127,12.119846121382349,2440,"2026-10-04T10:41:43.374027Z"
"NC_000913.3","fork1",4881,3928185,-1.45,-1.2993432113333396,0.21427557416581033,257.7541458195651,0.99460568908411,49.139965980823234,-0.2101940879528721,0.001,0.9999999999992955,-10300.34014670999,12.124813262880586,2441,"2026-10-04T10:41:43.375026Z"
"NC_000913.3","fork1",4883,3928186,-0.88,-1.11502459031999,0.24693533677668908,257.86754980411223,0.9946122658630575,49.150355488996084,-0.22602775898309546,0.001,0.9999999999992953,-2407.5115123206906,12.12978040437709,2442,"2026-10-04T10:41:43.376027Z"
"NC_000913.3","fork1",4885,3928187,-1.3,-1.197553383706671,0.23191074185089536,257.9772791184701,0.9946184352206824,49.16072293243903,-0.218549191121228,0.001,0.9999999999992955,1212.2117595702882,12.134747545870631,2443,"2026-10-04T10:41:43.377027Z"
"NC_000913.3","fork1",4887,3928188,-1.84,-1.9014679697759975,0.1299424193591184,258.0619816193291,0.9946218889151879,49.17095418895508,-0.16865908153317072,0.001,0.9999999999992947,14445.432133234663,12.139714687361069,2444,"2026-10-04T10:41:43.378027Z"
"NC_000913.3","fork1",4889,3928189,-1.84,-1.9014679697759975,0.1299424193591184,258.14668637506094,0.9946253404052133,49.18118334832279,-0.1686112477922834,0.001,0.9999999999992946,13.858866905186074,12.144681828851587,2445,"2026-10-04T10:41:43.379026Z"
"NC_000913.3","fork1",4891,3928190,-2.17,-2.077195418181337,0.11133314431997621,258.22682183055394,0.9946282958490071,49.19138598799391,-0.1594794315903429,0.001,0.999999999999295,3089.829087962465,12.149648970342149,2446,"2026-10-04T10:41:43.380027Z"
"NC_000913.3","fork1",4893,3928191,-1.84,1.7785320302240026,0.8555155067192858,258.4898110151102,0.9946509524510148,49.202561182933586,-0.5215292866179585,0.001,0.9999999999992953,-15979.88325459597,12.154616111839388,2447,"2026-10-04T10:41:43.381027Z"
"NC_000913.3","fork1",4895,3928192,-1.44,-1.5689622110986612,0.1723643870770019,258.58498368978246,0.9946555056572742,49.21283908364643,-0.18870684018660094,0.001,0.999999999999295,73096.28149152591,12.1595832533128,2448,"2026-10-04T10:41:43.382027Z"
"NC_000913.3","fork1",4897,3928193,-0.58,-0.40523812514667396,0.4000544771470622,258.7361315594511,0.9946660587113209,49.223411937199685,-0.2992468554481146,0.001,0.999999999999295,-10474.694318169268,12.164550394787195,2449,"2026-10-04T10:41:43.383027Z"
"NC_000913.3","fork1",4899,3928194,-0.88,-1.11502459031999,0.24693533677668908,258.8496627791655,0.9946725622814688,49.23378251489986,-0.22461485986525478,0.001,0.999999999999295,11475.542492010009,12.169517536253666,2450,"2026-10-04T10:41:43.384026Z"
"NC_000913.3","fork1",4901,3928195,-1.3,-1.197553383706671,0.23191074185089536,258.95951328293353,0.9946786629645913,49.244131227668205,-0.21717895639837068,0.001,0.9999999999992948,1218.8640710599836,12.174484677717233,2451,"2026-10-04T10:41:43.385026Z"
"NC_000913.3","fork1",4903,3928196,-1.45,-1.2993432113333396,0.21427557416581033,259.0650387091027,0.9946842935575336,49.25445473680247,-0.20849525161601407,0.001,0.9999999999992947,1542.2362922131033,12.179451819178327,2452,"2026-10-04T10:41:43.386027Z"
"NC_000913.3","fork1",4905,3928197,-1.0,1.0445944094453317,0.7397355271799415,259.2998440183778,0.9947036863385337,49.2654579155149,-0.4625431145808173,0.001,0.9999999999992957,-13100.125400485698,12.18441896064158,2453,"2026-10-04T10:41:43.387026Z"
"NC_000913.3","fork1",4907,3928198,-1.0,1.0445944094453317,0.7397355271799415,259.53471274246925,0.9947230087460502,49.276455952801506,-0.4614067377279114,0.001,0.999999999999296,58.81134904807987,12.189386102089578,2454,"2026-10-04T10:41:43.388026Z"
"NC_000913.3","fork1",4909,3928199,-1.28,1.1703218578506713,0.7632031881188912,259.7754205312667,0.9947428706550787,49.28747906543122,-0.4715391179255787,0.001,0.9999999999992962,-510.1413053066426,12.194353243522645,2455,"2026-10-04T10:41:43.389027Z"
"NC_000913.3","fork1",4911,3928200,-2.24,-2.2677208491146654,0.09383182322637987,259.8514203731872,0.9947453074335442,49.29763698733808,-0.14890413289832674,0.001,0.9999999999992965,132402.2637270114,12.199320384934518,2456,"2026-10-04T10:41:43.390027Z"
"NC_000913.3","fork1",4913,3928201,-2.17,-2.077195418181337,0.11133314431997621,259.9317278837061,0.9947481972576119,49.30781537162899,-0.1573051874560792,0.001,0.9999999999992962,-2907.1162676048307,12.204287526347787,2457,"2026-10-04T10:41:43.391026Z"
"NC_000913.3","fork1",4915,3928202,-2.24,-2.2677208491146654,0.09383182322637987,260.007725875323,0.9947506315801261,49.317969189527844,-0.1488399248067622,0.001,0.9999999999992955,3477.461429133477,12.20925466776151,2458,"2026-10-04T10:41:43.392026Z"
"NC_000913.3","fork1",4917,3928203,-1.84,-1.9014679697759975,0.1299424193591184,260.0926169868236,0.9947540008832405,49.328167379474124,-0.16620199728977872,0.001,0.9999999999992951,-5153.015888901369,12.21422180917663,2459,"2026-10-04T10:41:43.393027Z"
"NC_000913.3","fork1",4919,3928204,-1.45,-1.2993432113333396,0.21427557416581033,260.1982868630752,0.9947595521798943,49.338471820213314,-0.2067409040123195,0.001,0.9999999999992953,-7302.601401197542,12.219188950592711,2460,"2026-10-04T10:41:43.394027Z"
"NC_000913.3","fork1",4921,3928205,-1.28,1.1703218578506713,0.7632031881188912,260.4392299524121,0.994779277266081,49.34947746785401,-0.4699466746463629,0.001,0.9999999999992958,-13343.70700049583,12.22415609201119,2461,"2026-10-04T10:41:43.395026Z"
"NC_000913.3","fork1",4923,3928206,-1.3,1.4024466162933291,0.8025718425954855,260.6899415990408,0.9947999401752078,49.36052800902957,-0.48753436894087465,0.001,0.9999999999992963,-851.1722229698714,12.229123233414148,2462,"2026-10-04T10:41:43.396027Z"
"NC_000913.3","fork1",4925,3928207,-0.88,-1.11502459031999,0.24693533677668908,260.8037515568187,0.9948062813586729,49.37086617012834,-0.22120175731381686,0.001,0.9999999999992962,42000.45828873878,12.234090374796157,2463,"2026-10-04T10:41:43.397027Z"
"NC_000913.3","fork1",4927,3928208,-0.58,-0.40523812514667396,0.4000544771470622,260.95532890704146,0.994816538247718,49.38139679302936,-0.29417722752120407,0.001,0.9999999999992962,-7114.776213966979,12.239057516176558,2464,"2026-10-04T10:41:43.398027Z"
"NC_000913.3","fork1",4929,3928209,-0.88,-1.11502459031999,0.24693533677668908,261.06917445732466,0.994822859296093,49.391730181405585,-0.22079284015065564,0.001,0.9999999999992961,11609.527884665247,12.24402465754938,2465,"2026-10-04T10:41:43.399027Z"
"NC_000913.3","fork1",4931,3928210,-1.45,1.6006567886666603,0.832110160392121,261.32737463641104,0.9948441032403049,49.402802711444465,-0.49906522436389456,0.001,0.9999999999992966,-13098.903924706732,12.248991798924006,2466,"2026-10-04T10:41:43.400027Z"
"NC_000913.3","fork1",4933,3928211,-1.3,1.4024466162933291,0.8025718425954855,261.57835983275936,0.9948645109015996,49.41383210144072,-0.48368042796229344,0.001,0.9999999999992977,753.8735663772138,12.253958940281018,2467,"2026-10-04T10:41:43.401027Z"
"NC_000913.3","fork1",4935,3928212,-0.88,-1.11502459031999,0.24693533677668908,261.69230430739356,0.9948707737506471,49.424157179573385,-0.21947269653798634,0.001,0.9999999999992972,42186.50799607152,12.258926081617282,2468,"2026-10-04T10:41:43.402027Z"
"NC_000913.3","fork1",4937,3928213,-1.3,-1.197553383706671,0.23191074185089536,261.8025544732299,0.9948766486222329,49.43446107716393,-0.21220588783740593,0.001,0.9999999999992972,1236.9306451205387,12.263893222950657,2469,"2026-10-04T10:41:43.403026Z"
"NC_000913.3","fork1",4939,3928214,-2.17,-2.077195418181337,0.11133314431997621,261.8830510055851,0.994879466586883,49.44461114159294,-0.15490898192505764,0.001,0.9999999999992967,20332.726995322013,12.26886036428086,2470,"2026-10-04T10:41:43.404026Z"
"NC_000913.3","fork1",4941,3928215,-1.3,1.4024466162933291,0.8025718425954855,262.1342233421536,0.9948997349933824,49.45562667497354,-0.481759978944145,0.001,0.9999999999992975,-16126.131920094012,12.27382750561708,2471,"2026-10-04T10:41:43.405026Z"
"NC_000913.3","fork1",4943,3928216,-1.0,1.0445944094453317,0.7397355271799415,262.3699469372862,0.9949183458154889,49.466558178161435,-0.45090583798823153,0.001,0.999999999999298,1657.8601836776268,12.278794646936422,2472,"2026-10-04T10:41:43.406027Z"
"NC_000913.3","fork1",4945,3928217,-1.0,1.0445944094453317,0.7397355271799415,262.6057337006704,0.9949368890724718,49.477484671990446,-0.44979320728448535,0.001,0.9999999999992985,60.001902835688085,12.283761788240785,2473,"2026-10-04T10:41:43.407026Z"
"NC_000913.3","fork1",4947,3928218,-1.0,1.0445944094453317,0.7397355271799415,262.8415836164331,0.9949553650071029,49.48840616761204,-0.4486829445387309,0.001,0.9999999999992986,60.09237247921444,12.28872892953027,2474,"2026-10-04T10:41:43.408026Z"
"NC_000913.3","fork1",4949,3928219,-0.88,-1.11502459031999,0.24693533677668908,262.955719743744,0.9949615176185834,49.49871294162467,-0.21701503737813665,0.001,0.9999999999992989,37653.58951955569,12.293696070801243,2475,"2026-10-04T10:41:43.409027Z"
"NC_000913.3","fork1",4951,3928220,-1.45,1.6006567886666603,0.832110160392121,263.2145028247393,0.9949821954603417,49.509740579266015,-0.4903796313021713,0.001,0.9999999999992994,-13220.170514861627,12.29866321207408,2476,"2026-10-04T10:41:43.410027Z"
"NC_000913.3","fork1",4953,3928221,-2.24,-2.2677208491146654,0.09383182322637987,263.29084697588684,0.9949845218665679,49.51985328107101,-0.1446939927332163,0.001,0.9999999999992991,148592.12233591182,12.30363035332424,2477,"2026-10-04T10:41:43.411026Z"
"NC_000913.3","fork1",4955,3928222,-2.17,-2.077195418181337,0.11133314431997621,263.37151717283365,0.9949872807973282,49.52998554252079,-0.15285492196817807,0.001,0.9999999999992994,-2958.004366188887,12.30859749457567,2478,"2026-10-04T10:41:43.412026Z"
"NC_000913.3","fork1",4957,3928223,-2.24,-2.2677208491146654,0.09383182322637987,263.44785947335976,0.9949896048577105,49.540094191063275,-0.14463079699007772,0.001,0.9999999999992987,3538.68816873363,12.313564635827717,2479,"2026-10-04T10:41:43.413027Z"
"NC_000913.3","fork1",4959,3928224,-1.45,-1.2993432113333396,0.21427557416581033,263.5539935829639,0.9949949080935458,49.550349231280016,-0.20092894218515195,0.001,0.9999999999992988,-10615.810222819848,12.318531777081905,2480,"2026-10-04T10:41:43.414027Z"
"NC_000913.3","fork1",4961,3928225,-0.88,-1.11502459031999,0.24693533677668908,263.6682187536055,0.9950010127192231,49.560642280430685,-0.21607443255534306,0.001,0.9999999999992986,-2480.985922940872,12.323498918334556,2481,"2026-10-04T10:41:43.415026Z"
"NC_000913.3","fork1",4963,3928226,-1.45,1.6006567886666603,0.832110160392121,263.9272660072771,0.9950215292848263,49.5716514304976,-0.48837083907795786,0.001,0.9999999999992994,-13272.026702175055,12.328466059589116,2482,"2026-10-04T10:41:43.416027Z"
"NC_000913.3","fork1",4965,3928227,-1.3,1.4024466162933291,0.8025718425954855,264.17907444840273,0.995041238172891,49.5826187346951,-0.47331170787314325,0.001,0.9999999999993001,764.0781740395798,12.333433200826413,2483,"2026-10-04T10:41:43.417027Z"
"NC_000913.3","fork1",4967,3928228,-0.88,-1.11502459031999,0.24693533677668908,264.293398217765,0.9950472865718324,49.59290359512698,-0.21477718081104724,0.001,0.9999999999992999,42744.29143457513,12.338400342043158,2484,"2026-10-04T10:41:43.418027Z"
"NC_000913.3","fork1",4969,3928229,-1.45,1.6006567886666603,0.832110160392121,264.55263154399927,0.9950676141643011,49.603898375296225,-0.48536777800597086,0.001,0.9999999999993004,-13311.492623202115,12.343367483261986,2485,"2026-10-04T10:41:43.419027Z"
"NC_000913.3","fork1",4971,3928230,-2.24,-2.2677208491146654,0.09383182322637987,264.629094543187,0.9950699011640578,49.61399206329017,-0.14318867106844557,0.001,0.9999999999992998,149619.21440412046,12.348334624458252,2486,"2026-10-04T10:41:43.420027Z"
"NC_000913.3","fork1",4973,3928231,-1.84,-1.9014679697759975,0.1299424193591184,264.7145011589285,0.9950730665592031,49.624127595183246,-0.1598835615333247,0.001,0.9999999999992998,-5274.188434103146,12.353301765655935,2487,"2026-10-04T10:41:43.421027Z"
"NC_000913.3","fork1",4975,3928232,-2.17,-2.077195418181337,0.11133314431997621,264.7952993780453,0.9950757770240592,49.63423849313881,-0.15122123301611046,0.001,0.9999999999992997,3195.8829857807073,12.358268906853946,2488,"2026-10-04T10:41:43.422027Z"
"NC_000913.3","fork1",4977,3928233,-1.84,1.7785320302240026,0.8555155067192858,265.06051388685995,0.9950965555588791,49.64524884602726,-0.49460974916289385,0.001,0.9999999999993,-16526.117896372147,12.36323604805826,2489,"2026-10-04T10:41:43.423026Z"
"NC_000913.3","fork1",4979,3928234,-1.84,1.7785320302240026,0.8555155067192858,265.3258028762935,0.9951172468456274,49.65625325837033,-0.493164455551128,0.001,0.9999999999993007,69.85034953826634,12.368203189245078,2490,"2026-10-04T10:41:43.424026Z"
"NC_000913.3","fork1",4981,3928235,-1.44,-1.5689622110986612,0.1723643870770019,265.421806585034,0.9951214050804603,49.666430927774826,-0.17843891378478471,0.001,0.999999999999301,75687.29386702366,12.373170330409609,2491,"2026-10-04T10:41:43.425026Z"
"NC_000913.3","fork1",4983,3928236,-1.0,-0.9554055905546683,0.277799014514135,265.54396025918106,0.9951280994762339,49.676733283227506,-0.226825902800999,0.001,0.9999999999993009,-7227.984519075165,12.378137471574073,2492,"2026-10-04T10:41:43.426027Z"
"NC_000913.3","fork1",4985,3928237,-1.0,-0.9554055905546683,0.277799014514135,265.66613088483376,0.9951347847308852,49.68703331652209,-0.22665185257152293,0.001,0.9999999999993007,26.034943850953542,12.383104612735343,2493,"2026-10-04T10:41:43.427026Z"
"NC_000913.3","fork1",4987,3928238,-1.45,1.6006567886666603,0.832110160392121,265.925820255951,0.9951547549503368,49.69799492933968,-0.4801535755437386,0.001,0.9999999999993012,-12693.987844613368,12.388071753897432,2494,"2026-10-04T10:41:43.428026Z"
"NC_000913.3","fork1",4989,3928239,-2.24,-2.2677208491146654,0.09383182322637987,266.0024085012614,0.9951570017421671,49.708069668279286,-0.1416329656365587,0.001,0.9999999999993014,150668.435469854,12.393038895037455,2495,"2026-10-04T10:41:43.429027Z"
"NC_000913.3","fork1",4991,3928240,-1.84,-1.9014679697759975,0.1299424193591184,266.08795653869123,0.9951601114859452,49.718185568548165,-0.15814910346213584,0.001,0.9999999999993008,-5311.0928116352125,12.398006036178849,2496,"2026-10-04T10:41:43.430027Z"
"NC_000913.3","fork1",4993,3928241,-2.17,-2.077195418181337,0.11133314431997621,266.1688878463967,0.9951627742973657,49.72827720296313,-0.1495792686314596,0.001,0.9999999999993008,3218.340872653328,12.402973177320433,2497,"2026-10-04T10:41:43.431026Z"
"NC_000913.3","fork1",4995,3928242,-1.44,-1.5689622110986612,0.1723643870770019,266.2649710253245,0.9951668939485624,49.73843970889886,-0.17749166320620635,0.001,0.9999999999993001,-6775.426666433999,12.407940318463291,2498,"2026-10-04T10:41:43.432027Z"
"NC_000913.3","fork1",4997,3928243,-1.45,1.6006567886666603,0.832110160392121,266.52488042432753,0.9951867330069868,49.74938611013853,-0.4784798859825907,0.001,0.9999999999993008,-15171.497373395065,12.41290745961039,2499,"2026-10-04T10:41:43.433027Z"
"NC_000913.3","fork1",4999,3928244,-1.44,-1.5689622110986612,0.1723643870770019,266.62100930302546,0.995190832352216,49.759543938566296,-0.17693710238930363,0.001,0.9999999999993011,73558.76773891695,12.417874600735903,2500,"2026-10-04T10:41:43.434027Z"
"NC_000913.3","fork1",5001,3928245,-1.45,1.6006567886666603,0.832110160392121,266.88102993829557,0.9952105736205723,49.770482103642024,-0.4769618123179217,0.001,0.9999999999993014,-15197.84364979975,12.422841741865598,2501,"2026-10-04T10:41:43.435026Z"
"NC_000913.3","fork1",5003,3928246,-2.24,-2.2677208491146654,0.09383182322637987,266.95769257705246,0.9952127946532034,49.78054232052994,-0.14064850444231577,0.001,0.9999999999993013,151422.04718636037,12.427808882973256,2502,"2026-10-04T10:41:43.436027Z"
"NC_000913.3","fork1",5005,3928247,-1.84,-1.9014679697759975,0.1299424193591184,267.0433275733216,0.9952158687439513,49.79064327185827,-0.1570567905767174,0.001,0.9999999999993012,-5337.606297374791,12.432776024082525,2503,"2026-10-04T10:41:43.437027Z"
"NC_000913.3","fork1",5007,3928248,-2.17,-2.077195418181337,0.11133314431997621,267.1243393735072,0.9952185010262188,49.80072018989965,-0.14854276565799412,0.001,0.9999999999993011,3234.4650206693696,12.437743165191913,2504,"2026-10-04T10:41:43.438027Z"
"NC_000913.3","fork1",5009,3928249,-1.3,1.4024466162933291,0.8025718425954855,267.37719718467105,0.9952374338701953,49.8116110097444,-0.4620982302928624,0.001,0.9999999999993017,-16561.45611428148,12.44271030630715,2505,"2026-10-04T10:41:43.439026Z"
"NC_000913.3","fork1",5011,3928250,-1.44,1.3110377889013387,0.7876867636969223,267.6264227453795,0.995255943023738,49.82247901362185,-0.4541248241131728,0.001,0.9999999999993017,430.78178379581743,12.44767744740643,2506,"2026-10-04T10:41:43.440026Z"
"NC_000913.3","fork1",5013,3928251,-1.45,-1.2993432113333396,0.21427557416581033,267.733105846937,0.9952609656975235,49.8326701429713,-0.1943168460935468,0.001,0.9999999999993021,51727.02610453352,12.452644588486136,2507,"2026-10-04T10:41:43.441026Z"
"NC_000913.3","fork1",5015,3928252,-0.88,-1.11502459031999,0.24693533677668908,267.8479238063075,0.9952667473609503,49.8428974002275,-0.20896641932363585,0.001,0.9999999999993022,-2533.7990382133676,12.457611729564356,2508,"2026-10-04T10:41:43.442027Z"
"NC_000913.3","fork1",5017,3928253,-1.3,-1.197553383706671,0.23191074185089536,267.9590174369688,0.9952721708507928,49.85310485120036,-0.2020428597061693,0.001,0.9999999999993018,1276.5875512989737,12.462578870640112,2509,"2026-10-04T10:41:43.443026Z"
"NC_000913.3","fork1",5019,3928254,-2.17,-2.077195418181337,0.11133314431997621,268.04011729081566,0.9952747723020965,49.86316904811204,-0.1474663785897699,0.001,0.9999999999993023,20979.24379311538,12.46754601171284,2510,"2026-10-04T10:41:43.444026Z"
"NC_000913.3","fork1",5021,3928255,-2.24,-2.2677208491146654,0.09383182322637987,268.1168614174165,0.9952769637047327,49.87321077099045,-0.1395229403091571,0.001,0.9999999999993018,3624.8191679797487,12.472513152786286,2511,"2026-10-04T10:41:43.445027Z"
"NC_000913.3","fork1",5023,3928256,-1.84,-1.9014679697759975,0.1299424193591184,268.2025940344718,0.9952799967849282,49.88329274446528,-0.15581173804846365,0.001,0.999999999999301,-5370.381489997472,12.477480293861184,2512,"2026-10-04T10:41:43.446027Z"
"NC_000913.3","fork1",5025,3928257,-1.45,-1.2993432113333396,0.21427557416581033,268.30932802515053,0.9952849941129303,49.89347126860821,-0.1938448548304919,0.001,0.9999999999993009,-7610.690506251428,12.482447434937166,2513,"2026-10-04T10:41:43.447026Z"
"NC_000913.3","fork1",5027,3928258,-1.44,1.3110377889013387,0.7876867636969223,268.55888154582186,0.9953033193014552,49.9043161671972,-0.45177182413901673,0.001,0.9999999999993016,-14074.996770550286,12.487414576015588,2514,"2026-10-04T10:41:43.448026Z"
"NC_000913.3","fork1",5029,3928259,-2.17,-2.077195418181337,0.11133314431997621,268.6400220907017,0.9953059036944008,49.91437006747728,-0.1469009926570254,0.001,0.9999999999993012,117966.1289543673,12.492381717073767,2515,"2026-10-04T10:41:43.449027Z"
"NC_000913.3","fork1",5031,3928260,-1.84,1.7785320302240026,0.8555155067192858,268.906576490525,0.9953257157349237,49.92528617256492,-0.48086539672473916,0.001,0.9999999999993018,-16856.638450807408,12.497348858138071,2516,"2026-10-04T10:41:43.450027Z"
"NC_000913.3","fork1",5033,3928261,-2.24,-2.2677208491146654,0.09383182322637987,268.98339336958355,0.9953278836226054,49.93531550737077,-0.13860318201032878,0.001,0.9999999999993018,157878.20448589794,12.502315999180015,2517,"2026-10-04T10:41:43.451026Z"
"NC_000913.3","fork1",5035,3928262,-1.45,-1.2993432113333396,0.21427557416581033,269.09022947536016,0.9953328304879183,49.94548236172349,-0.1926300840692426,0.001,0.9999999999993013,-10921.441891213663,12.507283140224075,2518,"2026-10-04T10:41:43.452027Z"
"NC_000913.3","fork1",5037,3928263,-0.88,-1.11502459031999,0.24693533677668908,269.20521822909814,0.9953385248863144,49.95568486335623,-0.2071631795734556,0.001,0.9999999999993016,-2552.1739951181466,12.512250281266683,2519,"2026-10-04T10:41:43.453027Z"
"NC_000913.3","fork1",5039,3928264,-1.45,1.6006567886666603,0.832110160392121,269.466133294603,0.9953576627161176,49.966560358667316,-0.4684681998959586,0.001,0.9999999999993027,-13653.848059533955,12.517217422311102,2520,"2026-10-04T10:41:43.454027Z"
"NC_000913.3","fork1",5041,3928265,-1.3,1.4024466162933291,0.8025718425954855,269.7197532901092,0.9953760470950218,49.97739643807045,-0.4540083549450507,0.001,0.9999999999993029,786.5288801018903,12.522184563339016,2521,"2026-10-04T10:41:43.455027Z"
"NC_000913.3","fork1",5043,3928266,-1.0,1.0445944094453317,0.7397355271799415,269.9577677136215,0.9953929279068737,49.98815541000459,-0.4249114880737549,0.001,0.9999999999993032,1723.6651368751204,12.527151704350837,2522,"2026-10-04T10:41:43.456027Z"
"NC_000913.3","fork1",5045,3928267,-1.0,1.0445944094453317,0.7397355271799415,270.19584469230097,0.9954097473756082,49.99890967207813,-0.4238522309799031,0.001,0.9999999999993039,62.97803519101311,12.532118845348645,2523,"2026-10-04T10:41:43.457027Z"
"NC_000913.3","fork1",5047,3928268,-1.28,1.1703218578506713,0.7632031881188912,270.43984047970207,0.9954270363725954,50.00968589394473,-0.4331471916499304,0.001,0.9999999999993042,-537.622898359499,12.537085986332597,2524,"2026-10-04T10:41:43.458027Z"
"NC_000913.3","fork1",5049,3928269,-2.24,-2.2677208491146654,0.09383182322637987,270.51682884829177,0.9954291574845484,50.01969832794323,-0.13669023387828494,0.001,0.9999999999993042,139764.8800935541,12.542053127297311,2525,"2026-10-04T10:41:43.459026Z"
"NC_000913.3","fork1",5051,3928270,-2.17,-2.077195418181337,0.11133314431997621,270.59818500491076,0.9954316729516647,50.02972866262142,-0.14440817143369664,0.001,0.9999999999993036,-3068.1925855797076,12.547020268263395,2526,"2026-10-04T10:41:43.460026Z"
"NC_000913.3","fork1",5053,3928271,-1.3,1.4024466162933291,0.8025718425954855,270.85214013478003,0.9954497655783635,50.0405401321408,-0.4492726491793277,0.001,0.9999999999993049,-16850.20549091204,12.551987409235203,2527,"2026-10-04T10:41:43.461026Z"
"NC_000913.3","fork1",5055,3928272,-0.88,-1.11502459031999,0.24693533677668908,270.96739707806404,0.9954553179560747,50.050719494607556,-0.20379303880608873,0.001,0.9999999999993047,44211.6194436559,12.556954550187726,2528,"2026-10-04T10:41:43.462027Z"
"NC_000913.3","fork1",5057,3928273,-1.45,1.6006567886666603,0.832110160392121,271.22884062142975,0.995473978468709,50.06155620039038,-0.4607042039095608,0.001,0.999999999999305,-13767.637049309287,12.561921691141993,2529,"2026-10-04T10:41:43.463026Z"
"NC_000913.3","fork1",5059,3928274,-2.24,-2.2677208491146654,0.09383182322637987,271.3059022432629,0.9954760779061123,50.071558321165185,-0.1358172458284305,0.001,0.9999999999993048,154749.53317349232,12.56688883207508,2530,"2026-10-04T10:41:43.464026Z"
"NC_000913.3","fork1",5061,3928275,-1.28,-1.3896781421493287,0.19945914459223538,271.4093579723444,0.9954805374789202,50.08167726304893,-0.18221690907033183,0.001,0.9999999999993047,-10404.508512441298,12.571855973010148,2531,"2026-10-04T10:41:43.465027Z"
"NC_000913.3","fork1",5063,3928276,-1.45,1.6006567886666603,0.832110160392121,271.6709485512542,0.9954990949081305,50.09250372205719,-0.4591642902161328,0.001,0.9999999999993054,-14923.801029075625,12.576823113948432,2532,"2026-10-04T10:41:43.466027Z"
"NC_000913.3","fork1",5065,3928277,-1.3,1.4024466162933291,0.8025718425954855,271.9252263669613,0.9955169217161739,50.10329182546431,-0.4449908543420684,0.001,0.9999999999993061,795.0630219135065,12.581790254870471,2533,"2026-10-04T10:41:43.467026Z"
"NC_000913.3","fork1",5067,3928278,-0.88,-1.11502459031999,0.24693533677668908,272.040641331861,0.9955223925158861,50.11345634952225,-0.20187062999749994,0.001,0.9999999999993062,44439.613426216165,12.586757395773464,2534,"2026-10-04T10:41:43.468027Z"
"NC_000913.3","fork1",5069,3928279,-1.45,1.6006567886666603,0.832110160392121,272.3024161695498,0.995540778853383,50.12426930652012,-0.4563098877128262,0.001,0.9999999999993063,-13838.495989698038,12.591724536678148,2535,"2026-10-04T10:41:43.469027Z"
"NC_000913.3","fork1",5071,3928280,-1.44,-1.5689622110986612,0.1723643870770019,272.3992344523699,0.9955445780161221,50.13434609440908,-0.1687362167822963,0.001,0.9999999999993066,75693.95961196705,12.596691677562378,2536,"2026-10-04T10:41:43.470027Z"
"NC_000913.3","fork1",5073,3928281,-0.58,-0.40523812514667396,0.4000544771470622,272.55302451377537,0.9955533833866984,50.14467316235821,-0.26762260581071795,0.001,0.999999999999306,-11230.235930562552,12.60165881844758,2537,"2026-10-04T10:41:43.471026Z"
"NC_000913.3","fork1",5075,3928282,-1.44,1.3110377889013387,0.7876867636969223,272.80384356373827,0.9955706701043809,50.155425731425055,-0.43510361546521614,0.001,0.9999999999993071,-9688.421638525237,12.606625959329842,2538,"2026-10-04T10:41:43.472027Z"
"NC_000913.3","fork1",5077,3928283,-1.84,-1.9014679697759975,0.1299424193591184,272.8901049846196,0.9955735154085298,50.16544902298971,-0.14963769422522666,0.001,0.9999999999993068,100328.78957974918,12.611593100192596,2539,"2026-10-04T10:41:43.473027Z"
"NC_000913.3","fork1",5079,3928284,-1.84,-1.9014679697759975,0.1299424193591184,272.9763686315343,0.9955763588930392,50.175470333866556,-0.14959313604695104,0.001,0.9999999999993073,15.670272909243343,12.616560241055902,2540,"2026-10-04T10:41:43.474027Z"
"NC_000913.3","fork1",5081,3928285,-2.17,-2.077195418181337,0.11133314431997621,273.0579750180504,0.9955787937107571,50.18546915684581,-0.14148279873615577,0.001,0.9999999999993064,3330.9833632338464,12.621527381919448,2541,"2026-10-04T10:41:43.475027Z"
"NC_000913.3","fork1",5083,3928286,-2.24,-2.2677208491146654,0.09383182322637987,273.13519886630553,0.9955808447444644,50.19544673543333,-0.1338618349299816,0.001,0.9999999999993062,3715.669703030366,12.626494522783808,2542,"2026-10-04T10:41:43.476027Z"
"NC_000913.3","fork1",5085,3928287,-1.28,-1.3896781421493287,0.19945914459223538,273.2388793285887,0.9955852014986785,50.20553868482454,-0.17960518260769776,0.001,0.9999999999993056,-10499.409750970239,12.631461663650207,2543,"2026-10-04T10:41:43.477026Z"
"NC_000913.3","fork1",5087,3928288,-1.45,1.6006567886666603,0.832110160392121,273.5010688858334,0.9956033310635731,50.21632344719758,-0.4526343725099167,0.001,0.9999999999993067,-15059.886516226978,12.636428804519822,2544,"2026-10-04T10:41:43.478027Z"
"NC_000913.3","fork1",5089,3928289,-2.24,-2.2677208491146654,0.09383182322637987,273.57833032492556,0.9956053707644487,50.22629493568347,-0.1334030932789343,0.001,0.9999999999993062,156508.87003099563,12.641395945368588,2545,"2026-10-04T10:41:43.479026Z"
"NC_000913.3","fork1",5091,3928290,-1.45,-1.2993432113333396,0.21427557416581033,273.6857774463016,0.9956100251205346,50.23639645471857,-0.1853896590262245,0.001,0.9999999999993064,-11169.44315966912,12.646363086219475,2546,"2026-10-04T10:41:43.480026Z"
"NC_000913.3","fork1",5093,3928291,-1.28,1.1703218578506713,0.7632031881188912,273.9308406986943,0.9956265630939269,50.24709586289539,-0.42151733508988143,0.001,0.9999999999993068,-14277.908814007254,12.651330227072602,2547,"2026-10-04T10:41:43.481026Z"
"NC_000913.3","fork1",5095,3928292,-2.24,-2.2677208491146654,0.09383182322637987,274.0081370490821,0.9956285920643307,50.25706128804425,-0.13296984249508642,0.001,0.9999999999993066,142213.75139546895,12.656297367907017,2548,"2026-10-04T10:41:43.482027Z"
"NC_000913.3","fork1",5097,3928293,-1.28,-1.3896781421493287,0.19945914459223538,274.1119212125442,0.9956329019519302,50.26713997511105,-0.17841916410072522,0.001,0.9999999999993067,-10545.361231969311,12.661264508743576,2549,"2026-10-04T10:41:43.483026Z"
"NC_000913.3","fork1",5099,3928294,-1.3,-1.197553383706671,0.23191074185089536,274.2238542331604,0.9956379077306846,50.277251953860876,-0.19228413504432634,0.001,0.9999999999993067,-2769.7929980271792,12.66623164957911,2550,"2026-10-04T10:41:43.484026Z"
"NC_000913.3","fork1",5101,3928295,-1.28,-1.3896781421493287,0.19945914459223538,274.32765814585287,0.9956422084739206,50.28732648955494,-0.17821465866805072,0.001,0.9999999999993066,3271.4058022698946,12.671198790412513,2551,"2026-10-04T10:41:43.485027Z"
"NC_000913.3","fork1",5103,3928296,-1.0,-0.9554055905546683,0.277799014514135,274.4511287002904,0.9956481913498227,50.29748415455452,-0.21177690791758788,0.001,0.9999999999993061,-5609.718436163697,12.67616593124539,2552,"2026-10-04T10:41:43.486027Z"
"NC_000913.3","fork1",5105,3928297,-1.0,-0.9554055905546683,0.277799014514135,274.57461603418994,0.9956541660475999,50.307639594025986,-0.2116113495584299,0.001,0.9999999999993064,27.709913594304346,12.6811330720753,2553,"2026-10-04T10:41:43.487026Z"
"NC_000913.3","fork1",5107,3928298,-1.3,-1.197553383706671,0.23191074185089536,274.6866010418823,0.9956591475586883,50.31774302981261,-0.1917639231648398,0.001,0.9999999999993063,3984.2180497744607,12.686100212902018,2554,"2026-10-04T10:41:43.488027Z"
"NC_000913.3","fork1",5109,3928299,-1.45,-1.2993432113333396,0.21427557416581033,274.79417058094435,0.9956637452077812,50.327825232781436,-0.18408218112833674,0.001,0.9999999999993064,1670.797810209081,12.691067353726778,2555,"2026-10-04T10:41:43.489027Z"
"NC_000913.3","fork1",5111,3928300,-1.44,1.3110377889013387,0.7876867636969223,275.04574754614987,0.9956806047430714,50.33852551631807,-0.42913249292972666,0.001,0.9999999999993069,-14534.820063759627,12.696034494553922,2556,"2026-10-04T10:41:43.490027Z"
"NC_000913.3","fork1",5113,3928301,-1.28,-1.3896781421493287,0.19945914459223538,275.1496448382389,0.9956848635722393,50.34858703593832,-0.17716590475500965,0.001,0.9999999999993066,59163.34707084054,12.7010016353624,2557,"2026-10-04T10:41:43.491027Z"
"NC_000913.3","fork1",5115,3928302,-1.0,-0.9554055905546683,0.277799014514135,275.2732318615228,0.9956907881397912,50.35873096132155,-0.21053963820375346,0.001,0.9999999999993068,-5633.108772323167,12.70596877617044,2558,"2026-10-04T10:41:43.492027Z"
"NC_000913.3","fork1",5117,3928303,-1.0,-0.9554055905546683,0.277799014514135,275.39683565017066,0.9956967046082255,50.36887267010302,-0.21037477777579006,0.001,0.9999999999993073,27.864667883299088,12.71093591697543,2559,"2026-10-04T10:41:43.493027Z"
"NC_000913.3","fork1",5119,3928304,-0.58,-0.40523812514667396,0.4000544771470622,275.5511814074115,0.9957052106239319,50.37914359354059,-0.26231298988843876,0.001,0.999999999999307,-6106.0564552251935,12.715903057778434,2560,"2026-10-04T10:41:43.494027Z"
"NC_000913.3","fork1",5121,3928305,-1.44,1.3110377889013387,0.7876867636969223,275.8029945791191,0.9957219096327088,50.389827376559246,-0.42661723250486583,0.001,0.9999999999993078,-9839.161402438316,12.720870198578368,2561,"2026-10-04T10:41:43.495026Z"
"NC_000913.3","fork1",5123,3928306,-1.28,-1.3896781421493287,0.19945914459223538,275.90698363178046,0.9957261279109714,50.399877847709824,-0.1761174613699963,0.001,0.9999999999993074,59384.36384271684,12.725837339359783,2562,"2026-10-04T10:41:43.496026Z"
"NC_000913.3","fork1",5125,3928307,-1.3,-1.197553383706671,0.23191074185089536,276.01914225178973,0.9957310272878116,50.40996096361444,-0.18981101165582764,0.001,0.9999999999993074,-2794.957549171325,12.730804480140328,2563,"2026-10-04T10:41:43.497026Z"
"NC_000913.3","fork1",5127,3928308,-2.17,-2.077195418181337,0.11133314431997621,276.10098593089083,0.9957333773392848,50.419913171518274,-0.13848066543217225,0.001,0.9999999999993074,21842.222099835355,12.735771620918236,2564,"2026-10-04T10:41:43.498027Z"
"NC_000913.3","fork1",5129,3928309,-1.44,-1.5689622110986612,0.1723643870770019,276.1981833562087,0.9957370131148062,50.42992862439688,-0.16437300015985168,0.001,0.9999999999993071,-7121.543828844311,12.740738761697413,2565,"2026-10-04T10:41:43.499026Z"
"NC_000913.3","fork1",5131,3928310,-1.3,-1.197553383706671,0.23191074185089536,276.31036988979224,0.995741900066695,50.440005611413824,-0.1895766051424992,0.001,0.9999999999993073,-5157.326193504987,12.74570590247648,2566,"2026-10-04T10:41:43.500026Z"
"NC_000913.3","fork1",5133,3928311,-1.45,-1.2993432113333396,0.21427557416581033,276.4181305524039,0.9957464104422413,50.45006170048594,-0.18197800515637252,0.001,0.9999999999993069,1684.6934159183375,12.750673043253695,2567,"2026-10-04T10:41:43.501027Z"
"NC_000913.3","fork1",5135,3928312,-1.44,1.3110377889013387,0.7876867636969223,276.6702362535013,0.9957629499394756,50.46072553970238,-0.4243634918589628,0.001,0.9999999999993078,-14654.948894145671,12.755640184033396,2568,"2026-10-04T10:41:43.502027Z"
"NC_000913.3","fork1",5137,3928313,-2.17,-2.077195418181337,0.11133314431997621,276.7521291588947,0.9957652824924004,50.47066771597251,-0.13785658855276356,0.001,0.9999999999993079,122829.75458292564,12.76060732479401,2569,"2026-10-04T10:41:43.503026Z"
"NC_000913.3","fork1",5139,3928314,-1.44,-1.5689622110986612,0.1723643870770019,276.8493907726436,0.9957688911956748,50.4806727204585,-0.16364177290819087,0.001,0.999999999999307,-7145.276958112262,12.765574465556039,2570,"2026-10-04T10:41:43.504026Z"
"NC_000913.3","fork1",5141,3928315,-1.3,-1.197553383706671,0.23191074185089536,276.96165608457943,0.9957737417586563,50.490738853328736,-0.18874101105627128,0.001,0.9999999999993072,-5174.500000068494,12.770541606317893,2571,"2026-10-04T10:41:43.505027Z"
"NC_000913.3","fork1",5143,3928316,-2.17,-2.077195418181337,0.11133314431997621,277.043559174359,0.9957760683957415,50.50067517284334,-0.13766889193654158,0.001,0.9999999999993069,21951.046617574822,12.775508747077138,2572,"2026-10-04T10:41:43.506027Z"
"NC_000913.3","fork1",5145,3928317,-1.44,-1.5689622110986612,0.1723643870770019,277.14083994711734,0.9957796679465378,50.51067419732729,-0.1634307851803242,0.001,0.9999999999993066,-7156.974495298933,12.780475887837662,2573,"2026-10-04T10:41:43.507026Z"
"NC_000913.3","fork1",5147,3928318,-1.3,-1.197553383706671,0.23191074185089536,277.2531331689558,0.9957845062073033,50.52073423022126,-0.18850732731040437,0.001,0.9999999999993069,-5182.966223945343,12.78544302859828,2574,"2026-10-04T10:41:43.508027Z"
"NC_000913.3","fork1",5149,3928319,-1.45,-1.2993432113333396,0.21427557416581033,277.36099360372157,0.9957889716433216,50.530773533564386,-0.18094685062612015,0.001,0.9999999999993071,1693.1105167163657,12.79041016935682,2575,"2026-10-04T10:41:43.509027Z"
"NC_000913.3","fork1",5151,3928320,-1.28,1.1703218578506713,0.7632031881188912,277.6072513156633,0.9958048383274799,50.54138967663332,-0.41183399736336473,0.001,0.9999999999993077,-14551.6948868125,12.795377310117647,2576,"2026-10-04T10:41:43.510027Z"
"NC_000913.3","fork1",5153,3928321,-1.84,1.7785320302240026,0.8555155067192858,277.87685006766816,0.9958225533882901,50.552098058580796,-0.4493901881747442,0.001,0.9999999999993081,-2120.014783682354,12.800344450865227,2577,"2026-10-04T10:41:43.511027Z"
"NC_000913.3","fork1",5155,3928322,-2.24,-2.2677208491146654,0.09383182322637987,277.9544241570025,0.9958244918141643,50.562003851121126,-0.12932874994024077,0.001,0.9999999999993077,165114.09720879086,12.805311591591863,2578,"2026-10-04T10:41:43.512027Z"
"NC_000913.3","fork1",5157,3928323,-1.45,-1.2993432113333396,0.21427557416581033,278.06237897798655,0.9958289150711961,50.572033967985654,-0.17984823498562685,0.001,0.9999999999993077,-11421.33153977718,12.810278732320779,2579,"2026-10-04T10:41:43.513027Z"
"NC_000913.3","fork1",5159,3928324,-1.0,1.0445944094453317,0.7397355271799415,278.3029175883799,0.9958441494863157,50.58261140455623,-0.3995189968922222,0.001,0.9999999999993081,-14419.376141553143,12.815245873051554,2580,"2026-10-04T10:41:43.514027Z"
"NC_000913.3","fork1",5161,3928325,-1.44,1.3110377889013387,0.7876867636969223,278.555618502704,0.9958603105187246,50.593234316267676,-0.41846501002475944,0.001,0.9999999999993088,-1172.3269066734351,12.82021301376944,2581,"2026-10-04T10:41:43.515026Z"
"NC_000913.3","fork1",5163,3928326,-1.84,-1.9014679697759975,0.1299424193591184,278.64237309926654,0.9958629705373936,50.60316962176836,-0.14365912037855633,0.001,0.9999999999993086,103309.75975806688,12.825180154468946,2582,"2026-10-04T10:41:43.516026Z"
"NC_000913.3","fork1",5165,3928327,-2.17,-2.077195418181337,0.11133314431997621,278.72443210892686,0.9958652482562764,50.613083652492115,-0.13585026944879264,0.001,0.9999999999993084,3428.3646628230977,12.830147295168688,2583,"2026-10-04T10:41:43.517026Z"
"NC_000913.3","fork1",5167,3928328,-2.24,-2.2677208491146654,0.09383182322637987,278.8020725594529,0.9958671669530259,50.62297758150828,-0.12851271920642093,0.001,0.9999999999993082,3824.2365524182783,12.8351144358694,2584,"2026-10-04T10:41:43.518027Z"
"NC_000913.3","fork1",5169,3928329,-1.28,-1.3896781421493287,0.19945914459223538,278.9063872710304,0.995871242598703,50.63297931733779,-0.17255115957921166,0.001,0.9999999999993079,-10805.267155745989,12.84008157657191,2585,"2026-10-04T10:41:43.519026Z"
"NC_000913.3","fork1",5171,3928330,-1.45,1.6006567886666603,0.832110160392121,279.17051406246816,0.9958882023744967,50.64363442589901,-0.43540162956405126,0.001,0.9999999999993092,-15498.463728616784,12.845048717277644,2586,"2026-10-04T10:41:43.520026Z"
"NC_000913.3","fork1",5173,3928331,-1.3,1.4024466162933291,0.8025718425954855,279.42724908956495,0.9959044943785682,50.654254010462196,-0.42194008752192913,0.001,0.9999999999993092,826.2667983047897,12.85001585796793,2587,"2026-10-04T10:41:43.521027Z"
"NC_000913.3","fork1",5175,3928332,-1.28,1.1703218578506713,0.7632031881188912,279.6741039766827,0.9959199275694436,50.66482833369283,-0.40454408597619423,0.001,0.99999999999931,1127.1811309925463,12.854982998643575,2588,"2026-10-04T10:41:43.522027Z"
"NC_000913.3","fork1",5177,3928333,-2.24,-2.2677208491146654,0.09383182322637987,279.7518465778906,0.9959218209966251,50.674712142589605,-0.12741967147404976,0.001,0.9999999999993092,146361.27399652146,12.85995013930126,2589,"2026-10-04T10:41:43.523026Z"
"NC_000913.3","fork1",5179,3928334,-2.17,-2.077195418181337,0.11133314431997621,279.8340120282019,0.9959240664469017,50.6846120136753,-0.13463327478640086,0.001,0.9999999999993096,-3212.5419954770605,12.864917279960313,2590,"2026-10-04T10:41:43.524027Z"
"NC_000913.3","fork1",5181,3928335,-1.3,1.4024466162933291,0.8025718425954855,280.0909484786716,0.9959402169275443,50.69521782515842,-0.4195975075782573,0.001,0.9999999999993103,-17644.31902043153,12.869884420624771,2591,"2026-10-04T10:41:43.525027Z"
"NC_000913.3","fork1",5183,3928336,-0.88,-1.11502459031999,0.24693533677668908,280.2074403663025,0.9959451732747155,50.70525215928765,-0.19013632608618394,0.001,0.9999999999993102,46296.430327503236,12.874851561271406,2592,"2026-10-04T10:41:43.526027Z"
"NC_000913.3","fork1",5185,3928337,-0.58,-0.40523812514667396,0.4000544771470622,280.362675007179,0.9959531901563098,50.71544054951309,-0.2529951149064379,0.001,0.9999999999993103,-7840.802945799297,12.879818701916873,2593,"2026-10-04T10:41:43.527026Z"
"NC_000913.3","fork1",5187,3928338,-1.0,1.0445944094453317,0.7397355271799415,280.60387181395896,0.995967972508567,50.72597178255129,-0.3919391854713532,0.001,0.9999999999993111,-9399.320767615114,12.884785842559143,2594,"2026-10-04T10:41:43.528027Z"
"NC_000913.3","fork1",5189,3928339,-1.0,1.0445944094453317,0.7397355271799415,280.8451303388521,0.9959827010810501,50.73649868160184,-0.390949117702301,0.001,0.9999999999993113,67.22089124265676,12.889752983188323,2595,"2026-10-04T10:41:43.529027Z"
"NC_000913.3","fork1",5191,3928340,-1.0,1.0445944094453317,0.7397355271799415,281.0864505668863,0.9959973760678273,50.74702125597399,-0.3899612567765167,0.001,0.999999999999312,67.31596701119818,12.894720123804692,2596,"2026-10-04T10:41:43.530027Z"
"NC_000913.3","fork1",5193,3928341,-0.88,-1.11502459031999,0.24693533677668908,281.20309028978215,0.996002262912919,50.75704342939159,-0.1883750367263337,0.001,0.9999999999993118,41250.78987924976,12.899687264404987,2597,"2026-10-04T10:41:43.531027Z"
"NC_000913.3","fork1",5195,3928342,-1.3,-1.197553383706671,0.23191074185089536,281.3159397593674,0.9960068470103304,50.76704838617548,-0.18211989501354428,0.001,0.9999999999993116,1364.530713795051,12.904654405003177,2598,"2026-10-04T10:41:43.532026Z"
"NC_000913.3","fork1",5197,3928343,-1.45,-1.2993432113333396,0.21427557416581033,281.4243357119692,0.9960110778661267,50.77703354430105,-0.17481683418029273,0.001,0.9999999999993118,1726.142696594317,12.909621545599478,2599,"2026-10-04T10:41:43.533026Z"
"NC_000913.3","fork1",5199,3928344,-1.28,1.1703218578506713,0.7632031881188912,281.67177205078195,0.9960261110185614,50.7875677120533,-0.397808217344232,0.001,0.9999999999993123,-14833.308192206892,12.914588686198112,2600,"2026-10-04T10:41:43.534027Z"
"NC_000913.3","fork1",5201,3928345,-1.3,1.4024466162933291,0.8025718425954855,281.9292453527486,0.9960418587647456,50.79813674032078,-0.4126806468447275,0.001,0.9999999999993124,-944.416383560702,12.919555826783501,2601,"2026-10-04T10:41:43.535026Z"
"NC_000913.3","fork1",5203,3928346,-1.0,1.0445944094453317,0.7397355271799415,282.17086538240267,0.9960563185072071,50.80863849999287,-0.3862034580703409,0.001,0.9999999999993133,1831.0968431752929,12.924522967354452,2602,"2026-10-04T10:41:43.536026Z"
"NC_000913.3","fork1",5205,3928347,-1.0,1.0445944094453317,0.7397355271799415,282.41254702515397,0.9960707256342297,50.819135982608096,-0.38522602815970014,0.001,0.9999999999993135,67.84349920056268,12.92949010791256,2603,"2026-10-04T10:41:43.537026Z"
"NC_000913.3","fork1",5207,3928348,-0.88,-1.11502459031999,0.24693533677668908,282.5293800697831,0.9960755232789368,50.829141511080984,-0.1861169124718623,0.001,0.9999999999993138,41501.429940106784,12.934457248454883,2604,"2026-10-04T10:41:43.538027Z"
"NC_000913.3","fork1",5209,3928349,-1.3,-1.197553383706671,0.23191074185089536,282.6424177146724,0.9960800237012823,50.8391300897173,-0.17993830776685116,0.001,0.9999999999993138,1372.8944153649984,12.93942438899514,2605,"2026-10-04T10:41:43.539026Z"
"NC_000913.3","fork1",5211,3928350,-1.45,-1.2993432113333396,0.21427557416581033,282.7509958094647,0.9960841773291766,50.849099180254754,-0.17272471280706275,0.001,0.9999999999993137,1736.697446993164,12.944391529533616,2606,"2026-10-04T10:41:43.540026Z"
"NC_000913.3","fork1",5213,3928351,-1.44,1.3110377889013387,0.7876867636969223,283.0050107315661,0.9960994086111494,50.85963208647906,-0.4027752834474161,0.001,0.9999999999993145,-15103.82192723079,12.949358670074542,2607,"2026-10-04T10:41:43.541027Z"
"NC_000913.3","fork1",5215,3928352,-1.84,-1.9014679697759975,0.1299424193591184,283.09224523756257,0.9961019155951804,50.86951361457828,-0.13831756654450228,0.001,0.9999999999993142,105488.39308133972,12.954325810597506,2608,"2026-10-04T10:41:43.542027Z"
"NC_000913.3","fork1",5217,3928353,-1.45,-1.2993432113333396,0.21427557416581033,283.2008784363819,0.9961060461169893,50.879476248891066,-0.17212450160128978,0.001,0.9999999999993142,-8184.664461467394,12.959292951121723,2609,"2026-10-04T10:41:43.543026Z"
"NC_000913.3","fork1",5219,3928354,-1.44,1.3110377889013387,0.7876867636969223,283.4550321084836,0.9961211926676982,50.88999987863383,-0.4013908503855147,0.001,0.9999999999993147,-15136.538555255289,12.964260091648255,2610,"2026-10-04T10:41:43.544027Z"
"NC_000913.3","fork1",5221,3928355,-1.84,-1.9014679697759975,0.1299424193591184,283.5423093930062,0.996123685705188,50.8998753748933,-0.13783435164770197,0.001,0.9999999999993147,105717.02183304388,12.969227232157026,2611,"2026-10-04T10:41:43.545027Z"
"NC_000913.3","fork1",5223,3928356,-2.17,-2.077195418181337,0.11133314431997621,283.6248647727236,0.9961258204408789,50.90973074155987,-0.13034474524176895,0.001,0.9999999999993143,3508.4467072557295,12.97419437266635,2612,"2026-10-04T10:41:43.546027Z"
"NC_000913.3","fork1",5225,3928357,-2.24,-2.2677208491146654,0.09383182322637987,283.70297685597905,0.9961276186914774,50.91956708438295,-0.1233072715225879,0.001,0.9999999999993142,3913.511123161765,12.979161513176495,2613,"2026-10-04T10:41:43.547027Z"
"NC_000913.3","fork1",5227,3928358,-1.45,-1.2993432113333396,0.21427557416581033,283.81167514209375,0.9961317220833175,50.92951945245541,-0.17146546964945075,0.001,0.999999999999314,-11736.192887142382,12.984128653688783,2614,"2026-10-04T10:41:43.548027Z"
"NC_000913.3","fork1",5229,3928359,-0.88,-1.11502459031999,0.24693533677668908,283.9286796069651,0.9961364455402288,50.939501745426035,-0.18441675655012074,0.001,0.9999999999993142,-2741.908552073786,12.989095794200038,2615,"2026-10-04T10:41:43.549027Z"
"NC_000913.3","fork1",5231,3928360,-1.3,-1.197553383706671,0.23191074185089536,284.0418806244862,0.9961408763701985,50.949467301654984,-0.1782904110432888,0.001,0.9999999999993143,1382.6631914836275,12.99406293470927,2616,"2026-10-04T10:41:43.550027Z"
"NC_000913.3","fork1",5233,3928361,-2.17,-2.077195418181337,0.11133314431997621,284.1244547568685,0.996143001675428,50.959313141536825,-0.13002706886017554,0.001,0.9999999999993141,22708.899180141212,12.999030075216202,2617,"2026-10-04T10:41:43.551026Z"
"NC_000913.3","fork1",5235,3928362,-1.84,1.7785320302240026,0.8555155067192858,284.39616381593925,0.9961592942691827,50.96988204491582,-0.4263157481571908,0.001,0.9999999999993145,-18185.48254244719,13.003997215728685,2618,"2026-10-04T10:41:43.552026Z"
"NC_000913.3","fork1",5237,3928363,-2.24,-2.2677208491146654,0.09383182322637987,284.47432612391606,0.9961610770423488,50.97970685768993,-0.12265719208169405,0.001,0.9999999999993145,170329.32840304638,13.008964356221476,2619,"2026-10-04T10:41:43.553026Z"
"NC_000913.3","fork1",5239,3928364,-1.45,-1.2993432113333396,0.21427557416581033,284.5831097273572,0.9961651451163396,50.98964682134961,-0.1705855652018712,0.001,0.9999999999993148,-11781.588345930668,13.013931496716376,2620,"2026-10-04T10:41:43.554027Z"
"NC_000913.3","fork1",5241,3928365,-0.88,-1.11502459031999,0.24693533677668908,284.70020901676895,0.9961698279181498,50.99961647857423,-0.18347491686162157,0.001,0.9999999999993144,-2752.4871182151205,13.018898637210206,2621,"2026-10-04T10:41:43.555026Z"
"NC_000913.3","fork1",5243,3928366,-1.3,-1.197553383706671,0.23191074185089536,284.8135004759066,0.9961742206113287,51.009569516282305,-0.1773776724546054,0.001,0.9999999999993141,1388.0424055905296,13.02386577770206,2622,"2026-10-04T10:41:43.556026Z"
"NC_000913.3","fork1",5245,3928367,-1.45,-1.2993432113333396,0.21427557416581033,284.92231780562497,0.9961782748106259,51.019503448973644,-0.17025919197601064,0.001,0.9999999999993141,1755.8289458973625,13.02883291819234,2623,"2026-10-04T10:41:43.557027Z"
"NC_000913.3","fork1",5247,3928368,-1.0,1.0445944094453317,0.7397355271799415,285.16484453726616,0.9961922381079229,51.02994319557432,-0.3783163632924698,0.001,0.9999999999993149,-14900.28944392661,13.033800058684426,2624,"2026-10-04T10:41:43.558027Z"
"NC_000913.3","fork1",5249,3928369,-1.0,1.0445944094453317,0.7397355271799415,285.4074326449292,0.9962061505823261,51.04037875804894,-0.3773555966155223,0.001,0.9999999999993151,69.0579295317394,13.038767199164138,2625,"2026-10-04T10:41:43.559026Z"
"NC_000913.3","fork1",5251,3928370,-1.44,1.3110377889013387,0.7876867636969223,285.66228756129425,0.9962209092278342,51.05085610146893,-0.39524500975131105,0.001,0.9999999999993162,-1212.1310946800108,13.043734339631653,2626,"2026-10-04T10:41:43.560026Z"
"NC_000913.3","fork1",5253,3928371,-1.84,-1.9014679697759975,0.1299424193591184,285.74975517839823,0.9962233384171929,51.06069995091767,-0.13564520182777093,0.001,0.999999999999316,106866.84716341506,13.048701480081654,2627,"2026-10-04T10:41:43.561027Z"
"NC_000913.3","fork1",5255,3928372,-1.45,-1.2993432113333396,0.21427557416581033,285.8586992645974,0.9962273407632056,51.070622643602185,-0.168830458457635,0.001,0.9999999999993161,-8291.4511949704,13.053668620532845,2628,"2026-10-04T10:41:43.562027Z"
"NC_000913.3","fork1",5257,3928373,-0.88,-1.11502459031999,0.24693533677668908,285.9759716871907,0.9962319479042081,51.080574575510006,-0.1815875445577187,0.001,0.9999999999993155,-2768.98104338985,13.058635760983003,2629,"2026-10-04T10:41:43.563026Z"
"NC_000913.3","fork1",5259,3928374,-1.0,-0.9554055905546683,0.277799014514135,286.10111967028286,0.9962371241781888,51.09055393650846,-0.1935990449972364,0.001,0.9999999999993157,-2320.491628607665,13.063602901431624,2630,"2026-10-04T10:41:43.564027Z"
"NC_000913.3","fork1",5261,3928375,-1.3,-1.197553383706671,0.23191074185089536,286.21459276141945,0.9962414399827921,51.100487415986876,-0.17541108081056617,0.001,0.9999999999993155,4214.269610933386,13.068570041877319,2631,"2026-10-04T10:41:43.565027Z"
"NC_000913.3","fork1",5263,3928376,-1.84,-1.9014679697759975,0.1299424193591184,286.3020934501851,0.996243856024795,51.11032167143669,-0.13522297184382423,0.001,0.9999999999993155,16633.861877566687,13.073537182320868,2632,"2026-10-04T10:41:43.566027Z"
"NC_000913.3","fork1",5265,3928377,-1.84,-1.9014679697759975,0.1299424193591184,286.389596387664,0.9962462705195922,51.12015405009642,-0.13518115803783734,0.001,0.9999999999993151,17.31782815817955,13.078504322765054,2633,"2026-10-04T10:41:43.567027Z"
"NC_000913.3","fork1",5267,3928378,-1.28,-1.3896781421493287,0.19945914459223538,286.4948232086837,0.9962499737152782,51.13005077109456,-0.16245707500612475,0.001,0.999999999999315,-7365.507869726053,13.08347146321029,2634,"2026-10-04T10:41:43.568027Z"
"NC_000913.3","fork1",5269,3928379,-1.45,1.6006567886666603,0.832110160392121,286.7613689224119,0.9962653836041254,51.140546647002466,-0.41009335327800134,0.001,0.999999999999316,-16069.958760093503,13.088438603658531,2635,"2026-10-04T10:41:43.569027Z"
"NC_000913.3","fork1",5271,3928380,-2.24,-2.2677208491146654,0.09383182322637987,286.8397069221565,0.9962671173174316,51.15033882637121,-0.12054406861092537,0.001,0.9999999999993157,167011.05288954344,13.093405744087878,2636,"2026-10-04T10:41:43.570027Z"
"NC_000913.3","fork1",5273,3928381,-1.28,-1.3896781421493287,0.19945914459223538,286.94498617753993,0.9962708000239494,51.16022928237906,-0.1618927390668429,0.001,0.9999999999993158,-11227.794084462546,13.098372884519321,2637,"2026-10-04T10:41:43.571026Z"
"NC_000913.3","fork1",5275,3928382,-1.0,-0.9554055905546683,0.277799014514135,287.0702604511312,0.9962759231252477,51.1701919508797,-0.19245348689942643,0.001,0.9999999999993159,-5965.282756117154,13.10334002495045,2638,"2026-10-04T10:41:43.572026Z"
"NC_000913.3","fork1",5277,3928383,-1.0,-0.9554055905546683,0.277799014514135,287.1955512776376,0.9962810392148027,51.18015252066494,-0.19229938293892776,0.001,0.999999999999316,30.12143529583239,13.108307165379026,2639,"2026-10-04T10:41:43.573026Z"
"NC_000913.3","fork1",5279,3928384,-1.45,1.6006567886666603,0.832110160392121,287.4623279242202,0.9962963219215516,51.19063371806142,-0.4080563739339826,0.001,0.9999999999993164,-14117.721064743197,13.113274305808444,2640,"2026-10-04T10:41:43.574027Z"
"NC_000913.3","fork1",5281,3928385,-2.24,-2.2677208491146654,0.09383182322637987,287.5407183150048,0.9962980413257946,51.20041635628015,-0.1199215106300846,0.001,0.9999999999993162,167578.31352324595,13.118241446219146,2641,"2026-10-04T10:41:43.575026Z"
"NC_000913.3","fork1",5283,3928386,-1.45,-1.2993432113333396,0.21427557416581033,287.64985832459894,0.9963019647987004,51.21031048168519,-0.16684002137190945,0.001,0.9999999999993163,-11958.413341563548,13.123208586632016,2642,"2026-10-04T10:41:43.576026Z"
"NC_000913.3","fork1",5285,3928387,-1.0,1.0445944094453317,0.7397355271799415,287.8931908863003,0.9963154778459231,51.2206958456905,-0.3708492513126682,0.001,0.9999999999993165,-15097.203952440404,13.128175727046777,2643,"2026-10-04T10:41:43.577027Z"
"NC_000913.3","fork1",5287,3928388,-1.28,1.1703218578506713,0.7632031881188912,288.1425784829077,0.9963293680262146,51.23109903135728,-0.37897396081453316,0.001,0.9999999999993173,-584.9246972571631,13.133142867449491,2644,"2026-10-04T10:41:43.578027Z"
"NC_000913.3","fork1",5289,3928389,-2.24,-2.2677208491146654,0.09383182322637987,288.22103328302694,0.9963310721455517,51.240873937250456,-0.11923457119086897,0.001,0.9999999999993171,152418.54485828144,13.138110007835525,2645,"2026-10-04T10:41:43.579026Z"
"NC_000913.3","fork1",5291,3928390,-2.17,-2.077195418181337,0.11133314431997621,288.30395854187196,0.9963330930913151,51.25066334237462,-0.12599477394979314,0.001,0.999999999999317,-3345.0688689137373,13.143077148223144,2646,"2026-10-04T10:41:43.580027Z"
"NC_000913.3","fork1",5293,3928391,-1.44,-1.5689622110986612,0.1723643870770019,288.4024810645209,0.9963362197032264,51.26050784162721,-0.14961266198289125,0.001,0.9999999999993168,-7553.827818544724,13.148044288612008,2647,"2026-10-04T10:41:43.581027Z"
"NC_000913.3","fork1",5295,3928392,-1.0,-0.9554055905546683,0.277799014514135,288.527959318617,0.9963412532623114,51.270448700768895,-0.19035950781366384,0.001,0.9999999999993172,-8095.036760826764,13.153011429001317,2648,"2026-10-04T10:41:43.582027Z"
"NC_000913.3","fork1",5297,3928393,-1.3,-1.197553383706671,0.23191074185089536,288.64172271736004,0.9963454500748881,51.280344764125566,-0.17246155066306812,0.001,0.9999999999993168,4264.654859744845,13.157978569387998,2649,"2026-10-04T10:41:43.583026Z"
"NC_000913.3","fork1",5299,3928394,-1.84,-1.9014679697759975,0.1299424193591184,288.72942498937795,0.9963477995032103,51.29014398305616,-0.1329151445204104,0.001,0.9999999999993168,16832.35269132574,13.16294570977247,2650,"2026-10-04T10:41:43.584027Z"
"NC_000913.3","fork1",5301,3928395,-1.45,-1.2993432113333396,0.21427557416581033,288.83869751436305,0.9963516704336686,51.300019759847046,-0.16548680412289551,0.001,0.9999999999993163,-8414.426441784613,13.167912850158103,2651,"2026-10-04T10:41:43.585027Z"
"NC_000913.3","fork1",5303,3928396,-0.88,-1.11502459031999,0.24693533677668908,288.9563346639906,0.996356126299627,51.30992390939312,-0.17800758954269946,0.001,0.9999999999993162,-2809.955581387029,13.172879990542754,2652,"2026-10-04T10:41:43.586027Z"
"NC_000913.3","fork1",5305,3928397,-0.58,-0.40523812514667396,0.4000544771470622,289.11315996656884,0.9963633336443505,51.31996804142625,-0.23695136387466298,0.001,0.9999999999993167,-8178.292643604039,13.17784713092657,2653,"2026-10-04T10:41:43.587027Z"
"NC_000913.3","fork1",5307,3928398,-1.0,1.0445944094453317,0.7397355271799415,289.35693529985036,0.9963766232582855,51.33032382772183,-0.36723918070002837,0.001,0.9999999999993172,-9803.732257592039,13.182814271307281,2654,"2026-10-04T10:41:43.588026Z"
"NC_000913.3","fork1",5309,3928399,-0.88,-1.11502459031999,0.24693533677668908,289.474644222283,0.9963810487589527,51.340221316067044,-0.17721974350891948,0.001,0.9999999999993175,42937.3875360316,13.18778141167306,2655,"2026-10-04T10:41:43.589026Z"
"NC_000913.3","fork1",5311,3928400,-1.45,1.6006567886666603,0.832110160392121,289.74216474711443,0.9963959219729621,51.35065550180053,-0.40138914677549253,0.001,0.9999999999993179,-15072.021630631738,13.192748552040419,2656,"2026-10-04T10:41:43.590027Z"
"NC_000913.3","fork1",5313,3928401,-1.84,1.7785320302240026,0.8555155067192858,290.0157478323886,0.9964111500389725,51.361106447362395,-0.40913913722804046,0.001,0.9999999999993184,-508.9280836618577,13.19771569239387,2657,"2026-10-04T10:41:43.591026Z"
"NC_000913.3","fork1",5315,3928402,-2.24,-2.2677208491146654,0.09383182322637987,290.0943473741626,0.9964128163270762,51.37085668796742,-0.11756190902049243,0.001,0.9999999999993182,174986.0828729468,13.202682832728446,2658,"2026-10-04T10:41:43.592026Z"
"NC_000913.3","fork1",5317,3928403,-2.17,-2.077195418181337,0.11133314431997621,290.17742835806695,0.996414792407935,51.38062111755058,-0.1242311968434123,0.001,0.9999999999993179,-3375.0075526913947,13.207649973064576,2659,"2026-10-04T10:41:43.593027Z"
"NC_000913.3","fork1",5319,3928404,-2.24,-2.2677208491146654,0.09383182322637987,290.25602629544915,0.996416457010984,51.390367704300886,-0.11750608813691038,0.001,0.9999999999993183,4040.0675165586463,13.212617113401617,2660,"2026-10-04T10:41:43.594027Z"
"NC_000913.3","fork1",5321,3928405,-2.17,-2.077195418181337,0.11133314431997621,290.33910736726193,0.996418431093499,51.40012847187503,-0.12417485521102663,0.001,0.999999999999318,-3378.1602457892704,13.21758425374016,2661,"2026-10-04T10:41:43.595026Z"
"NC_000913.3","fork1",5323,3928406,-1.3,1.4024466162933291,0.8025718425954855,290.59933786738986,0.9964326297200966,51.41051817708165,-0.3876374296048244,0.001,0.9999999999993185,-18555.49708158693,13.222551394083808,2662,"2026-10-04T10:41:43.596026Z"
"NC_000913.3","fork1",5325,3928407,-1.0,1.0445944094453317,0.7397355271799415,290.8435288196887,0.9964456670059908,51.42084641418048,-0.36273517284880075,0.001,0.9999999999993192,1910.0798247524672,13.22751853441381,2663,"2026-10-04T10:41:43.597027Z"
"NC_000913.3","fork1",5327,3928408,-1.0,1.0445944094453317,0.7397355271799415,291.08778072144185,0.996458656815248,51.431170640737044,-0.36180810883407355,0.001,0.9999999999993201,71.368562568446,13.232485674731839,2664,"2026-10-04T10:41:43.598027Z"
"NC_000913.3","fork1",5329,3928409,-1.0,1.0445944094453317,0.7397355271799415,291.33209355840233,0.9964715993195241,51.441490865182715,-0.3608831575494369,0.001,0.9999999999993202,71.46617570341819,13.237452815037786,2665,"2026-10-04T10:41:43.599026Z"
"NC_000913.3","fork1",5331,3928410,-1.44,1.3110377889013387,0.7876867636969223,291.588765370938,0.9964853289726696,51.4518501723048,-0.3779937668636145,0.001,0.9999999999993208,-1246.2521181597185,13.242419955332158,2666,"2026-10-04T10:41:43.600027Z"
"NC_000913.3","fork1",5333,3928411,-1.45,-1.2993432113333396,0.21427557416581033,291.6984123443254,0.9964890546506836,51.46169130517114,-0.16140543004707947,0.001,0.9999999999993205,58133.93857529881,13.247387095610343,2667,"2026-10-04T10:41:43.601027Z"
"NC_000913.3","fork1",5335,3928412,-1.0,1.0445944094453317,0.7397355271799415,291.9428849394506,0.9965018864503592,51.47200105257879,-0.35878108909936307,0.001,0.9999999999993212,-15381.759694057877,13.252354235890634,2668,"2026-10-04T10:41:43.602027Z"
"NC_000913.3","fork1",5337,3928413,-1.44,1.3110377889013387,0.7876867636969223,292.199723389377,0.9965154986628448,51.48234955824112,-0.37578971861287874,0.001,0.9999999999993215,-1249.5124897193016,13.257321376159304,2669,"2026-10-04T10:41:43.603027Z"
"NC_000913.3","fork1",5339,3928414,-1.28,-1.3896781421493287,0.19945914459223538,292.305651434801,0.9965189371828818,51.4921708301769,-0.15493139125613398,0.001,0.9999999999993215,64230.63555978989,13.26228851641173,2670,"2026-10-04T10:41:43.604027Z"
"NC_000913.3","fork1",5341,3928415,-1.45,1.6006567886666603,0.832110160392121,292.5739965037971,0.9965332456729403,51.50255213625863,-0.39112558414326787,0.001,0.9999999999993227,-16507.275884481205,13.267255656667169,2671,"2026-10-04T10:41:43.605027Z"
"NC_000913.3","fork1",5343,3928416,-1.84,1.7785320302240026,0.8555155067192858,292.84842081529496,0.9965478955246923,51.512949559722266,-0.39867156294173933,0.001,0.999999999999323,-515.0890893814128,13.27222279690893,2672,"2026-10-04T10:41:43.606027Z"
"NC_000913.3","fork1",5345,3928417,-2.24,-2.2677208491146654,0.09383182322637987,292.9273117587445,0.9965494985422986,51.522670934056606,-0.11462593490372688,0.001,0.9999999999993229,177194.32832040897,13.277189937132436,2673,"2026-10-04T10:41:43.607026Z"
"NC_000913.3","fork1",5347,3928418,-1.45,-1.2993432113333396,0.21427557416581033,293.03713799060137,0.9965531564335435,51.53249679463228,-0.1594563639830082,0.001,0.999999999999323,-12255.812455268619,13.282157077358042,2674,"2026-10-04T10:41:43.608026Z"
"NC_000913.3","fork1",5349,3928419,-1.0,1.0445944094453317,0.7397355271799415,293.2819665651503,0.9965657547614918,51.54278332274102,-0.35438451282878375,0.001,0.999999999999323,-15472.541248771422,13.287124217585626,2675,"2026-10-04T10:41:43.609026Z"
"NC_000913.3","fork1",5351,3928420,-1.28,1.1703218578506713,0.7632031881188912,293.53288596500795,0.9965787046695883,51.55308648074606,-0.36214192326786154,0.001,0.9999999999993241,-599.0320843403041,13.292091357801585,2676,"2026-10-04T10:41:43.610027Z"
"NC_000913.3","fork1",5353,3928421,-1.3,1.4024466162933291,0.8025718425954855,293.79398608827006,0.9965922700871104,51.56341993528126,-0.37567378734458096,0.001,0.9999999999993245,-997.5265453281003,13.297058498005688,2677,"2026-10-04T10:41:43.611026Z"
"NC_000913.3","fork1",5355,3928422,-0.88,-1.11502459031999,0.24693533677668908,293.9123285504752,0.996596433101908,51.5732652891779,-0.1701754447940631,0.001,0.9999999999993251,49362.866225169695,13.30202563819379,2678,"2026-10-04T10:41:43.612026Z"
"NC_000913.3","fork1",5357,3928423,-1.3,-1.197553383706671,0.23191074185089536,294.02682172704147,0.9966003382059228,51.58309557661825,-0.16451712513753142,0.001,0.9999999999993244,1448.9549152121576,13.30699277838024,2679,"2026-10-04T10:41:43.613027Z"
"NC_000913.3","fork1",5359,3928424,-2.17,-2.077195418181337,0.11133314431997621,294.1103212874533,0.9966022113383916,51.59281895114276,-0.11995659402735964,0.001,0.9999999999993242,23789.311141852213,13.311959918564604,2680,"2026-10-04T10:41:43.614027Z"
"NC_000913.3","fork1",5361,3928425,-1.84,1.7785320302240026,0.8555155067192858,294.3852179350796,0.9966165707436957,51.603187078767576,-0.393494842419888,0.001,0.9999999999993249,-19049.413440096163,13.316927058754205,2681,"2026-10-04T10:41:43.615026Z"
"NC_000913.3","fork1",5363,3928426,-1.44,-1.5689622110986612,0.1723643870770019,294.4844536636781,0.996619456466667,51.61295949516511,-0.14201879833186318,0.001,0.9999999999993248,87144.90149750165,13.321894198926133,2682,"2026-10-04T10:41:43.616027Z"
"NC_000913.3","fork1",5365,3928427,-1.45,1.6006567886666603,0.832110160392121,294.75343931974345,0.996633353180163,51.62330051180401,-0.38361360883235857,0.001,0.9999999999993255,-17385.032120798904,13.326861339101715,2683,"2026-10-04T10:41:43.617027Z"
"NC_000913.3","fork1",5367,3928428,-2.24,-2.2677208491146654,0.09383182322637987,294.8325101457285,0.9966349166486922,51.63300105742365,-0.11278169080405014,0.001,0.9999999999993252,173225.0524846169,13.331828479259762,2684,"2026-10-04T10:41:43.618027Z"
"NC_000913.3","fork1",5369,3928429,-1.84,-1.9014679697759975,0.1299424193591184,294.9208739641985,0.9966370806135415,51.64273095697915,-0.1259915408827917,0.001,0.9999999999993254,-6104.4661067148945,13.336795619419489,2685,"2026-10-04T10:41:43.619026Z"
"NC_000913.3","fork1",5371,3928430,-2.17,-2.077195418181337,0.11133314431997621,295.0044494217839,0.9966389335700955,51.65244298908109,-0.11913349088393169,0.001,0.9999999999993251,3701.1391250165907,13.34176275957977,2686,"2026-10-04T10:41:43.620027Z"
"NC_000913.3","fork1",5373,3928431,-2.24,-2.2677208491146654,0.09383182322637987,295.083519119558,0.9966404944558308,51.66213812735619,-0.11268964359249073,0.001,0.9999999999993252,4128.327362847423,13.34672989974121,2687,"2026-10-04T10:41:43.621027Z"
"NC_000913.3","fork1",5375,3928432,-1.84,-1.9014679697759975,0.1299424193591184,295.1718870102168,0.9966426548458749,51.6718625884389,-0.12589627954188026,0.001,0.9999999999993249,-6113.079434692962,13.351697039904332,2688,"2026-10-04T10:41:43.622027Z"
"NC_000913.3","fork1",5377,3928433,-1.45,-1.2993432113333396,0.21427557416581033,295.2819791607389,0.9966462143140781,51.68165785262276,-0.15673324227947177,0.001,0.9999999999993248,-8663.362327552415,13.356664180068577,2689,"2026-10-04T10:41:43.623027Z"
"NC_000913.3","fork1",5379,3928434,-1.44,1.3110377889013387,0.7876867636969223,295.5398048716709,0.9966592667862338,51.69194375051087,-0.36585795799038384,0.001,0.9999999999993252,-16021.847295680982,13.36163132023512,2690,"2026-10-04T10:41:43.624027Z"
"NC_000913.3","fork1",5381,3928435,-2.17,-2.077195418181337,0.11133314431997621,295.62341996198364,0.9966611075592399,51.701646514503246,-0.11865475122015423,0.001,0.9999999999993254,134293.15073686308,13.366598460385456,2691,"2026-10-04T10:41:43.625026Z"
"NC_000913.3","fork1",5383,3928436,-1.3,1.4024466162933291,0.8025718425954855,295.8851798782457,0.9966743473400599,51.71193895509208,-0.3701993406096714,0.001,0.999999999999326,-18999.1505757552,13.37156560054067,2692,"2026-10-04T10:41:43.626027Z"
"NC_000913.3","fork1",5385,3928437,-1.0,1.0445944094453317,0.7397355271799415,296.130809389756,0.9966865041840238,51.72217366939353,-0.34641788731062184,0.001,0.9999999999993263,1956.2193419271869,13.376532740682947,2693,"2026-10-04T10:41:43.627026Z"
"NC_000913.3","fork1",5387,3928438,-1.0,1.0445944094453317,0.7397355271799415,296.3764994979218,0.9966986167361342,51.73240453609319,-0.34552741281020405,0.001,0.999999999999327,73.51667033503522,13.38149988081386,2694,"2026-10-04T10:41:43.628026Z"
"NC_000913.3","fork1",5389,3928439,-1.44,1.3110377889013387,0.7876867636969223,296.6346149498523,0.9967114659382084,51.74267209578825,-0.3619011106833738,0.001,0.9999999999993276,-1274.2968612932611,13.386467020933468,2695,"2026-10-04T10:41:43.629026Z"
"NC_000913.3","fork1",5391,3928440,-1.28,-1.3896781421493287,0.19945914459223538,296.7410863676532,0.9967147117144788,51.75243948785417,-0.1492277836027345,0.001,0.9999999999993275,65523.1012127019,13.391434161037685,2696,"2026-10-04T10:41:43.630027Z"
"NC_000913.3","fork1",5393,3928441,-1.45,1.6006567886666603,0.832110160392121,297.0107633012623,0.9967282181388951,51.76273801993264,-0.3766613976993439,0.001,0.9999999999993283,-16838.9210264708,13.396401301144584,2697,"2026-10-04T10:41:43.631026Z"
"NC_000913.3","fork1",5395,3928442,-2.24,-2.2677208491146654,0.09383182322637987,297.0900303819239,0.9967297376967598,51.77241241382294,-0.11072769956060195,0.001,0.9999999999993279,175007.28621493722,13.401368441234512,2698,"2026-10-04T10:41:43.632026Z"
"NC_000913.3","fork1",5397,3928443,-1.28,-1.3896781421493287,0.19945914459223538,297.1965536202,0.9967329654979552,51.78217380451415,-0.1487015069137202,0.001,0.9999999999993282,-11764.605393538483,13.406335581326445,2699,"2026-10-04T10:41:43.633027Z"
"NC_000913.3","fork1",5399,3928444,-1.45,1.6006567886666603,0.832110160392121,297.46637311153006,0.9967463971226803,51.79246368138724,-0.37534846524766297,0.001,0.9999999999993286,-16874.128258674467,13.41130272142135,2700,"2026-10-04T10:41:43.634027Z"
"NC_000913.3","fork1",5401,3928445,-1.84,1.7785320302240026,0.8555155067192858,297.74230398952625,0.9967601491649043,51.80276869290832,-0.3825837006375322,0.001,0.9999999999993295,-526.1207951538163,13.416269861502942,2701,"2026-10-04T10:41:43.635026Z"
"NC_000913.3","fork1",5403,3928446,-2.24,-2.2677208491146654,0.09383182322637987,297.82164288689137,0.9967616539407939,51.812435577645,-0.11002019647715838,0.001,0.9999999999993285,181132.29089549847,13.421237001567215,2702,"2026-10-04T10:41:43.636027Z"
"NC_000913.3","fork1",5405,3928447,-1.28,-1.3896781421493287,0.19945914459223538,297.9282581310114,0.9967648503423935,51.82218866455613,-0.14774504198088736,0.001,0.9999999999993291,-11802.285891781736,13.426204141633441,2703,"2026-10-04T10:41:43.637027Z"
"NC_000913.3","fork1",5407,3928448,-1.0,-0.9554055905546683,0.277799014514135,298.0551167485581,0.9967692969280584,51.832005048674205,-0.17562567851056815,0.001,0.9999999999993291,-6270.122433439763,13.431171281699639,2704,"2026-10-04T10:41:43.638027Z"
"NC_000913.3","fork1",5409,3928449,-0.58,-0.40523812514667396,0.4000544771470622,298.2135750789806,0.9967756896928255,51.841920965113225,-0.2190449228765574,0.001,0.999999999999329,-6791.935249895625,13.436138421764202,2705,"2026-10-04T10:41:43.639027Z"
"NC_000913.3","fork1",5411,3928450,-1.0,1.0445944094453317,0.7397355271799415,298.4598305484563,0.9967874772763011,51.85211586481134,-0.3394006537949883,0.001,0.99999999999933,-10210.382065767357,13.44110556182616,2706,"2026-10-04T10:41:43.640027Z"
"NC_000913.3","fork1",5413,3928451,-1.0,1.0445944094453317,0.7397355271799415,298.7061464627981,0.9967992219045602,51.86230698590304,-0.33852606412189334,0.001,0.9999999999993301,74.46720779962162,13.446072701876986,2707,"2026-10-04T10:41:43.641027Z"
"NC_000913.3","fork1",5415,3928452,-1.0,1.0445944094453317,0.7397355271799415,298.95252280794733,0.9968109237331265,51.87249433616083,-0.3376534980193152,0.001,0.9999999999993312,74.56664551442479,13.451039841916531,2708,"2026-10-04T10:41:43.642027Z"
"NC_000913.3","fork1",5417,3928453,-1.0,1.0445944094453317,0.7397355271799415,299.1989595699896,0.9968225829169678,51.88267792333432,-0.33678295197894526,0.001,0.9999999999993315,74.66612176473984,13.456006981945087,2709,"2026-10-04T10:41:43.643026Z"
"NC_000913.3","fork1",5419,3928454,-1.0,1.0445944094453317,0.7397355271799415,299.44545673501926,0.9968341996104978,51.89285775514983,-0.3359144223093608,0.001,0.9999999999993318,74.76565232105295,13.46097412196251,2710,"2026-10-04T10:41:43.644026Z"
"NC_000913.3","fork1",5421,3928455,-1.44,1.3110377889013387,0.7876867636969223,299.7044157002362,0.996846522784649,51.903072827794716,-0.35182419426349565,0.001,0.9999999999993325,-1291.0449660850722,13.465941261969189,2711,"2026-10-04T10:41:43.645026Z"
"NC_000913.3","fork1",5423,3928456,-2.17,-2.077195418181337,0.11133314431997621,299.7884850832161,0.9968482607042597,51.9127351299629,-0.11422058245994468,0.001,0.9999999999993323,136717.26260822493,13.470908401960198,2712,"2026-10-04T10:41:43.646027Z"
"NC_000913.3","fork1",5425,3928457,-1.84,1.7785320302240026,0.8555155067192858,300.06509038914777,0.9968615835541138,51.92299911327577,-0.37444877771769824,0.001,0.9999999999993329,-19532.472264363223,13.475875541956505,2713,"2026-10-04T10:41:43.647026Z"
"NC_000913.3","fork1",5427,3928458,-1.3,1.4024466162933291,0.8025718425954855,300.3280669339793,0.9968740308765504,51.933215977671686,-0.3549106136687534,0.001,0.9999999999993331,1569.6680268823027,13.480842681939203,2714,"2026-10-04T10:41:43.648026Z"
"NC_000913.3","fork1",5429,3928459,-0.88,-1.11502459031999,0.24693533677668908,300.4473020796924,0.9968778507598082,51.94298178420628,-0.16082528659102774,0.001,0.9999999999993333,50809.23001523377,13.485809821906875,2715,"2026-10-04T10:41:43.649027Z"
"NC_000913.3","fork1",5431,3928460,-1.0,-0.9554055905546683,0.277799014514135,300.5745400657499,0.9968821425166745,51.95277049394864,-0.17145467057229197,0.001,0.9999999999993334,-2476.6976117956133,13.49077696187331,2716,"2026-10-04T10:41:43.650027Z"
"NC_000913.3","fork1",5433,3928461,-1.45,1.6006567886666603,0.832110160392121,300.8453118768444,0.9968949627466294,51.963002066468334,-0.3636123902716356,0.001,0.9999999999993343,-14988.632838566004,13.495744101840616,2717,"2026-10-04T10:41:43.651026Z"
"NC_000913.3","fork1",5435,3928462,-2.24,-2.2677208491146654,0.09383182322637987,300.9249688633195,0.9968964051021844,51.97263895170044,-0.10698255046087453,0.001,0.9999999999993341,177924.11789345177,13.500711241791407,2718,"2026-10-04T10:41:43.652026Z"
"NC_000913.3","fork1",5437,3928463,-1.28,-1.3896781421493287,0.19945914459223538,301.03198279847203,0.9968994689117068,51.98235865413977,-0.14362689362427844,0.001,0.9999999999993345,-11960.385557674213,13.505678381744378,2719,"2026-10-04T10:41:43.653027Z"
"NC_000913.3","fork1",5439,3928464,-1.0,-0.9554055905546683,0.277799014514135,301.15929984269115,0.9969037310442107,51.99213915378727,-0.17070848745584846,0.001,0.9999999999993341,-6354.000915410957,13.51064552169717,2720,"2026-10-04T10:41:43.654027Z"
"NC_000913.3","fork1",5441,3928465,-1.45,1.6006567886666603,0.832110160392121,301.43025630793954,0.9969164627794892,52.00235977570326,-0.3620514822883987,0.001,0.9999999999993349,-15028.822909613744,13.51561266165079,2721,"2026-10-04T10:41:43.655026Z"
"NC_000913.3","fork1",5443,3928466,-1.44,-1.5689622110986612,0.1723643870770019,301.530308957262,0.9969190935155857,52.012051893483786,-0.1336591291968625,0.001,0.9999999999993348,86816.90017999618,13.52057980158855,2722,"2026-10-04T10:41:43.656027Z"
"NC_000913.3","fork1",5445,3928467,-1.0,-0.9554055905546683,0.277799014514135,301.65769620552066,0.9969233287544645,52.021826032687954,-0.17000578805954647,0.001,0.9999999999993348,-8581.961939481034,13.52554694152675,2723,"2026-10-04T10:41:43.657027Z"
"NC_000913.3","fork1",5447,3928468,-1.3,-1.197553383706671,0.23191074185089536,301.7732034290743,0.9969268599492502,52.03156175396457,-0.1540368852815021,0.001,0.999999999999335,4522.237867693883,13.530514081462911,2724,"2026-10-04T10:41:43.658027Z"
"NC_000913.3","fork1",5449,3928469,-2.17,-2.077195418181337,0.11133314431997621,301.85745770164505,0.9969285537304912,52.04119987496613,-0.1123345389701198,0.001,0.9999999999993343,24620.85734783678,13.535481221397248,2725,"2026-10-04T10:41:43.659027Z"
"NC_000913.3","fork1",5451,3928470,-1.3,1.4024466162933291,0.8025718425954855,302.12097823013517,0.9969407362565998,52.05138390012516,-0.3501574910151795,0.001,0.9999999999993351,-19521.64517632647,13.540448361336466,2726,"2026-10-04T10:41:43.660027Z"
"NC_000913.3","fork1",5453,3928471,-0.88,-1.11502459031999,0.24693533677668908,302.2404397636631,0.9969444748768175,52.061125465123574,-0.1586441166476384,0.001,0.9999999999993351,51225.68306468056,13.545415501260688,2727,"2026-10-04T10:41:43.661027Z"
"NC_000913.3","fork1",5455,3928472,-1.45,1.6006567886666603,0.832110160392121,302.511729507698,0.9969570395864626,52.07132633607874,-0.35902509635308727,0.001,0.9999999999993356,-15947.919638755751,13.550382641186648,2728,"2026-10-04T10:41:43.662027Z"
"NC_000913.3","fork1",5457,3928473,-2.24,-2.2677208491146654,0.09383182322637987,302.59151781413163,0.9969584531939905,52.08094317220839,-0.10560477977477417,0.001,0.9999999999993356,179272.04799952498,13.555349781096265,2729,"2026-10-04T10:41:43.663026Z"
"NC_000913.3","fork1",5459,3928474,-1.84,-1.9014679697759975,0.1299424193591184,302.68067667375453,0.9969604097385859,52.0905866549802,-0.11796445437647253,0.001,0.9999999999993353,-6317.093221613485,13.560316921007715,2730,"2026-10-04T10:41:43.664026Z"
"NC_000913.3","fork1",5461,3928475,-1.28,-1.3896781421493287,0.19945914459223538,302.7878827252234,0.9969634105564168,52.10028299999627,-0.14174858730345555,0.001,0.9999999999993358,-7925.883631507935,13.565284060920238,2731,"2026-10-04T10:41:43.665026Z"
"NC_000913.3","fork1",5463,3928476,-1.0,-0.9554055905546683,0.277799014514135,302.9154365919029,0.9969675850591673,52.11003900227199,-0.16848663306282075,0.001,0.999999999999336,-6405.085193995273,13.570251200832871,2732,"2026-10-04T10:41:43.666027Z"
"NC_000913.3","fork1",5465,3928477,-1.45,1.6006567886666603,0.832110160392121,303.18694620273396,0.9969800550246616,52.12022700591392,-0.357402799130214,0.001,0.9999999999993363,-15149.69437193603,13.5752183407463,2733,"2026-10-04T10:41:43.667026Z"
"NC_000913.3","fork1",5467,3928478,-1.44,-1.5689622110986612,0.1723643870770019,303.28717539939106,0.9969826316709083,52.12989620995759,-0.13190617878106442,0.001,0.9999999999993363,87515.55268326917,13.58018548064408,2734,"2026-10-04T10:41:43.668026Z"
"NC_000913.3","fork1",5469,3928479,-1.45,1.6006567886666603,0.832110160392121,303.55879148814864,0.9969950399478819,52.140077881877836,-0.3562106606969796,0.001,0.9999999999993362,-18077.004760097567,13.585152620545115,2735,"2026-10-04T10:41:43.669027Z"
"NC_000913.3","fork1",5471,3928480,-1.84,1.7785320302240026,0.8555155067192858,303.8365575296794,0.9970077442034517,52.15027353000595,-0.36306893694041853,0.001,0.9999999999993376,-539.8408592867628,13.590119760433792,2736,"2026-10-04T10:41:43.670027Z"
"NC_000913.3","fork1",5473,3928481,-1.84,1.7785320302240026,0.8555155067192858,304.1143946649537,0.9970203949089724,52.16046487783123,-0.36196186641248596,0.001,0.999999999999338,87.51057607981423,13.595086900309791,2737,"2026-10-04T10:41:43.671026Z"
"NC_000913.3","fork1",5475,3928482,-2.24,-2.2677208491146654,0.09383182322637987,304.194333549239,0.9970217791727013,52.170065205621036,-0.1041566380922006,0.001,0.9999999999993376,186239.96493184325,13.600054040169157,2738,"2026-10-04T10:41:43.672027Z"
"NC_000913.3","fork1",5477,3928483,-1.84,-1.9014679697759975,0.1299424193591184,304.28365842053944,0.9970236951030239,52.17969164483231,-0.11634377523045136,0.001,0.9999999999993379,-6360.9500796523125,13.605021180030187,2739,"2026-10-04T10:41:43.673027Z"
"NC_000913.3","fork1",5479,3928484,-1.28,-1.3896781421493287,0.19945914459223538,304.39106018571465,0.9970266336290832,52.18936990909446,-0.13979589354211286,0.001,0.9999999999993378,-7980.912143951043,13.609988319892551,2740,"2026-10-04T10:41:43.674027Z"
"NC_000913.3","fork1",5481,3928485,-1.45,1.6006567886666603,0.832110160392121,304.6629932275059,0.9970388614949222,52.19953282628027,-0.3527198321468814,0.001,0.9999999999993384,-17413.009057220836,13.614955459757716,2741,"2026-10-04T10:41:43.675026Z"
"NC_000913.3","fork1",5483,3928486,-1.3,1.4024466162933291,0.8025718425954855,304.9273121632091,0.9970506077928122,52.209669023431545,-0.34178841439703433,0.001,0.999999999999339,930.6266410227818,13.61992259961028,2742,"2026-10-04T10:41:43.676027Z"
"NC_000913.3","fork1",5485,3928487,-1.0,1.0445944094453317,0.7397355271799415,305.17535038753635,0.9970613932809453,52.219753388233,-0.31983518393136323,0.001,0.9999999999993391,2035.4415298255815,13.624889739450957,2743,"2026-10-04T10:41:43.677027Z"
"NC_000913.3","fork1",5487,3928488,-1.0,1.0445944094453317,0.7397355271799415,305.4234486284812,0.9970721394439738,52.2298341639158,-0.319005328166771,0.001,0.9999999999993399,77.22344825746174,13.62985687928108,2744,"2026-10-04T10:41:43.678027Z"
"NC_000913.3","fork1",5489,3928489,-1.28,1.1703218578506713,0.7632031881188912,305.677714147969,0.997083185457233,52.239929120404774,-0.3259733558611132,0.001,0.9999999999993405,-630.8183351624563,13.63482401910089,2745,"2026-10-04T10:41:43.679027Z"
"NC_000913.3","fork1",5491,3928490,-2.24,-2.2677208491146654,0.09383182322637987,305.75781148267976,0.997084540635056,52.249514737350005,-0.10269540020949676,0.001,0.9999999999993403,164759.1569538545,13.639791158906565,2746,"2026-10-04T10:41:43.680027Z"
"NC_000913.3","fork1",5493,3928491,-1.28,-1.3896781421493287,0.19945914459223538,305.86540627202794,0.9970874192633982,52.259178493933526,-0.13785704364952522,0.001,0.99999999999934,-12214.721478733361,13.644758298714297,2747,"2026-10-04T10:41:43.681026Z"
"NC_000913.3","fork1",5495,3928492,-1.3,-1.197553383706671,0.23191074185089536,305.9814597195245,0.9970907626758093,52.26886493847406,-0.14857886019660144,0.001,0.9999999999993404,-3206.8483419277227,13.649725438521935,2748,"2026-10-04T10:41:43.682027Z"
"NC_000913.3","fork1",5497,3928493,-1.45,-1.2993432113333396,0.21427557416581033,306.09293225434817,0.9970938484439613,52.27853620798763,-0.1426161988700413,0.001,0.9999999999993407,1932.3102167267734,13.654692578328522,2749,"2026-10-04T10:41:43.683026Z"
"NC_000913.3","fork1",5499,3928494,-0.88,-1.11502459031999,0.24693533677668908,306.21292214833437,0.997097400495861,52.28823025877439,-0.15338401804874796,0.001,0.9999999999993404,-3031.4363310800104,13.659659718134419,2750,"2026-10-04T10:41:43.684026Z"
"NC_000913.3","fork1",5501,3928495,-0.58,-0.40523812514667396,0.4000544771470622,306.37281689598586,0.9971031459114078,52.29803768953562,-0.20408431936984284,0.001,0.9999999999993405,-8824.479432064945,13.664626857940062,2751,"2026-10-04T10:41:43.685026Z"
"NC_000913.3","fork1",5503,3928496,-1.0,1.0445944094453317,0.7397355271799415,306.62125139167193,0.9971137398316249,52.308097849983774,-0.31614745109561604,0.001,0.9999999999993411,-10578.06075839427,13.669593997743055,2752,"2026-10-04T10:41:43.686027Z"
"NC_000913.3","fork1",5505,3928497,-1.44,1.3110377889013387,0.7876867636969223,306.88224291373433,0.9971249780076683,52.318190288856556,-0.3311124425886036,0.001,0.9999999999993419,-1331.6210241910987,13.674561137536102,2753,"2026-10-04T10:41:43.687026Z"
"NC_000913.3","fork1",5507,3928498,-2.17,-2.077195418181337,0.11133314431997621,306.96699481855046,0.9971265629095747,52.32777463097899,-0.10752421895006192,0.001,0.9999999999993416,141073.8562041173,13.679528277314619,2754,"2026-10-04T10:41:43.688026Z"
"NC_000913.3","fork1",5509,3928499,-1.84,1.7785320302240026,0.8555155067192858,307.2457672358256,0.9971387127131879,52.337911804757404,-0.35239271185623455,0.001,0.9999999999993426,-20154.111185820533,13.684495417097995,2755,"2026-10-04T10:41:43.689027Z"
"NC_000913.3","fork1",5511,3928500,-1.3,1.4024466162933291,0.8025718425954855,307.51080473948997,0.997150064051644,52.34800556898645,-0.33400072934413066,0.001,0.9999999999993429,1620.2479190670037,13.68946255686872,2756,"2026-10-04T10:41:43.690027Z"
"NC_000913.3","fork1",5513,3928501,-1.44,1.3110377889013387,0.7876867636969223,307.77202587453417,0.9971611611954394,52.35808447954512,-0.3281938897922666,0.001,0.9999999999993435,523.2733448270319,13.694429696627777,2757,"2026-10-04T10:41:43.691026Z"
"NC_000913.3","fork1",5515,3928502,-2.17,-2.077195418181337,0.11133314431997621,307.85687934983576,0.9971627262075414,52.36766128838211,-0.10661027155386982,0.001,0.9999999999993433,141585.88163759443,13.699396836372648,2758,"2026-10-04T10:41:43.692027Z"
"NC_000913.3","fork1",5517,3928503,-1.3,1.4024466162933291,0.8025718425954855,308.1220808622371,0.9971739825493285,52.37774544960997,-0.33206945962858775,0.001,0.999999999999344,-20029.525785439928,13.70436397612212,2759,"2026-10-04T10:41:43.693027Z"
"NC_000913.3","fork1",5519,3928504,-0.88,-1.11502459031999,0.24693533677668908,308.2423535440618,0.9971774369343522,52.38741822753881,-0.15050918163531668,0.001,0.999999999999344,52559.36346063306,13.709331115857598,2760,"2026-10-04T10:41:43.694027Z"
"NC_000913.3","fork1",5521,3928505,-1.3,-1.197553383706671,0.23191074185089536,308.35871804432236,0.9971806773057748,52.39707810664604,-0.14550764809690558,0.001,0.9999999999993439,1543.5062485900196,13.714298255591732,2761,"2026-10-04T10:41:43.695027Z"
"NC_000913.3","fork1",5523,3928506,-1.28,-1.3896781421493287,0.19945914459223538,308.4666229690401,0.9971834612800752,52.40671234345947,-0.13484561166244444,0.001,0.9999999999993437,3829.7898198399657,13.719265395324946,2762,"2026-10-04T10:41:43.696027Z"
"NC_000913.3","fork1",5525,3928507,-1.3,-1.197553383706671,0.23191074185089536,308.58300955549527,0.9971866947549137,52.41636854324564,-0.14533116515157068,0.001,0.999999999999344,-3242.812767280539,13.724232535057839,2763,"2026-10-04T10:41:43.697027Z"
"NC_000913.3","fork1",5527,3928508,-2.17,-2.077195418181337,0.11133314431997621,308.6679201613574,0.9971882457304135,52.425934633568765,-0.10600377613412475,0.001,0.9999999999993443,25356.55077871463,13.729199674789431,2764,"2026-10-04T10:41:43.698027Z"
"NC_000913.3","fork1",5529,3928509,-1.84,1.7785320302240026,0.8555155067192858,308.9472030829484,0.997200135451841,52.43604267769012,-0.3473944629069414,0.001,0.9999999999993444,-20302.467828571174,13.734166814525823,2765,"2026-10-04T10:41:43.699026Z"
"NC_000913.3","fork1",5531,3928510,-1.44,-1.5689622110986612,0.1723643870770019,309.04809321561277,0.9972025248502264,52.44564958965031,-0.1254660341782825,0.001,0.9999999999993443,92880.46316902825,13.739133954246558,2766,"2026-10-04T10:41:43.700026Z"
"NC_000913.3","fork1",5533,3928511,-1.45,1.6006567886666603,0.832110160392121,309.32136986743313,0.9972140313907633,52.4557344112198,-0.338654165599479,0.001,0.9999999999993456,-18527.560976193476,13.744101093970901,2767,"2026-10-04T10:41:43.701026Z"
"NC_000913.3","fork1",5535,3928512,-1.84,1.7785320302240026,0.8555155067192858,309.60083151723904,0.9972258123788634,52.465832177741746,-0.34516667805096835,0.001,0.9999999999993456,-552.7984916132094,13.7490682336834,2768,"2026-10-04T10:41:43.702027Z"
"NC_000913.3","fork1",5537,3928513,-1.3,1.4024466162933291,0.8025718425954855,309.8665255584018,0.9972368191318601,52.47588771539944,-0.327151671698348,0.001,0.9999999999993465,1636.7230515684776,13.754035373383472,2769,"2026-10-04T10:41:43.703026Z"
"NC_000913.3","fork1",5539,3928514,-1.0,1.0445944094453317,0.7397355271799415,310.115858296606,0.9972469255530972,52.48589436648809,-0.3061404108565743,0.001,0.9999999999993471,2079.0010973044564,13.759002513072081,2770,"2026-10-04T10:41:43.704026Z"
"NC_000913.3","fork1",5541,3928515,-1.0,1.0445944094453317,0.7397355271799415,310.3652507444167,0.9972569951114547,52.49589755903958,-0.3053422333518472,0.001,0.9999999999993474,79.26638650788115,13.763969652750658,2771,"2026-10-04T10:41:43.705027Z"
"NC_000913.3","fork1",5543,3928516,-1.0,1.0445944094453317,0.7397355271799415,310.6147028884309,0.9972670279406465,52.50589729991721,-0.3045459423707122,0.001,0.9999999999993482,79.36853761934533,13.768936792419343,2772,"2026-10-04T10:41:43.706027Z"
"NC_000913.3","fork1",5545,3928517,-0.88,-1.11502459031999,0.24693533677668908,310.73531488766366,0.9972703689028828,52.51554313749751,-0.14715873234838417,0.001,0.9999999999993477,47108.347502965524,13.77390393207574,2773,"2026-10-04T10:41:43.707026Z"
"NC_000913.3","fork1",5547,3928518,-0.58,-0.40523812514667396,0.4000544771470622,310.8959980749206,0.9972757728795839,52.525295986565105,-0.19575089564495227,0.001,0.9999999999993484,-8991.92686868227,13.778871071731745,2774,"2026-10-04T10:41:43.708026Z"
"NC_000913.3","fork1",5549,3928519,-1.28,1.1703218578506713,0.7632031881188912,311.1517305333676,0.9972860527309726,52.535304081975156,-0.3105789628245195,0.001,0.9999999999993485,-11170.206925945704,13.783838211385646,2775,"2026-10-04T10:41:43.709027Z"
"NC_000913.3","fork1",5551,3928520,-2.24,-2.2677208491146654,0.09383182322637987,311.23234530871923,0.9972873139112959,52.54483549791479,-0.09791207225316809,0.001,0.9999999999993486,168625.2843028565,13.788805351026111,2776,"2026-10-04T10:41:43.710027Z"
"NC_000913.3","fork1",5553,3928521,-1.45,-1.2993432113333396,0.21427557416581033,311.34448554976575,0.9972901917681812,52.55445042675394,-0.1360996555212637,0.001,0.9999999999993487,-13269.451814111178,13.793772490668893,2777,"2026-10-04T10:41:43.711026Z"
"NC_000913.3","fork1",5555,3928522,-0.88,-1.11502459031999,0.24693533677668908,311.4651862799963,0.9972935044903026,52.56408662659533,-0.14636521730129876,0.001,0.9999999999993486,-3098.8297248758618,13.79873963031113,2778,"2026-10-04T10:41:43.712027Z"
"NC_000913.3","fork1",5557,3928523,-0.58,-0.40523812514667396,0.4000544771470622,311.62599427527124,0.9972988627884708,52.57382902050039,-0.19470319090710242,0.001,0.9999999999993489,-9021.142924252988,13.803706769953052,2779,"2026-10-04T10:41:43.713027Z"
"NC_000913.3","fork1",5559,3928524,-1.0,1.0445944094453317,0.7397355271799415,311.87579099953945,0.9973087428954859,52.583808227452515,-0.30154393758918774,0.001,0.9999999999993496,-10813.723628600595,13.808673909592711,2780,"2026-10-04T10:41:43.714027Z"
"NC_000913.3","fork1",5561,3928525,-0.88,-1.11502459031999,0.24693533677668908,311.99656169430136,0.9973120330001054,52.593438399084256,-0.14569834937848394,0.001,0.9999999999993491,47367.9734333896,13.813641049220365,2781,"2026-10-04T10:41:43.715027Z"
"NC_000913.3","fork1",5563,3928526,-0.58,-0.40523812514667396,0.4000544771470622,312.1574612813224,0.9973173547143517,52.60317408858129,-0.1938140200414834,0.001,0.9999999999993495,-9041.385620558505,13.818608188847616,2782,"2026-10-04T10:41:43.716027Z"
"NC_000913.3","fork1",5565,3928527,-0.88,-1.11502459031999,0.24693533677668908,312.2782655313902,0.9973206343191705,52.61280045108193,-0.14540491510499842,0.001,0.9999999999993492,14760.651850051929,13.823575328470344,2783,"2026-10-04T10:41:43.717027Z"
"NC_000913.3","fork1",5567,3928528,-0.58,-0.40523812514667396,0.4000544771470622,312.4392130880713,0.9973259390499379,52.62253202945617,-0.1934275451355003,0.001,0.9999999999993499,-9052.793089019418,13.828542468092744,2784,"2026-10-04T10:41:43.718027Z"
"NC_000913.3","fork1",5569,3928529,-1.28,1.1703218578506713,0.7632031881188912,312.6953809269774,0.9973360301053162,52.63251459779692,-0.30690946592103646,0.001,0.9999999999993501,-11245.793084193869,13.833509607713035,2785,"2026-10-04T10:41:43.719026Z"
"NC_000913.3","fork1",5571,3928530,-2.24,-2.2677208491146654,0.09383182322637987,312.77611573465634,0.9973372681229968,52.6420283792178,-0.09673443766501198,0.001,0.9999999999993504,169767.38826155438,13.838476747320058,2786,"2026-10-04T10:41:43.720026Z"
"NC_000913.3","fork1",5573,3928531,-1.45,-1.2993432113333396,0.21427557416581033,312.88843272774716,0.9973400931253916,52.651624267916915,-0.13447427382496555,0.001,0.9999999999993499,-13359.222714128038,13.843443886929379,2787,"2026-10-04T10:41:43.721026Z"
"NC_000913.3","fork1",5575,3928532,-1.28,1.1703218578506713,0.7632031881188912,313.14472848297277,0.9973501309097086,52.66159935768728,-0.3058807496265765,0.001,0.9999999999993503,-17076.126602157467,13.848411026540616,2788,"2026-10-04T10:41:43.722027Z"
"NC_000913.3","fork1",5577,3928533,-2.24,-2.2677208491146654,0.09383182322637987,313.2254967135267,0.9973513623917734,52.67110787874025,-0.09640192099940988,0.001,0.9999999999993504,170103.02839183394,13.853378166138778,2789,"2026-10-04T10:41:43.723026Z"
"NC_000913.3","fork1",5579,3928534,-2.17,-2.077195418181337,0.11133314431997621,313.31085546515965,0.9973528228269782,52.68062682356609,-0.10185193710034907,0.001,0.9999999999993504,-3731.7753521176965,13.858345305738666,2790,"2026-10-04T10:41:43.724026Z"
"NC_000913.3","fork1",5581,3928535,-2.24,-2.2677208491146654,0.09383182322637987,313.3916220379795,0.9973540530613386,52.690131942734325,-0.09635335505440518,0.001,0.9999999999993499,4469.540294933171,13.86331244533983,2791,"2026-10-04T10:41:43.725027Z"
"NC_000913.3","fork1",5583,3928536,-1.84,-1.9014679697759975,0.1299424193591184,313.481864986534,0.9973557558022219,52.699660360880316,-0.10761872047066441,0.001,0.9999999999993506,-6616.018636072665,13.868279584942755,2792,"2026-10-04T10:41:43.726027Z"
"NC_000913.3","fork1",5585,3928537,-2.17,-2.077195418181337,0.11133314431997621,313.5672250191922,0.9973572138213586,52.70917418799506,-0.10176818003310897,0.001,0.99999999999935,4012.6636821874026,13.873246724546648,2793,"2026-10-04T10:41:43.727026Z"
"NC_000913.3","fork1",5587,3928538,-1.84,1.7785320302240026,0.8555155067192858,313.8479740159023,0.9973683909336559,52.71920008336794,-0.3334966463892566,0.001,0.999999999999351,-20732.409247667398,13.878213864155212,2794,"2026-10-04T10:41:43.728027Z"
"NC_000913.3","fork1",5589,3928539,-1.44,-1.5689622110986612,0.1723643870770019,313.9493967480883,0.9973706371217819,52.72875234839353,-0.12044939125565533,0.001,0.9999999999993513,94848.35783475562,13.883181003749081,2795,"2026-10-04T10:41:43.729027Z"
"NC_000913.3","fork1",5591,3928540,-1.0,-0.9554055905546683,0.277799014514135,314.07851788632775,0.9973742532707718,52.738375407512386,-0.1531896755918799,0.001,0.9999999999993503,-9053.90912474237,13.88814814334365,2796,"2026-10-04T10:41:43.730027Z"
"NC_000913.3","fork1",5593,3928541,-1.0,-0.9554055905546683,0.277799014514135,314.20765507629693,0.997377864459566,52.74799658616914,-0.15306148172252887,0.001,0.999999999999351,35.499077078530746,13.893115282936487,2797,"2026-10-04T10:41:43.731026Z"
"NC_000913.3","fork1",5595,3928542,-1.0,-0.9554055905546683,0.277799014514135,314.3368083163345,0.9973814706949322,52.75761588546698,-0.15293337124737535,0.001,0.9999999999993504,35.52471265566489,13.898082422527875,2798,"2026-10-04T10:41:43.732027Z"
"NC_000913.3","fork1",5597,3928543,-1.3,-1.197553383706671,0.23191074185089536,314.4539186492865,0.9973844774449913,52.76720185239718,-0.13856859702198204,0.001,0.9999999999993512,4777.508586785493,13.903049562117499,2799,"2026-10-04T10:41:43.733027Z"
"NC_000913.3","fork1",5599,3928544,-1.28,-1.3896781421493287,0.19945914459223538,314.56251125937126,0.9973870607017064,52.776763783380055,-0.12840971082032962,0.001,0.9999999999993507,3932.5887134227273,13.9080167017063,2800,"2026-10-04T10:41:43.734027Z"
"NC_000913.3","fork1",5601,3928545,-1.45,1.6006567886666603,0.832110160392121,314.83742598367627,0.9973978101923208,52.78675626979171,-0.3239465409707384,0.001,0.9999999999993514,-18190.33451577727,13.912983841297573,2801,"2026-10-04T10:41:43.735027Z"
"NC_000913.3","fork1",5603,3928546,-2.24,-2.2677208491146654,0.09383182322637987,314.9182930438343,0.9973990195740273,52.79624228667524,-0.09530004022866957,0.001,0.9999999999993516,189060.65760904743,13.917950980874487,2802,"2026-10-04T10:41:43.736026Z"
"NC_000913.3","fork1",5605,3928547,-2.17,-2.077195418181337,0.11133314431997621,315.0037613290596,0.9974004537999779,52.80573854915186,-0.10069363988416535,0.001,0.9999999999993513,-3760.634545341872,13.922918120453152,2803,"2026-10-04T10:41:43.737026Z"
"NC_000913.3","fork1",5607,3928548,-1.3,1.4024466162933291,0.8025718425954855,315.27104247114113,0.9974107694519058,52.81570345046441,-0.31382268485130416,0.001,0.9999999999993517,-20660.74412524955,13.927885260036048,2804,"2026-10-04T10:41:43.738027Z"
"NC_000913.3","fork1",5609,3928549,-1.28,1.1703218578506713,0.7632031881188912,315.5280321213054,0.9974205412122904,52.82563806176442,-0.30085339139934925,0.001,0.9999999999993529,1327.2218046142928,13.932852399608137,2805,"2026-10-04T10:41:43.739026Z"
"NC_000913.3","fork1",5611,3928550,-1.3,1.4024466162933291,0.8025718425954855,315.79544192078924,0.9974307773576546,52.835595778100576,-0.31207218134047254,0.001,0.9999999999993524,-1095.9975207406558,13.937819539170455,2806,"2026-10-04T10:41:43.740026Z"
"NC_000913.3","fork1",5613,3928551,-1.28,1.1703218578506713,0.7632031881188912,316.0525565073422,0.9974404738019409,52.845523416360706,-0.29917632693112717,0.001,0.9999999999993535,1329.9570469966147,13.942786678722026,2807,"2026-10-04T10:41:43.741027Z"
"NC_000913.3","fork1",5615,3928552,-2.24,-2.2677208491146654,0.09383182322637987,316.1335462855051,0.9974416634063649,52.854998782921534,-0.09424615276716916,0.001,0.9999999999993534,172267.4950051234,13.947753818260642,2808,"2026-10-04T10:41:43.742027Z"
"NC_000913.3","fork1",5617,3928553,-1.45,-1.2993432113333396,0.21427557416581033,316.2462426767021,0.9974443779352945,52.86455331632694,-0.13104359267613547,0.001,0.9999999999993533,-13555.736874716567,13.952720957801544,2809,"2026-10-04T10:41:43.743026Z"
"NC_000913.3","fork1",5619,3928554,-1.0,1.0445944094453317,0.7397355271799415,316.4973055502714,0.9974537271420235,52.87445792318191,-0.2910377150979495,0.001,0.9999999999993543,-17113.12275567543,13.957688097344253,2810,"2026-10-04T10:41:43.744026Z"
"NC_000913.3","fork1",5621,3928555,-0.88,-1.11502459031999,0.24693533677668908,316.6186477022533,0.9974568404530756,52.88403041535745,-0.14057400213550328,0.001,0.9999999999993545,48329.16160507226,13.962655236875378,2811,"2026-10-04T10:41:43.745027Z"
"NC_000913.3","fork1",5623,3928556,-1.45,1.6006567886666603,0.832110160392121,316.8941374595757,0.9974673036025423,52.89399103877745,-0.3180415885880308,0.001,0.9999999999993547,-16961.201502165084,13.967622376408057,2812,"2026-10-04T10:41:43.746027Z"
"NC_000913.3","fork1",5625,3928557,-2.24,-2.2677208491146654,0.09383182322637987,316.9751987597798,0.9974684807687877,52.90345768446421,-0.09359162983464586,0.001,0.9999999999993542,190669.72030182436,13.972589515926645,2813,"2026-10-04T10:41:43.747026Z"
"NC_000913.3","fork1",5627,3928558,-2.17,-2.077195418181337,0.11133314431997621,317.06087030311585,0.997469876789786,52.912934290439395,-0.09888607764995234,0.001,0.9999999999993548,-3792.5273484705936,13.9775566554468,2814,"2026-10-04T10:41:43.748027Z"
"NC_000913.3","fork1",5629,3928559,-2.24,-2.2677208491146654,0.09383182322637987,317.14192997170215,0.9974710527630778,52.922397577336554,-0.09354408644664768,0.001,0.9999999999993543,4542.612694356562,13.982523794968232,2815,"2026-10-04T10:41:43.749027Z"
"NC_000913.3","fork1",5631,3928560,-1.45,-1.2993432113333396,0.21427557416581033,317.2547357439171,0.9974737361873431,52.93193921038992,-0.13008130064462944,0.001,0.9999999999993542,-13615.891705905102,13.987490934492095,2816,"2026-10-04T10:41:43.750027Z"
"NC_000913.3","fork1",5633,3928561,-0.88,-1.11502459031999,0.24693533677668908,317.376161765993,0.997476825095354,52.94150074627169,-0.1399025050590298,0.001,0.999999999999354,-3179.506926074079,13.99245807401553,2817,"2026-10-04T10:41:43.751027Z"
"NC_000913.3","fork1",5635,3928562,-1.3,-1.197553383706671,0.23191074185089536,317.49363921548627,0.9974797226305302,52.95105051358034,-0.13524898002316368,0.001,0.9999999999993543,1606.0288323772495,13.997425213537944,2818,"2026-10-04T10:41:43.752027Z"
"NC_000913.3","fork1",5637,3928563,-1.45,-1.2993432113333396,0.21427557416581033,317.60647750527005,0.9974823968785612,52.96058681333047,-0.12981763172787275,0.001,0.9999999999993544,2030.9815066848566,14.002392353059605,2819,"2026-10-04T10:41:43.753027Z"
"NC_000913.3","fork1",5639,3928564,-1.0,1.0445944094453317,0.7397355271799415,317.85792823704344,0.9974916073507409,52.97046859156355,-0.2883966812338815,0.001,0.9999999999993553,-17217.255143026123,14.007359492583243,2820,"2026-10-04T10:41:43.754027Z"
"NC_000913.3","fork1",5641,3928565,-1.28,1.1703218578506713,0.7632031881188912,318.1156294121645,0.9975010747931184,52.98036252635504,-0.29468865852783865,0.001,0.9999999999993551,-664.591031354427,14.01232663209756,2821,"2026-10-04T10:41:43.755026Z"
"NC_000913.3","fork1",5643,3928566,-1.84,1.7785320302240026,0.8555155067192858,318.3977501407289,0.9975116449934771,52.99031355573685,-0.3215245244879198,0.001,0.9999999999993562,-2538.8228273356044,14.01729377160241,2822,"2026-10-04T10:41:43.756026Z"
"NC_000913.3","fork1",5645,3928567,-2.24,-2.2677208491146654,0.09383182322637987,318.47892209066447,0.9975128016017768,52.9997629631876,-0.0925195513415734,0.001,0.999999999999356,197996.99968227433,14.02226091109272,2823,"2026-10-04T10:41:43.757026Z"
"NC_000913.3","fork1",5647,3928568,-1.84,-1.9014679697759975,0.1299424193591184,318.56962459117733,0.997514402438133,53.00923433643158,-0.10334388137395263,0.001,0.9999999999993556,-6761.671791186982,14.027228050584846,2824,"2026-10-04T10:41:43.758027Z"
"NC_000913.3","fork1",5649,3928569,-1.45,-1.2993432113333396,0.21427557416581033,318.6825938104761,0.9975170399792718,53.018759179157136,-0.1286186718148186,0.001,0.999999999999356,-9582.70946748572,14.032195190078497,2825,"2026-10-04T10:41:43.759026Z"
"NC_000913.3","fork1",5651,3928570,-1.28,1.1703218578506713,0.7632031881188912,318.9405195579842,0.9975264116691553,53.0286403955227,-0.292719673014775,0.001,0.9999999999993562,-17510.289311596163,14.037162329574072,2826,"2026-10-04T10:41:43.760026Z"
"NC_000913.3","fork1",5653,3928571,-1.84,1.7785320302240026,0.8555155067192858,319.2228863747307,0.9975368749617364,53.038578167651146,-0.31937596560832554,0.001,0.9999999999993575,-2547.600804155647,14.042129469060395,2827,"2026-10-04T10:41:43.761027Z"
"NC_000913.3","fork1",5655,3928572,-2.24,-2.2677208491146654,0.09383182322637987,319.3041264115926,0.9975380198718792,53.048018940393305,-0.09189813076438956,0.001,0.999999999999357,198686.19059224287,14.047096608532165,2828,"2026-10-04T10:41:43.762027Z"
"NC_000913.3","fork1",5657,3928573,-1.45,-1.2993432113333396,0.21427557416581033,319.4171857517065,0.9975406324136482,53.05753613657133,-0.12779515269865704,0.001,0.9999999999993573,-13740.26718339332,14.05206374800628,2829,"2026-10-04T10:41:43.763026Z"
"NC_000913.3","fork1",5659,3928574,-1.28,1.1703218578506713,0.7632031881188912,319.6753041555453,0.9975499152749111,53.06740656708887,-0.2908303728978462,0.001,0.9999999999993575,-17563.035316588077,14.057030887482343,2830,"2026-10-04T10:41:43.764027Z"
"NC_000913.3","fork1",5661,3928575,-1.3,1.4024466162933291,0.8025718425954855,319.943888481474,0.9975596392773364,53.07729898722807,-0.3016729355354095,0.001,0.9999999999993584,-1115.0308446432982,14.061998026948846,2831,"2026-10-04T10:41:43.765027Z"
"NC_000913.3","fork1",5663,3928576,-1.0,1.0445944094453317,0.7397355271799415,320.1959279714335,0.9975685678525099,53.08714760498606,-0.2822862364621627,0.001,0.9999999999993588,2171.3093854775034,14.066965166404904,2832,"2026-10-04T10:41:43.766027Z"
"NC_000913.3","fork1",5665,3928577,-1.44,1.3110377889013387,0.7876867636969223,320.4607039095731,0.9975780393749821,53.09702363433466,-0.2956372241621926,0.001,0.9999999999993591,-1409.5925696417912,14.071932305852002,2833,"2026-10-04T10:41:43.767026Z"
"NC_000913.3","fork1",5667,3928578,-2.17,-2.077195418181337,0.11133314431997621,320.5466969435938,0.9975793751258678,53.10646508133554,-0.09601617649852599,0.001,0.9999999999993591,149444.817745577,14.076899445286228,2834,"2026-10-04T10:41:43.768027Z"
"NC_000913.3","fork1",5669,3928579,-2.24,-2.2677208491146654,0.09383182322637987,320.62806174226773,0.997580500328993,53.115893689920135,-0.09083009783742058,0.001,0.9999999999993592,4609.015514463075,14.081866584722045,2835,"2026-10-04T10:41:43.769027Z"
"NC_000913.3","fork1",5671,3928580,-1.28,-1.3896781421493287,0.19945914459223538,320.73736593319273,0.9975828904502098,53.125388028901604,-0.12193552405907045,0.001,0.9999999999993586,-13014.162630759329,14.08683372415976,2836,"2026-10-04T10:41:43.770027Z"
"NC_000913.3","fork1",5673,3928581,-1.0,-0.9554055905546683,0.277799014514135,320.8674049282438,0.9975862153947767,53.13493055293978,-0.14492134857305122,0.001,0.9999999999993592,-6913.145182278862,14.091800863597728,2837,"2026-10-04T10:41:43.771027Z"
"NC_000913.3","fork1",5675,3928582,-1.0,-0.9554055905546683,0.277799014514135,320.9974598630991,0.9975895357766447,53.14447124588968,-0.14479889220524486,0.001,0.9999999999993594,36.88020615524369,14.096768003034345,2838,"2026-10-04T10:41:43.772027Z"
"NC_000913.3","fork1",5677,3928583,-1.3,-1.197553383706671,0.23191074185089536,321.1153859200973,0.9975923041908227,53.15398094177493,-0.13119529236980093,0.001,0.9999999999993593,4913.8600515385715,14.101735142469368,2839,"2026-10-04T10:41:43.773026Z"
"NC_000913.3","fork1",5679,3928584,-2.17,-2.077195418181337,0.11133314431997621,321.2014058816467,0.9975936320934067,53.163412274388946,-0.09567695681467786,0.001,0.999999999999359,26747.696693272035,14.106702281903488,2840,"2026-10-04T10:41:43.774027Z"
"NC_000913.3","fork1",5681,3928585,-2.24,-2.2677208491146654,0.09383182322637987,321.28279272351676,0.9975947506853027,53.17283082770569,-0.09050533787873485,0.001,0.9999999999993586,4623.329522090872,14.111669421338712,2841,"2026-10-04T10:41:43.775026Z"
"NC_000913.3","fork1",5683,3928586,-1.45,-1.2993432113333396,0.21427557416581033,321.39607190682153,0.9975973031719025,53.182324195827924,-0.12587539845223505,0.001,0.9999999999993592,-13857.099416480014,14.116636560776193,2842,"2026-10-04T10:41:43.776026Z"
"NC_000913.3","fork1",5685,3928587,-1.44,1.3110377889013387,0.7876867636969223,321.66122730776544,0.9976066630259296,53.192178929693945,-0.2936666703614538,0.001,0.9999999999993596,-17926.697513033934,14.12160370021574,2843,"2026-10-04T10:41:43.777026Z"
"NC_000913.3","fork1",5687,3928588,-1.45,-1.2993432113333396,0.21427557416581033,321.77455323146165,0.9976092029012713,53.201668493496335,-0.12545273463474804,0.001,0.9999999999993597,66229.20934904859,14.126570839643014,2844,"2026-10-04T10:41:43.778027Z"
"NC_000913.3","fork1",5689,3928589,-1.44,1.3110377889013387,0.7876867636969223,322.03980877593693,0.9976185165098291,53.21151775816963,-0.29267021468188825,0.001,0.9999999999993607,-17954.102216012798,14.131537979072489,2845,"2026-10-04T10:41:43.779026Z"
"NC_000913.3","fork1",5691,3928590,-1.28,-1.3896781421493287,0.19945914459223538,322.14925526492226,0.9976208691660354,53.220994205123915,-0.12070954062559176,0.001,0.9999999999993598,73092.13883277909,14.136505118489561,2846,"2026-10-04T10:41:43.780026Z"
"NC_000913.3","fork1",5693,3928591,-1.45,1.6006567886666603,0.832110160392121,322.42638390025945,0.9976306590662847,53.23086588091221,-0.30457476531592875,0.001,0.9999999999993607,-18781.113189022755,14.141472257909205,2847,"2026-10-04T10:41:43.781027Z"
"NC_000913.3","fork1",5695,3928592,-1.44,-1.5689622110986612,0.1723643870770019,322.52869481917804,0.9976326819289567,53.24032160143215,-0.11241427063637227,0.001,0.9999999999993606,94994.33517462242,14.146439397315662,2848,"2026-10-04T10:41:43.782027Z"
"NC_000913.3","fork1",5697,3928593,-1.0,-0.9554055905546683,0.277799014514135,322.65896532908215,0.9976359385433238,53.24984157102547,-0.14298985984697396,0.001,0.999999999999361,-9388.7656824915,14.15140653672287,2849,"2026-10-04T10:41:43.783026Z"
"NC_000913.3","fork1",5699,3928594,-1.3,-1.197553383706671,0.23191074185089536,322.7770834313128,0.9976386537901495,53.259331060674015,-0.129552268691308,0.001,0.999999999999361,4948.939090330156,14.156373676128498,2850,"2026-10-04T10:41:43.784027Z"
"NC_000913.3","fork1",5701,3928595,-1.45,-1.2993432113333396,0.21427557416581033,322.89053598947856,0.9976411597962815,53.268807789679876,-0.12434796177872336,0.001,0.9999999999993608,2076.7335107524545,14.161340815533555,2851,"2026-10-04T10:41:43.785027Z"
"NC_000913.3","fork1",5703,3928596,-0.88,-1.11502459031999,0.24693533677668908,323.0126620685186,0.9976440444759608,53.278303149760916,-0.13373987013238153,0.001,0.9999999999993603,-3255.7889949634637,14.166307954938453,2852,"2026-10-04T10:41:43.786027Z"
"NC_000913.3","fork1",5705,3928597,-1.0,-0.9554055905546683,0.277799014514135,323.1429897011249,0.9976472854962389,53.28781595953229,-0.14258115747191422,0.001,0.9999999999993607,-2727.9333607147814,14.171275094342786,2853,"2026-10-04T10:41:43.787026Z"
"NC_000913.3","fork1",5707,3928598,-0.58,-0.40523812514667396,0.4000544771470622,323.3057748070376,0.9976519450306717,53.29740297364134,-0.17781891761612179,0.001,0.999999999999361,-7562.5066523007745,14.176242233745972,2854,"2026-10-04T10:41:43.788027Z"
"NC_000913.3","fork1",5709,3928599,-1.0,1.0445944094453317,0.7397355271799415,323.5587403369719,0.9976605366777656,53.30719853858951,-0.275495858302787,0.001,0.9999999999993615,-11368.82597939041,14.18120937314754,2855,"2026-10-04T10:41:43.789027Z"
"NC_000913.3","fork1",5711,3928600,-1.0,1.0445944094453317,0.7397355271799415,323.8117647099447,0.9976690969610553,53.31699095323285,-0.2747687638167488,0.001,0.9999999999993624,84.93813363711904,14.18617651253998,2856,"2026-10-04T10:41:43.790027Z"
"NC_000913.3","fork1",5713,3928601,-1.28,1.1703218578506713,0.7632031881188912,324.0710785357883,0.997677896062754,53.32679465885685,-0.280760173173903,0.001,0.999999999999363,-680.9114796381316,14.191143651923516,2857,"2026-10-04T10:41:43.791026Z"
"NC_000913.3","fork1",5715,3928602,-2.24,-2.2677208491146654,0.09383182322637987,324.1527053375043,0.9976789755759653,53.336184208442006,-0.08838357548330583,0.001,0.9999999999993626,178206.80255033763,14.196110791295272,2858,"2026-10-04T10:41:43.792026Z"
"NC_000913.3","fork1",5717,3928603,-1.84,-1.9014679697759975,0.1299424193591184,324.2439215909036,0.9976804697064127,53.34559431499424,-0.098729625873121,0.001,0.9999999999993625,-6924.4625916397445,14.201077930668873,2859,"2026-10-04T10:41:43.793026Z"
"NC_000913.3","fork1",5719,3928604,-2.17,-2.077195418181337,0.11133314431997621,324.3301966752471,0.9976817490965763,53.35499133392228,-0.0933556510772974,0.001,0.9999999999993628,4200.419034604053,14.20604507004342,2860,"2026-10-04T10:41:43.794027Z"
"NC_000913.3","fork1",5721,3928605,-2.24,-2.2677208491146654,0.09383182322637987,324.4118223658055,0.9976828268227269,53.36437595947298,-0.08830660317942465,0.001,0.9999999999993628,4684.908030487451,14.211012209419353,2861,"2026-10-04T10:41:43.795026Z"
"NC_000913.3","fork1",5723,3928606,-1.84,-1.9014679697759975,0.1299424193591184,324.50304254717594,0.9976843184797367,53.37378111941722,-0.09864921293057763,0.001,0.9999999999993625,-6933.63801678477,14.215979348797193,2862,"2026-10-04T10:41:43.796026Z"
"NC_000913.3","fork1",5725,3928607,-1.84,-1.9014679697759975,0.1299424193591184,324.5942648892312,0.9976858091787345,53.38318462695548,-0.09861590891846714,0.001,0.9999999999993622,22.341205139139042,14.220946488175965,2863,"2026-10-04T10:41:43.797027Z"
"NC_000913.3","fork1",5727,3928608,-1.45,-1.2993432113333396,0.21427557416581033,324.7079071113022,0.9976882652566249,53.39263819724644,-0.1227614274621499,0.001,0.9999999999993621,-9830.925410816997,14.225913627556308,2864,"2026-10-04T10:41:43.798027Z"
"NC_000913.3","fork1",5729,3928609,-0.88,-1.11502459031999,0.24693533677668908,324.830242566162,0.9976910924632805,53.40211005084007,-0.13203892782897525,0.001,0.9999999999993623,-3281.507684825644,14.230880766936618,2865,"2026-10-04T10:41:43.799026Z"
"NC_000913.3","fork1",5731,3928610,-1.0,-0.9554055905546683,0.277799014514135,324.96079819167204,0.9976942689105803,53.41159902720547,-0.14077245057838023,0.001,0.9999999999993624,-2749.4625047917307,14.23584790631612,2866,"2026-10-04T10:41:43.800026Z"
"NC_000913.3","fork1",5733,3928611,-1.45,1.6006567886666603,0.832110160392121,325.2387956711423,0.9977037574729599,53.42142441233775,-0.2987089281707444,0.001,0.9999999999993628,-16644.93221144851,14.240815045696575,2867,"2026-10-04T10:41:43.801027Z"
"NC_000913.3","fork1",5735,3928612,-1.3,1.4024466162933291,0.8025718425954855,325.50900299638226,0.9977128722996975,53.431228335135614,-0.2894323879207803,0.001,0.9999999999993637,1017.74180870575,14.24578218506645,2868,"2026-10-04T10:41:43.802027Z"
"NC_000913.3","fork1",5737,3928613,-1.28,1.1703218578506713,0.7632031881188912,325.76880063047,0.997721506527971,53.441005062090426,-0.2774597168734683,0.001,0.9999999999993641,1386.6521324331318,14.250749324426588,2869,"2026-10-04T10:41:43.803026Z"
"NC_000913.3","fork1",5739,3928614,-2.24,-2.2677208491146654,0.09383182322637987,325.85053835520495,0.997722565813575,53.45037452321637,-0.08730023931225335,0.001,0.999999999999364,179516.72036444925,14.255716463774782,2870,"2026-10-04T10:41:43.804027Z"
"NC_000913.3","fork1",5741,3928615,-1.84,-1.9014679697759975,0.1299424193591184,325.9418856508582,0.9977240319473658,53.45976418124787,-0.09752693888499944,0.001,0.9999999999993641,-6975.283999862881,14.260683603124864,2871,"2026-10-04T10:41:43.805027Z"
"NC_000913.3","fork1",5743,3928616,-2.17,-2.077195418181337,0.11133314431997621,326.02828142367827,0.9977252873645589,53.46914095278649,-0.09221485297961979,0.001,0.9999999999993637,4231.331173902281,14.265650742475964,2872,"2026-10-04T10:41:43.806027Z"
"NC_000913.3","fork1",5745,3928617,-1.84,1.7785320302240026,0.8555155067192858,326.31280922195447,0.9977349113220481,53.47896467981778,-0.30258060570445106,0.001,0.9999999999993646,-21858.549662322257,14.270617881831429,2873,"2026-10-04T10:41:43.807027Z"
"NC_000913.3","fork1",5747,3928618,-1.3,1.4024466162933291,0.8025718425954855,326.58330820956036,0.9977439027646859,53.48875305802181,-0.28676618597085896,0.001,0.9999999999993654,1758.8300754941852,14.275585021176195,2874,"2026-10-04T10:41:43.808027Z"
"NC_000913.3","fork1",5749,3928619,-1.0,1.0445944094453317,0.7397355271799415,326.83713627081715,0.997752158692097,53.49850054777237,-0.2683255614384875,0.001,0.9999999999993661,2233.6224162643707,14.280552160510858,2875,"2026-10-04T10:41:43.809027Z"
"NC_000913.3","fork1",5751,3928620,-1.28,1.1703218578506713,0.7632031881188912,327.0972742801253,0.9977606449416055,53.50825892507161,-0.27417552348191665,0.001,0.9999999999993663,-689.3459870030911,14.285519299837022,2876,"2026-10-04T10:41:43.810027Z"
"NC_000913.3","fork1",5753,3928621,-1.44,-1.5689622110986612,0.1723643870770019,327.20005832385016,0.9977625570756555,53.51766322639922,-0.10829857323641451,0.001,0.9999999999993657,86749.6451133773,14.290486439151795,2877,"2026-10-04T10:41:43.811026Z"
"NC_000913.3","fork1",5755,3928622,-0.58,-0.40523812514667396,0.4000544771470622,327.3635215288009,0.9977669888265269,53.52720111554109,-0.1719625012653308,0.001,0.9999999999993662,-14365.41219856956,14.29545357846807,2878,"2026-10-04T10:41:43.812026Z"
"NC_000913.3","fork1",5757,3928623,-0.88,-1.11502459031999,0.24693533677668908,327.48620280956624,0.9977697199710098,53.536646224283665,-0.128959107189627,0.001,0.9999999999993658,15745.558078268983,14.30042071778046,2879,"2026-10-04T10:41:43.813026Z"
"NC_000913.3","fork1",5759,3928624,-1.3,-1.197553383706671,0.23191074185089536,327.6048920443298,0.997772281906059,53.54608068852126,-0.12466573700966493,0.001,0.9999999999993666,1675.831001755742,14.305387857091919,2880,"2026-10-04T10:41:43.814027Z"
"NC_000913.3","fork1",5761,3928625,-1.84,-1.9014679697759975,0.1299424193591184,327.69640698709395,0.9977737161057557,53.55545305600788,-0.09609231192533862,0.001,0.9999999999993665,19922.90554143907,14.310354996402753,2881,"2026-10-04T10:41:43.815026Z"
"NC_000913.3","fork1",5763,3928626,-1.45,-1.2993432113333396,0.21427557416581033,327.8104121383658,0.9977760790949578,53.564873698040074,-0.11961802042354353,0.001,0.9999999999993664,-9955.910284069792,14.315322135714874,2882,"2026-10-04T10:41:43.816026Z"
"NC_000913.3","fork1",5765,3928627,-1.44,1.3110377889013387,0.7876867636969223,328.0773580695043,0.9977847440628171,53.57463114442229,-0.27916112332949117,0.001,0.9999999999993675,-18412.428700930428,14.320289275028975,2883,"2026-10-04T10:41:43.817027Z"
"NC_000913.3","fork1",5767,3928628,-1.45,-1.2993432113333396,0.21427557416581033,328.1914096595133,0.997787095372849,53.58404808229612,-0.11921369732678563,0.001,0.999999999999367,68024.81333072795,14.325256414331703,2884,"2026-10-04T10:41:43.818027Z"
"NC_000913.3","fork1",5769,3928629,-1.44,1.3110377889013387,0.7876867636969223,328.4584550609745,0.9977957175132797,53.59380027026851,-0.27820772150651296,0.001,0.9999999999993678,-18440.20350387606,14.330223553636273,2885,"2026-10-04T10:41:43.819026Z"
"NC_000913.3","fork1",5771,3928630,-1.45,-1.2993432113333396,0.21427557416581033,328.57255307094,0.99779805720161,53.60321350939409,-0.11881058125090824,0.001,0.999999999999368,68127.51005823046,14.335190692929325,2886,"2026-10-04T10:41:43.820027Z"
"NC_000913.3","fork1",5773,3928631,-1.28,1.1703218578506713,0.7632031881188912,328.8331635201138,0.9978063705519707,53.61294614982378,-0.27050555888165895,0.001,0.999999999999368,-18247.153199080996,14.340157832224387,2887,"2026-10-04T10:41:43.821027Z"
"NC_000913.3","fork1",5775,3928632,-1.3,1.4024466162933291,0.8025718425954855,329.1043435225458,0.9978150789529218,53.622698566728495,-0.280588220870763,0.001,0.9999999999993684,-1157.8086546330628,14.345124971510817,2888,"2026-10-04T10:41:43.822027Z"
"NC_000913.3","fork1",5777,3928633,-1.44,1.3110377889013387,0.7876867636969223,329.3716138082646,0.997823592298753,53.63243905438772,-0.27569313685112407,0.001,0.9999999999993696,574.9894479451339,14.35009211078749,2889,"2026-10-04T10:41:43.823026Z"
"NC_000913.3","fork1",5779,3928634,-1.45,-1.2993432113333396,0.21427557416581033,329.4858306522245,0.9978259024644578,53.6418446220738,-0.11776003052405501,0.001,0.9999999999993691,68364.40606658858,14.35505925005298,2890,"2026-10-04T10:41:43.824027Z"
"NC_000913.3","fork1",5781,3928635,-1.0,1.0445944094453317,0.7397355271799415,329.7403937904478,0.997833858974893,53.651552217018484,-0.26164734546939256,0.001,0.9999999999993691,-18084.223745791838,14.360026389320154,2891,"2026-10-04T10:41:43.825027Z"
"NC_000913.3","fork1",5783,3928636,-0.88,-1.11502459031999,0.24693533677668908,329.863378836509,0.9978365085093815,53.66097296286581,-0.1263258925869494,0.001,0.9999999999993701,51073.67104123819,14.364993528577003,2892,"2026-10-04T10:41:43.826027Z"
"NC_000913.3","fork1",5785,3928637,-0.58,-0.40523812514667396,0.4000544771470622,330.0272850175873,0.9978407941000561,53.67048015108833,-0.16809876093887274,0.001,0.9999999999993696,-9747.283752486632,14.369960667833787,2893,"2026-10-04T10:41:43.827027Z"
"NC_000913.3","fork1",5787,3928638,-1.0,1.0445944094453317,0.7397355271799415,330.2819851045637,0.9978486962293063,53.680180368980636,-0.2604259747475284,0.001,0.9999999999993708,-11683.83999877844,14.374927807088788,2894,"2026-10-04T10:41:43.828027Z"
"NC_000913.3","fork1",5789,3928639,-1.0,1.0445944094453317,0.7397355271799415,330.5367436346338,0.9978565695009501,53.68987757873998,-0.2597347051812179,0.001,0.9999999999993715,87.79953208512583,14.379894946335556,2895,"2026-10-04T10:41:43.829026Z"
"NC_000913.3","fork1",5791,3928640,-1.44,1.3110377889013387,0.7876867636969223,330.80437816292215,0.9978649215285621,53.69959909706611,-0.2720160955877104,0.001,0.9999999999993715,-1470.4681278722487,14.384862085574047,2896,"2026-10-04T10:41:43.830027Z"
"NC_000913.3","fork1",5793,3928641,-2.17,-2.077195418181337,0.11133314431997621,330.89125214722765,0.9978660993976951,53.70893303312701,-0.08829530428569228,0.001,0.9999999999993717,155977.2526112877,14.389829224800812,2897,"2026-10-04T10:41:43.831026Z"
"NC_000913.3","fork1",5795,3928642,-1.84,1.7785320302240026,0.8555155067192858,331.1771183111965,0.997875128870028,53.718688063162226,-0.2894780706825022,0.001,0.9999999999993722,-22280.678092648817,14.394796364031949,2898,"2026-10-04T10:41:43.832026Z"
"NC_000913.3","fork1",5797,3928643,-2.24,-2.2677208491146654,0.09383182322637987,331.25934686344334,0.9978761168876962,53.728008695000014,-0.0832755317119845,0.001,0.9999999999993723,208703.291067644,14.39976350325004,2899,"2026-10-04T10:41:43.833026Z"
"NC_000913.3","fork1",5799,3928644,-1.84,-1.9014679697759975,0.1299424193591184,331.351233396176,0.9978774843808785,53.737348182128684,-0.09302107413158084,0.001,0.9999999999993722,-7126.574775890716,14.404730642470037,2900,"2026-10-04T10:41:43.834027Z"
"NC_000913.3","fork1",5801,3928645,-1.84,-1.9014679697759975,0.1299424193591184,331.4431220645727,0.9978788509954524,53.74668604990456,-0.09298925245663622,0.001,0.9999999999993721,23.285039947456625,14.409697781691303,2901,"2026-10-04T10:41:43.835026Z"
"NC_000913.3","fork1",5803,3928646,-2.17,-2.077195418181337,0.11133314431997621,331.53003338257383,0.9978800211963743,53.75601176570668,-0.08792761079005273,0.001,0.9999999999993715,4325.446657647314,14.414664920913488,2902,"2026-10-04T10:41:43.836026Z"
"NC_000913.3","fork1",5805,3928647,-2.24,-2.2677208491146654,0.09383182322637987,331.6122612970471,0.9978810069440505,53.765325969299575,-0.0831720856821265,0.001,0.999999999999372,4824.282342200911,14.419632060137358,2903,"2026-10-04T10:41:43.837027Z"
"NC_000913.3","fork1",5807,3928648,-2.17,-2.077195418181337,0.11133314431997621,331.69917265863484,0.9978821759580976,53.77464847214106,-0.08788329333658279,0.001,0.9999999999993718,-4030.069327279123,14.424599199362834,2904,"2026-10-04T10:41:43.838027Z"
"NC_000913.3","fork1",5809,3928649,-2.24,-2.2677208491146654,0.09383182322637987,331.7813990085468,0.997883160705978,53.783959471048945,-0.08312853052840105,0.001,0.9999999999993723,4828.4062372937005,14.429566338589693,2905,"2026-10-04T10:41:43.839026Z"
"NC_000913.3","fork1",5811,3928650,-2.17,-2.077195418181337,0.11133314431997621,331.86831042401343,0.9978843285343489,53.79327876420398,-0.08783898498991738,0.001,0.9999999999993722,-4033.5160361810913,14.43453347781829,2906,"2026-10-04T10:41:43.840027Z"
"NC_000913.3","fork1",5813,3928651,-1.84,1.7785320302240026,0.8555155067192858,332.1545227894627,0.9978932810340345,53.80301620562353,-0.2882062488159387,0.001,0.9999999999993722,-22381.152847044497,14.439500617051435,2907,"2026-10-04T10:41:43.841027Z"
"NC_000913.3","fork1",5815,3928652,-2.24,-2.2677208491146654,0.09383182322637987,332.23678149234314,0.9978942606291621,53.81232227957922,-0.08283964661881232,0.001,0.9999999999993725,209644.36879803461,14.444467756271452,2908,"2026-10-04T10:41:43.842027Z"
"NC_000913.3","fork1",5817,3928653,-1.28,-1.3896781421493287,0.19945914459223538,332.3473369454124,0.9978963414534832,53.82168617523686,-0.11125854654417419,0.001,0.9999999999993722,-13657.520069128705,14.449434895493656,2909,"2026-10-04T10:41:43.843027Z"
"NC_000913.3","fork1",5819,3928654,-1.45,1.6006567886666603,0.832110160392121,332.6274195030063,0.9979050001915404,53.83140335781549,-0.28087023080646245,0.001,0.9999999999993732,-19588.499287241557,14.454402034718232,2910,"2026-10-04T10:41:43.844027Z"
"NC_000913.3","fork1",5821,3928655,-1.44,-1.5689622110986612,0.1723643870770019,332.73075990674084,0.9979067893225367,53.84074847453136,-0.10360275312287359,0.001,0.9999999999993735,99080.21159141876,14.459369173930872,2911,"2026-10-04T10:41:43.845027Z"
"NC_000913.3","fork1",5823,3928656,-1.0,-0.9554055905546683,0.277799014514135,332.8623672296688,0.9979096696496189,53.85015091959028,-0.1318066376223861,0.001,0.9999999999993726,-9791.903382788756,14.46433631314423,2912,"2026-10-04T10:41:43.846027Z"
"NC_000913.3","fork1",5825,3928657,-1.3,-1.197553383706671,0.23191074185089536,332.9816882314583,0.9979120711601032,53.859525987863385,-0.11940975560209885,0.001,0.999999999999373,5162.118633911643,14.469303452356305,2913,"2026-10-04T10:41:43.847026Z"
"NC_000913.3","fork1",5827,3928658,-1.45,-1.2993432113333396,0.21427557416581033,333.0962921842853,0.9979142876055093,53.86888952384086,-0.11460797515663346,0.001,0.9999999999993733,2166.432988716832,14.474270591568116,2914,"2026-10-04T10:41:43.848026Z"
"NC_000913.3","fork1",5829,3928659,-0.88,-1.11502459031999,0.24693533677668908,333.21966473050026,0.9979168389683893,53.878269597165776,-0.12327025513091817,0.001,0.9999999999993733,-3395.1579533933514,14.479237730779952,2915,"2026-10-04T10:41:43.849026Z"
"NC_000913.3","fork1",5831,3928660,-1.3,-1.197553383706671,0.23191074185089536,333.33902020929673,0.9979192322594578,53.887639596775635,-0.11916320412296925,0.001,0.9999999999993732,1716.068330389876,14.484204869990895,2916,"2026-10-04T10:41:43.850027Z"
"NC_000913.3","fork1",5833,3928661,-2.17,-2.077195418181337,0.11133314431997621,333.4260396708636,0.9979203802291682,53.896940798091336,-0.08685847542120423,0.001,0.9999999999993733,28140.75006425613,14.48917200920115,2917,"2026-10-04T10:41:43.851026Z"
"NC_000913.3","fork1",5835,3928662,-1.44,-1.5689622110986612,0.1723643870770019,333.5294353323562,0.9979221562529529,53.90627436334465,-0.10314577245666756,0.001,0.999999999999373,-9170.652541776502,14.49413914841311,2918,"2026-10-04T10:41:43.852026Z"
"NC_000913.3","fork1",5837,3928663,-0.58,-0.40523812514667396,0.4000544771470622,333.69394077893776,0.9979262725393532,53.91573281672671,-0.16384891088576065,0.001,0.9999999999993732,-14747.063864361884,14.49910628762629,2919,"2026-10-04T10:41:43.853027Z"
"NC_000913.3","fork1",5839,3928664,-1.0,1.0445944094453317,0.7397355271799415,333.9496468514347,0.9979338624876026,53.92537746895884,-0.25391484457825125,0.001,0.999999999999374,-11866.475334528925,14.504073426837902,2920,"2026-10-04T10:41:43.854027Z"
"NC_000913.3","fork1",5841,3928665,-0.88,-1.11502459031999,0.24693533677668908,334.0731162058339,0.9979363899548821,53.93474707483444,-0.12252459947801111,0.001,0.9999999999993738,51984.944045619115,14.509040566039413,2921,"2026-10-04T10:41:43.855026Z"
"NC_000913.3","fork1",5843,3928666,-1.3,-1.197553383706671,0.23191074185089536,334.19256434053426,0.9979387608307118,53.94410668259827,-0.11844131812393852,0.001,0.9999999999993736,1722.26706392194,14.51400770524038,2922,"2026-10-04T10:41:43.856026Z"
"NC_000913.3","fork1",5845,3928667,-1.28,-1.3896781421493287,0.19945914459223538,334.30330920815237,0.997940797772098,53.953446700785534,-0.10974094439940145,0.001,0.9999999999993737,4271.29311788434,14.51897484444077,2923,"2026-10-04T10:41:43.857027Z"
"NC_000913.3","fork1",5847,3928668,-1.0,-0.9554055905546683,0.277799014514135,334.43510418522277,0.9979436313988627,53.962828257521885,-0.13046810250459331,0.001,0.9999999999993738,-7314.7100258861765,14.523941983641452,2924,"2026-10-04T10:41:43.858027Z"
"NC_000913.3","fork1",5849,3928669,-1.0,-0.9554055905546683,0.277799014514135,334.566914901322,0.9979464611343544,53.972208078308114,-0.13035586001567662,0.001,0.9999999999993736,39.66536421715701,14.528909122841231,2925,"2026-10-04T10:41:43.859026Z"
"NC_000913.3","fork1",5851,3928670,-0.58,-0.40523812514667396,0.4000544771470622,334.731589584589,0.9979505293707583,53.98165336731887,-0.16260702103890678,0.001,0.9999999999993746,-7927.553323035181,14.533876262040463,2926,"2026-10-04T10:41:43.860027Z"
"NC_000913.3","fork1",5853,3928671,-0.88,-1.11502459031999,0.24693533677668908,334.8551433573654,0.9979530364915726,53.99101269693849,-0.1219060940853503,0.001,0.9999999999993744,16234.130689516089,14.538843401235994,2927,"2026-10-04T10:41:43.861027Z"
"NC_000913.3","fork1",5855,3928672,-1.45,1.6006567886666603,0.832110160392121,335.1359915523708,0.9979614623474248,54.00069076306504,-0.27613058248895905,0.001,0.9999999999993748,-18303.717878622156,14.543810540433173,2928,"2026-10-04T10:41:43.862027Z"
"NC_000913.3","fork1",5857,3928673,-1.44,-1.5689622110986612,0.1723643870770019,335.2395516033104,0.9979632033581267,54.01000562819127,-0.10179239703610342,0.001,0.9999999999993747,100136.19402724132,14.548777679618443,2929,"2026-10-04T10:41:43.863027Z"
"NC_000913.3","fork1",5859,3928674,-0.58,-0.40523812514667396,0.4000544771470622,335.4043364566235,0.9979672384943121,54.01944313023721,-0.16171632544126985,0.001,0.9999999999993754,-14850.534319471364,14.553744818805074,2930,"2026-10-04T10:41:43.864027Z"
"NC_000913.3","fork1",5861,3928675,-1.44,1.3110377889013387,0.7876867636969223,335.6733882494845,0.9979751601674579,54.029089543866604,-0.2631845958539556,0.001,0.9999999999993757,-12808.944341095257,14.558711957990237,2931,"2026-10-04T10:41:43.865027Z"
"NC_000913.3","fork1",5863,3928676,-1.84,-1.9014679697759975,0.1299424193591184,335.76559528936116,0.9979764640194939,54.03837619344914,-0.0901871923003399,0.001,0.9999999999993753,132681.77582759442,14.563679097164187,2932,"2026-10-04T10:41:43.866027Z"
"NC_000913.3","fork1",5865,3928677,-1.45,-1.2993432113333396,0.21427557416581033,335.88049064041843,0.9979786122469837,54.04770702417522,-0.11229393863411406,0.001,0.9999999999993757,-10290.691483513701,14.568646236339701,2933,"2026-10-04T10:41:43.867026Z"
"NC_000913.3","fork1",5867,3928678,-1.44,1.3110377889013387,0.7876867636969223,336.14967343998956,0.9979864896860345,54.057346651790574,-0.2622140384948997,0.001,0.9999999999993764,-19031.578523579396,14.57361337551706,2934,"2026-10-04T10:41:43.868026Z"
"NC_000913.3","fork1",5869,3928679,-1.84,-1.9014679697759975,0.1299424193591184,336.2419209738762,0.9979877862573805,54.06662833553783,-0.08985026899545229,0.001,0.9999999999993758,132938.12950382338,14.578580514683438,2935,"2026-10-04T10:41:43.869026Z"
"NC_000913.3","fork1",5871,3928680,-2.17,-2.077195418181337,0.11133314431997621,336.3291620899472,0.9979888964817375,54.07589837701547,-0.08494986401539745,0.001,0.9999999999993762,4413.8871113219775,14.583547653851001,2936,"2026-10-04T10:41:43.870027Z"
"NC_000913.3","fork1",5873,3928681,-1.84,1.7785320302240026,0.8555155067192858,336.61672991664886,0.9979974073883682,54.08556794020796,-0.27898686498966013,0.001,0.9999999999993767,-22798.628794126278,14.588514793022679,2937,"2026-10-04T10:41:43.871026Z"
"NC_000913.3","fork1",5875,3928682,-1.3,1.4024466162933291,0.8025718425954855,336.89011208204994,0.998005358915938,54.09520577300391,-0.2643937348025787,0.001,0.9999999999993774,1835.2612198008828,14.593481932184277,2938,"2026-10-04T10:41:43.872026Z"
"NC_000913.3","fork1",5877,3928683,-1.44,1.3110377889013387,0.7876867636969223,337.15954976237157,0.9980131323295327,54.10483252984172,-0.2597746531100655,0.001,0.9999999999993778,594.2153516263373,14.59844907133712,2939,"2026-10-04T10:41:43.873027Z"
"NC_000913.3","fork1",5879,3928684,-2.17,-2.077195418181337,0.11133314431997621,337.24688943503764,0.9980142285972043,54.11409582085305,-0.08420587701986977,0.001,0.999999999999378,160151.37601149292,14.603416210478771,2940,"2026-10-04T10:41:43.874027Z"
"NC_000913.3","fork1",5881,3928685,-1.44,-1.5689622110986612,0.1723643870770019,337.35066972051686,0.9980159246325468,54.123390092621904,-0.09999953739763179,0.001,0.9999999999993782,-9312.105698494155,14.608383349622208,2941,"2026-10-04T10:41:43.875026Z"
"NC_000913.3","fork1",5883,3928686,-1.0,-0.9554055905546683,0.277799014514135,337.482862111587,0.9980186550840053,54.132738937730885,-0.12724598932796813,0.001,0.9999999999993777,-9978.735144928638,14.613350488766534,2942,"2026-10-04T10:41:43.876027Z"
"NC_000913.3","fork1",5885,3928687,-1.3,-1.197553383706671,0.23191074185089536,337.60270493126836,0.9980209316330944,54.142061645907084,-0.11526931620403869,0.001,0.9999999999993776,5260.889467174378,14.618317627909892,2943,"2026-10-04T10:41:43.877027Z"
"NC_000913.3","fork1",5887,3928688,-2.17,-2.077195418181337,0.11133314431997621,337.6900623305621,0.998022023605976,54.1513185603867,-0.08400326646482781,0.001,0.9999999999993779,28632.624732691333,14.623284767052319,2944,"2026-10-04T10:41:43.878027Z"
"NC_000913.3","fork1",5889,3928689,-1.3,1.4024466162933291,0.8025718425954855,337.9637477975711,0.9980298775849317,54.1609408891521,-0.2622732870156277,0.001,0.9999999999993785,-22698.051721002234,14.628251906198722,2945,"2026-10-04T10:41:43.879026Z"
"NC_000913.3","fork1",5891,3928690,-0.88,-1.11502459031999,0.24693533677668908,338.08769633929944,0.9980322878303362,54.170266334321795,-0.1187051865551765,0.001,0.999999999999379,59565.76047958946,14.633219045334249,2946,"2026-10-04T10:41:43.880027Z"
"NC_000913.3","fork1",5893,3928691,-1.3,-1.197553383706671,0.23191074185089536,338.2076063938,0.9980345487463589,54.17958215703805,-0.11474724115201237,0.001,0.9999999999993789,1750.5937254486478,14.638186184469308,2947,"2026-10-04T10:41:43.881027Z"
"NC_000913.3","fork1",5895,3928692,-1.45,-1.2993432113333396,0.21427557416581033,338.3227718444063,0.9980366354312201,54.1888870019167,-0.1101284319149966,0.001,0.9999999999993789,2213.467554598042,14.643153323603942,2948,"2026-10-04T10:41:43.882027Z"
"NC_000913.3","fork1",5897,3928693,-1.44,1.3110377889013387,0.7876867636969223,338.59261858951265,0.9980442871944302,54.19849253347657,-0.2571862916286032,0.001,0.9999999999993793,-19218.819986548133,14.64812046274072,2949,"2026-10-04T10:41:43.883027Z"
"NC_000913.3","fork1",5899,3928694,-1.28,-1.3896781421493287,0.19945914459223538,338.7038327548354,0.9980462200575578,54.20778603502104,-0.10595166600267501,0.001,0.9999999999993792,78243.83602826852,14.653087601866613,2950,"2026-10-04T10:41:43.884026Z"
"NC_000913.3","fork1",5901,3928695,-1.0,-0.9554055905546683,0.277799014514135,338.83619392204855,0.9980489088984639,54.21711908158306,-0.12597001055021204,0.001,0.9999999999993794,-7444.971735802544,14.658054740993126,2951,"2026-10-04T10:41:43.885026Z"
"NC_000913.3","fork1",5903,3928696,-1.0,-0.9554055905546683,0.277799014514135,338.9685707630664,0.9980515940461437,54.22645042052218,-0.12586104097599216,0.001,0.9999999999993797,40.582339301774134,14.663021880118599,2952,"2026-10-04T10:41:43.886027Z"
"NC_000913.3","fork1",5905,3928697,-1.0,-0.9554055905546683,0.277799014514135,339.10096327634636,0.9980542755056503,54.235780052789195,-0.12575214813504193,0.001,0.9999999999993795,40.60954143976516,14.667989019242993,2953,"2026-10-04T10:41:43.887026Z"
"NC_000913.3","fork1",5907,3928698,-1.0,-0.9554055905546683,0.277799014514135,339.23337146037716,0.99805695328203,54.245107979334165,-0.1256433320312291,0.001,0.9999999999993794,40.63674048211722,14.672956158366711,2954,"2026-10-04T10:41:43.888026Z"
"NC_000913.3","fork1",5909,3928699,-1.3,-1.197553383706671,0.23191074185089536,339.35340486627456,0.9980591859123766,54.25441020317165,-0.11381255776644349,0.001,0.9999999999993794,5299.029587592415,14.677923297488913,2955,"2026-10-04T10:41:43.889027Z"
"NC_000913.3","fork1",5911,3928700,-1.45,-1.2993432113333396,0.21427557416581033,339.4686872104246,0.9980612464912058,54.2637015605627,-0.1092297818973707,0.001,0.9999999999993798,2224.023562848189,14.68289043661111,2956,"2026-10-04T10:41:43.890027Z"
"NC_000913.3","fork1",5913,3928701,-1.44,1.3110377889013387,0.7876867636969223,339.73886049534514,0.9980688025240497,54.273290234006645,-0.25513698932312756,0.001,0.99999999999938,-19310.028217016967,14.68785757573504,2957,"2026-10-04T10:41:43.891026Z"
"NC_000913.3","fork1",5915,3928702,-2.17,-2.077195418181337,0.11133314431997621,339.8263788144732,0.9980698681347197,54.28252450011138,-0.08264587856692819,0.001,0.9999999999993804,161870.6678004689,14.692824714848168,2958,"2026-10-04T10:41:43.892026Z"
"NC_000913.3","fork1",5917,3928703,-2.24,-2.2677208491146654,0.09383182322637987,339.90916880358355,0.9980707657780373,54.291748098054306,-0.07816411290880342,0.001,0.9999999999993804,4992.813481556376,14.697791853962627,2959,"2026-10-04T10:41:43.893027Z"
"NC_000913.3","fork1",5919,3928704,-1.84,-1.9014679697759975,0.1299424193591184,340.0017162448774,0.9980720081858317,54.30098891935323,-0.08734267296113295,0.001,0.9999999999993803,-7387.719308861443,14.702758993079208,2960,"2026-10-04T10:41:43.894027Z"
"NC_000913.3","fork1",5921,3928705,-1.45,-1.2993432113333396,0.21427557416581033,340.1170600340589,0.9980740551774139,54.31027199516148,-0.10877475074975794,0.001,0.9999999999993798,-10470.037090406535,14.707726132197214,2961,"2026-10-04T10:41:43.895026Z"
"NC_000913.3","fork1",5923,3928706,-1.44,1.3110377889013387,0.7876867636969223,340.3874256509311,0.9980815613860688,54.31985067104333,-0.25411935705980504,0.001,0.999999999999381,-19363.251541610225,14.712693271316946,2962,"2026-10-04T10:41:43.896027Z"
"NC_000913.3","fork1",5925,3928707,-2.17,-2.077195418181337,0.11133314431997621,340.474981894442,0.998082619970083,54.32907697384154,-0.08229327029937278,0.001,0.9999999999993807,162316.91058021077,14.71766041042613,2963,"2026-10-04T10:41:43.897027Z"
"NC_000913.3","fork1",5927,3928708,-1.3,1.4024466162933291,0.8025718425954855,340.7494663084109,0.9980902337986162,54.338658630448975,-0.25709833702127066,0.001,0.9999999999993815,-22958.89196342849,14.722627549539112,2964,"2026-10-04T10:41:43.898027Z"
"NC_000913.3","fork1",5929,3928709,-1.44,1.3110377889013387,0.7876867636969223,341.01998828419386,0.9980976770726321,54.348229593694604,-0.2526031337690613,0.001,0.9999999999993819,603.9282233324585,14.727594688643453,2965,"2026-10-04T10:41:43.899027Z"
"NC_000913.3","fork1",5931,3928710,-1.28,-1.3896781421493287,0.19945914459223538,341.1314477440181,0.9980995572701407,54.35749618024824,-0.1040324834528751,0.001,0.9999999999993818,79018.64013680705,14.732561827737298,2966,"2026-10-04T10:41:43.900027Z"
"NC_000913.3","fork1",5933,3928711,-1.3,-1.197553383706671,0.23191074185089536,341.2516958398535,0.9981017410400846,54.366777792068476,-0.11214481588015637,0.001,0.9999999999993823,-3714.829233555856,14.737528966831507,2967,"2026-10-04T10:41:43.901027Z"
"NC_000913.3","fork1",5935,3928712,-1.45,-1.2993432113333396,0.21427557416581033,341.36718319853674,0.9981037565236137,54.376048731961056,-0.1076279445527095,0.001,0.9999999999993818,2241.085705883496,14.742496105925419,2968,"2026-10-04T10:41:43.902027Z"
"NC_000913.3","fork1",5937,3928713,-1.44,1.3110377889013387,0.7876867636969223,341.6378754313278,0.998111147192832,54.385611048901524,-0.2514305785179841,0.001,0.9999999999993826,-19457.322431565593,14.747463245021304,2969,"2026-10-04T10:41:43.903026Z"
"NC_000913.3","fork1",5939,3928714,-1.84,-1.9014679697759975,0.1299424193591184,341.73057981947244,0.9981123636445772,54.39483548149705,-0.08609858158829095,0.001,0.9999999999993832,135913.32132899307,14.752430384106603,2970,"2026-10-04T10:41:43.904026Z"
"NC_000913.3","fork1",5941,3928715,-2.17,-2.077195418181337,0.11133314431997621,341.8182480273782,0.9981134052641993,54.40404886530175,-0.08139792456539653,0.001,0.9999999999993824,4512.834554104044,14.757397523192926,2971,"2026-10-04T10:41:43.905026Z"
"NC_000913.3","fork1",5943,3928716,-1.44,-1.5689622110986612,0.1723643870770019,341.92244328581734,0.9981150167533381,54.41329179409395,-0.0966874707257019,0.001,0.9999999999993825,-9487.83692809406,14.762364662281133,2972,"2026-10-04T10:41:43.906027Z"
"NC_000913.3","fork1",5945,3928717,-1.45,1.6006567886666603,0.832110160392121,342.2053264894038,0.998122777108804,54.422868477541904,-0.26156854205939084,0.001,0.9999999999993825,-21246.587486636356,14.767331801372054,2973,"2026-10-04T10:41:43.907026Z"
"NC_000913.3","fork1",5947,3928718,-2.24,-2.2677208491146654,0.09383182322637987,342.28829094651246,0.9981236501920896,54.43206817427449,-0.07671900062170904,0.001,0.9999999999993834,211720.39883876077,14.772298940451597,2974,"2026-10-04T10:41:43.908026Z"
"NC_000913.3","fork1",5949,3928719,-1.45,-1.2993432113333396,0.21427557416581033,342.4038855684727,0.9981256424571794,54.44132739205412,-0.10681030605055429,0.001,0.999999999999383,-15104.067015510525,14.777266079533263,2975,"2026-10-04T10:41:43.909027Z"
"NC_000913.3","fork1",5951,3928720,-1.28,1.1703218578506713,0.7632031881188912,342.668233559736,0.9981327213365246,54.45086259467387,-0.24347317409482977,0.001,0.9999999999993833,-19305.720775682246,14.782233218616815,2976,"2026-10-04T10:41:43.910027Z"
"NC_000913.3","fork1",5953,3928721,-1.84,1.7785320302240026,0.8555155067192858,342.9576595437006,0.9981406247163479,54.460441375924574,-0.2656591759268281,0.001,0.9999999999993843,-2807.1536897043325,14.787200357692672,2977,"2026-10-04T10:41:43.911026Z"
"NC_000913.3","fork1",5955,3928722,-2.24,-2.2677208491146654,0.09383182322637987,343.0406901184331,0.9981414895142918,54.46963466650724,-0.07621870132828458,0.001,0.9999999999993842,219057.49884105573,14.792167496756917,2978,"2026-10-04T10:41:43.912026Z"
"NC_000913.3","fork1",5957,3928723,-2.17,-2.077195418181337,0.11133314431997621,343.12846430554066,0.9981425150918312,54.47883521275665,-0.08054878794269632,0.001,0.999999999999384,-4222.095793175034,14.797134635822824,2979,"2026-10-04T10:41:43.913027Z"
"NC_000913.3","fork1",5959,3928724,-1.3,1.4024466162933291,0.8025718425954855,343.4036705143821,0.9981498915204482,54.488380928859584,-0.2516827235220121,0.001,0.9999999999993843,-23200.107323498254,14.802101774892517,2980,"2026-10-04T10:41:43.914027Z"
"NC_000913.3","fork1",5961,3928725,-0.88,-1.11502459031999,0.24693533677668908,343.5282522125592,0.9981521552127927,54.49764610082363,-0.11386036087992714,0.001,0.9999999999993846,60883.875399087134,14.807068913952053,2981,"2026-10-04T10:41:43.915026Z"
"NC_000913.3","fork1",5963,3928726,-0.58,-0.40523812514667396,0.4000544771470622,343.6943793796888,0.9981558167046536,54.5069861109609,-0.15159415064199125,0.001,0.9999999999993849,-10305.577943436998,14.812036053011656,2982,"2026-10-04T10:41:43.916027Z"
"NC_000913.3","fork1",5965,3928727,-1.28,1.1703218578506713,0.7632031881188912,343.95905174545226,0.9981627818347881,54.516505088361484,-0.2407585403182103,0.001,0.9999999999993857,-12801.539663136764,14.817003192069782,2983,"2026-10-04T10:41:43.917027Z"
"NC_000913.3","fork1",5967,3928728,-1.84,1.7785320302240026,0.8555155067192858,344.2488314274576,0.9981705582147754,54.52606697655521,-0.2626952584636523,0.001,0.9999999999993862,-2820.942158347187,14.821970331120374,2984,"2026-10-04T10:41:43.918027Z"
"NC_000913.3","fork1",5969,3928729,-1.44,-1.5689622110986612,0.1723643870770019,344.3532853162458,0.9981721209744817,54.53528799726309,-0.09466481435395155,0.001,0.999999999999386,107521.61284387784,14.826937470159542,2985,"2026-10-04T10:41:43.919027Z"
"NC_000913.3","fork1",5971,3928730,-1.45,1.6006567886666603,0.832110160392121,344.63681736551825,0.9981796466642845,54.544833353580884,-0.2560476960934941,0.001,0.9999999999993863,-21444.264375599938,14.831904609201679,2986,"2026-10-04T10:41:43.920027Z"
"NC_000913.3","fork1",5973,3928731,-1.3,1.4024466162933291,0.8025718425954855,344.9123965803411,0.9981868759041643,54.55436111638296,-0.24808040591832214,0.001,0.9999999999993872,1102.0923786738447,14.836871748234882,2987,"2026-10-04T10:41:43.921027Z"
"NC_000913.3","fork1",5975,3928732,-1.28,1.1703218578506713,0.7632031881188912,345.17734981753784,0.9981937239418762,54.56386664553162,-0.23780180806423326,0.001,0.9999999999993877,1500.9552059326663,14.841838887259792,2988,"2026-10-04T10:41:43.922027Z"
"NC_000913.3","fork1",5977,3928733,-2.24,-2.2677208491146654,0.09383182322637987,345.2605867074968,0.9981945640879701,54.57304231321279,-0.07471040252677172,0.001,0.9999999999993876,194122.67309027465,14.846806026274667,2989,"2026-10-04T10:41:43.923026Z"
"NC_000913.3","fork1",5979,3928734,-1.45,-1.2993432113333396,0.21427557416581033,345.37653591489345,0.9981964811943661,54.58227535776797,-0.10399128167784054,0.001,0.9999999999993877,-15273.476324886846,14.851773165291737,2990,"2026-10-04T10:41:43.924026Z"
"NC_000913.3","fork1",5981,3928735,-1.0,1.0445944094453317,0.7397355271799415,345.63523777881556,0.9982030839459618,54.591763166773156,-0.23129865690140605,0.001,0.9999999999993888,-19280.95785195608,14.856740304310668,2991,"2026-10-04T10:41:43.925026Z"
"NC_000913.3","fork1",5983,3928736,-1.44,1.3110377889013387,0.7876867636969223,345.9070254509586,0.9982100881776429,54.60127153135725,-0.24223865107690098,0.001,0.9999999999993886,-1561.912094515879,14.861707443322336,2992,"2026-10-04T10:41:43.926027Z"
"NC_000913.3","fork1",5985,3928737,-1.28,-1.3896781421493287,0.19945914459223538,346.0190276914045,0.9982118574705183,54.61049210713229,-0.09978237629913736,0.001,0.9999999999993887,80515.93761324963,14.866674582324077,2993,"2026-10-04T10:41:43.927026Z"
"NC_000913.3","fork1",5987,3928738,-1.45,1.6006567886666603,0.832110160392121,346.3029861918958,0.9982192198502601,54.62001722782883,-0.2520812713855083,0.001,0.9999999999993895,-20686.0961304062,14.871641721328311,2994,"2026-10-04T10:41:43.928026Z"
"NC_000913.3","fork1",5989,3928739,-1.44,-1.5689622110986612,0.1723643870770019,346.4076687549444,0.9982207411159494,54.629221298462795,-0.09290405845383855,0.001,0.9999999999993895,104634.72229105124,14.876608860321692,2995,"2026-10-04T10:41:43.929027Z"
"NC_000913.3","fork1",5991,3928740,-1.0,-0.9554055905546683,0.277799014514135,346.54102288565707,0.9982231902041924,54.63847465891666,-0.11822747291250729,0.001,0.9999999999993896,-10339.935496899388,14.881575999316105,2996,"2026-10-04T10:41:43.930027Z"
"NC_000913.3","fork1",5993,3928741,-1.0,-0.9554055905546683,0.277799014514135,346.6743925741218,0.9982256359273425,54.64772635810357,-0.11812424972545256,0.001,0.9999999999993897,42.20558939795207,14.886543138309788,2997,"2026-10-04T10:41:43.931026Z"
"NC_000913.3","fork1",5995,3928742,-1.0,-0.9554055905546683,0.277799014514135,346.80777781881955,0.998228078290007,54.65697639693391,-0.118021100738648,0.001,0.9999999999993897,42.2332802173337,14.89151027730257,2998,"2026-10-04T10:41:43.932027Z"
"NC_000913.3","fork1",5997,3928743,-1.0,-0.9554055905546683,0.277799014514135,346.9411786182724,0.9982305172967866,54.666224776317385,-0.11791802595991807,0.001,0.99999999999939,42.260964419817206,14.89647741629457,2999,"2026-10-04T10:41:43.933027Z"
"NC_000913.3","fork1",5999,3928744,-1.3,-1.197553383706671,0.23191074185089536,347.0621105365874,0.9982325508490281,54.6754494732653,-0.10681286581078496,0.001,0.9999999999993904,5460.966245456175,14.901444555285618,3000,"2026-10-04T10:41:43.934027Z"
"NC_000913.3","fork1",6001,3928745,-1.84,-1.9014679697759975,0.1299424193591184,347.1553075628592,0.9982336892532179,54.6846236515839,-0.08228864479140988,0.001,0.99999999999939,21542.630674601904,14.906411694276258,3001,"2026-10-04T10:41:43.935026Z"
"NC_000913.3","fork1",6003,3928746,-1.45,-1.2993432113333396,0.21427557416581033,347.27145818962134,0.998235564887901,54.69383672553821,-0.10247767428757909,0.001,0.9999999999993897,-10763.838863623483,14.911378833268286,3002,"2026-10-04T10:41:43.936027Z"
"NC_000913.3","fork1",6005,3928747,-1.44,1.3110377889013387,0.7876867636969223,347.54369972531214,0.9982424427344506,54.70332243331829,-0.239392509147152,0.001,0.9999999999993909,-19906.642852776265,14.916345972262297,3003,"2026-10-04T10:41:43.937027Z"
"NC_000913.3","fork1",6007,3928748,-1.84,-1.9014679697759975,0.1299424193591184,347.6369368221169,0.9982435747785425,54.71249183272598,-0.08197767792697108,0.001,0.9999999999993903,139053.6219789528,14.92131311124631,3004,"2026-10-04T10:41:43.938027Z"
"NC_000913.3","fork1",6009,3928749,-1.45,-1.2993432113333396,0.21427557416581033,347.753138984415,0.9982454399342969,54.721699924295585,-0.10209178443887659,0.001,0.9999999999993912,-10784.143074627587,14.926280250231878,3005,"2026-10-04T10:41:43.939026Z"
"NC_000913.3","fork1",6011,3928750,-1.28,1.1703218578506713,0.7632031881188912,348.01884229782587,0.9982520671672617,54.73116762288659,-0.23268600220428337,0.001,0.9999999999993912,-19705.692927988475,14.93124738921935,3006,"2026-10-04T10:41:43.940026Z"
"NC_000913.3","fork1",6013,3928751,-2.24,-2.2677208491146654,0.09383182322637987,348.10228257957374,0.9982528802238974,54.74031510419274,-0.07307471612626423,0.001,0.9999999999993909,196310.16963982728,14.936214528197096,3007,"2026-10-04T10:41:43.941026Z"
"NC_000913.3","fork1",6015,3928752,-1.84,-1.9014679697759975,0.1299424193591184,348.19555913092694,0.9982540055569523,54.74947821354775,-0.08165719626893919,0.001,0.9999999999993905,-7626.613387763293,14.941181667176654,3008,"2026-10-04T10:41:43.942027Z"
"NC_000913.3","fork1",6017,3928753,-2.17,-2.077195418181337,0.11133314431997621,348.28376737325294,0.998254969153574,54.75863095881574,-0.07719783952443134,0.001,0.9999999999993909,4627.825216491558,14.946148806157625,3009,"2026-10-04T10:41:43.943026Z"
"NC_000913.3","fork1",6019,3928754,-1.3,1.4024466162933291,0.8025718425954855,348.56034872095864,0.9982618997831958,54.76810957874682,-0.24122326782955544,0.001,0.9999999999993919,-23666.742742988663,14.951115945142021,3010,"2026-10-04T10:41:43.944026Z"
"NC_000913.3","fork1",6021,3928755,-1.44,1.3110377889013387,0.7876867636969223,348.83293603750076,0.9982686751531946,54.77757829434092,-0.23700133094730091,0.001,0.9999999999993915,623.130084849605,14.956083084118626,3011,"2026-10-04T10:41:43.945027Z"
"NC_000913.3","fork1",6023,3928756,-2.17,-2.077195418181337,0.11133314431997621,348.9212075733967,0.9982696306678489,54.786726222363264,-0.07674550285386497,0.001,0.9999999999993922,167716.76642970365,14.961050223085092,3012,"2026-10-04T10:41:43.946027Z"
"NC_000913.3","fork1",6025,3928757,-1.84,1.7785320302240026,0.8555155067192858,349.21238117090985,0.9982769555702514,54.7962222755994,-0.25221991113935116,0.001,0.9999999999993924,-23955.86980451693,14.966017362055577,3013,"2026-10-04T10:41:43.947026Z"
"NC_000913.3","fork1",6027,3928758,-1.44,-1.5689622110986612,0.1723643870770019,349.31733025186713,0.9982784275991541,54.80539563402298,-0.09088312313840327,0.001,0.9999999999993927,109601.6441724501,14.970984501014968,3014,"2026-10-04T10:41:43.948026Z"
"NC_000913.3","fork1",6029,3928759,-0.58,-0.40523812514667396,0.4000544771470622,349.48438570327596,0.9982818393138346,54.81467401624734,-0.14443534382087903,0.001,0.9999999999993925,-15696.570697380346,14.975951639976017,3015,"2026-10-04T10:41:43.949027Z"
"NC_000913.3","fork1",6031,3928760,-1.0,1.0445944094453317,0.7397355271799415,349.744127994315,0.9982881301020026,54.82410906493033,-0.22388751633935877,0.001,0.9999999999993933,-12629.9233732585,14.980918778935603,3016,"2026-10-04T10:41:43.950027Z"
"NC_000913.3","fork1",6033,3928761,-1.0,1.0445944094453317,0.7397355271799415,350.0039275793332,0.9982943978967436,54.83354145843123,-0.22328416778225002,0.001,0.9999999999993939,96.26169682329773,14.985885917888075,3017,"2026-10-04T10:41:43.951026Z"
"NC_000913.3","fork1",6035,3928762,-1.0,1.0445944094453317,0.7397355271799415,350.26378444637646,0.9983006427818131,54.84297120144373,-0.22268232754014552,0.001,0.9999999999993944,96.37330958151294,14.990853056833615,3018,"2026-10-04T10:41:43.952027Z"
"NC_000913.3","fork1",6037,3928763,-1.44,1.3110377889013387,0.7876867636969223,350.5367855172899,0.9983072673820031,54.85242041624905,-0.23321300792763383,0.001,0.9999999999993947,-1589.632594471967,14.995820195772156,3019,"2026-10-04T10:41:43.953027Z"
"NC_000913.3","fork1",6039,3928764,-1.28,-1.3896781421493287,0.19945914459223538,350.6492815045299,0.9983089407778672,54.86159615848831,-0.09605869560127905,0.001,0.9999999999993953,81961.66565775199,15.000787334701352,3020,"2026-10-04T10:41:43.954027Z"
"NC_000913.3","fork1",6041,3928765,-1.3,-1.197553383706671,0.23191074185089536,350.77064558699,0.9983108843555695,54.87078527739774,-0.10354661686750938,0.001,0.9999999999993948,-3852.6482669889724,15.005754473630928,3021,"2026-10-04T10:41:43.955027Z"
"NC_000913.3","fork1",6043,3928766,-1.45,-1.2993432113333396,0.21427557416581033,350.8872056079247,0.9983126781558005,54.87996469499746,-0.09937612257267758,0.001,0.9999999999993953,2324.949134642333,15.010721612560271,3022,"2026-10-04T10:41:43.956027Z"
"NC_000913.3","fork1",6045,3928767,-0.88,-1.11502459031999,0.24693533677668908,351.01269484597526,0.9983147430075374,54.889157545665164,-0.10689506848170417,0.001,0.9999999999993956,-3641.397478840979,15.015688751489984,3023,"2026-10-04T10:41:43.957027Z"
"NC_000913.3","fork1",6047,3928768,-0.58,-0.40523812514667396,0.4000544771470622,351.1800209194404,0.998318082875651,54.89841904596185,-0.142309990499914,0.001,0.9999999999993956,-10603.688772531666,15.020655890419855,3024,"2026-10-04T10:41:43.958027Z"
"NC_000913.3","fork1",6049,3928769,-1.44,1.3110377889013387,0.7876867636969223,351.4532718712514,0.9983246396032611,54.90785603178278,-0.23163907531839184,0.001,0.9999999999993964,-13624.034751912925,15.025623029348644,3025,"2026-10-04T10:41:43.959026Z"
"NC_000913.3","fork1",6051,3928770,-1.28,-1.3896781421493287,0.19945914459223538,351.56585825772123,0.9983262958541461,54.91702206843112,-0.09539965956828947,0.001,0.999999999999396,82257.7164995339,15.03059016826787,3026,"2026-10-04T10:41:43.960026Z"
"NC_000913.3","fork1",6053,3928771,-1.3,-1.197553383706671,0.23191074185089536,351.68732152831217,0.9983282195186173,54.926201348288956,-0.10283754995137857,0.001,0.999999999999396,-3866.521680158541,15.035557307187522,3027,"2026-10-04T10:41:43.961026Z"
"NC_000913.3","fork1",6055,3928772,-1.84,-1.9014679697759975,0.1299424193591184,351.78092532072634,0.9983292964062784,54.93533256909776,-0.0792235293938285,0.001,0.999999999999396,21928.025930031774,15.040524446106827,3028,"2026-10-04T10:41:43.962027Z"
"NC_000913.3","fork1",6057,3928773,-1.45,-1.2993432113333396,0.21427557416581033,351.89758568765717,0.998331070686042,54.94450069314833,-0.09866262927394441,0.001,0.999999999999396,-10956.051170397506,15.045491585027776,3029,"2026-10-04T10:41:43.963026Z"
"NC_000913.3","fork1",6059,3928774,-1.28,1.1703218578506713,0.7632031881188912,352.1643427531403,0.9983373750176926,54.95391670866141,-0.22487430145588863,0.001,0.9999999999993968,-20019.833850232837,15.050458723950403,3030,"2026-10-04T10:41:43.964026Z"
"NC_000913.3","fork1",6061,3928775,-1.44,-1.5689622110986612,0.1723643870770019,352.26958620163197,0.9983387955150328,54.96306246762279,-0.08869091275488578,0.001,0.9999999999993965,95870.21731553957,15.055425862864094,3031,"2026-10-04T10:41:43.965027Z"
"NC_000913.3","fork1",6063,3928776,-1.0,-0.9554055905546683,0.277799014514135,352.4036729019305,0.9983410823755342,54.972254461337464,-0.1128806568946616,0.001,0.9999999999993968,-10577.708664283397,15.060393001778708,3032,"2026-10-04T10:41:43.966027Z"
"NC_000913.3","fork1",6065,3928777,-1.3,-1.197553383706671,0.23191074185089536,352.52522216727255,0.99834298907339,54.98142406525642,-0.10224574521001858,0.001,0.9999999999993967,5577.65964447651,15.065360140692603,3033,"2026-10-04T10:41:43.967026Z"
"NC_000913.3","fork1",6067,3928778,-1.84,-1.9014679697759975,0.1299424193591184,352.6188843494122,0.9983440564629329,54.990545979438416,-0.07876094782602307,0.001,0.999999999999397,22002.086811707697,15.07032727960609,3034,"2026-10-04T10:41:43.968027Z"
"NC_000913.3","fork1",6069,3928779,-2.17,-2.077195418181337,0.11133314431997621,352.70745635684705,0.9983449704437688,54.99965796819167,-0.07445881885406916,0.001,0.9999999999993964,4707.023170458311,15.075294418520798,3035,"2026-10-04T10:41:43.969027Z"
"NC_000913.3","fork1",6071,3928780,-1.44,-1.5689622110986612,0.1723643870770019,352.8127324123291,0.9983463844625516,55.00879603259172,-0.0884499496017482,0.001,0.9999999999993969,-9894.58620879369,15.0802615574373,3036,"2026-10-04T10:41:43.970027Z"
"NC_000913.3","fork1",6073,3928781,-1.0,-0.9554055905546683,0.277799014514135,352.9468754915287,0.9983486608931765,55.017980156855856,-0.11258637750490026,0.001,0.9999999999993967,-10602.751359617374,15.085228696354788,3037,"2026-10-04T10:41:43.971026Z"
"NC_000913.3","fork1",6075,3928782,-0.58,-0.40523812514667396,0.4000544771470622,353.1145050433373,0.9983519336532735,55.02721774639757,-0.14047314936202038,0.001,0.9999999999993974,-8520.872606364394,15.090195835271942,3038,"2026-10-04T10:41:43.972027Z"
"NC_000913.3","fork1",6077,3928783,-0.88,-1.11502459031999,0.24693533677668908,353.24023335077953,0.9983539505454978,55.03638467303475,-0.1052751184992475,0.001,0.9999999999993976,17451.617115648918,15.095162974186161,3039,"2026-10-04T10:41:43.973027Z"
"NC_000913.3","fork1",6079,3928784,-1.3,-1.197553383706671,0.23191074185089536,353.3618595707856,0.9983558424775184,55.04554325668948,-0.10175912561009588,0.001,0.999999999999397,1858.4139656509253,15.100130113100159,3040,"2026-10-04T10:41:43.974027Z"
"NC_000913.3","fork1",6081,3928785,-1.84,-1.9014679697759975,0.1299424193591184,353.4555665400743,0.9983569016009665,55.054654460564514,-0.07837391796220287,0.001,0.9999999999993973,22079.77520546585,15.105097252013799,3041,"2026-10-04T10:41:43.975027Z"
"NC_000913.3","fork1",6083,3928786,-1.84,-1.9014679697759975,0.1299424193591184,353.54927565848186,0.9983579600432768,55.063764157741346,-0.07834607915292041,0.001,0.9999999999993974,26.30167842890941,15.110064390928725,3042,"2026-10-04T10:41:43.976027Z"
"NC_000913.3","fork1",6085,3928787,-1.28,-1.3896781421493287,0.19945914459223538,353.6620348153201,0.9983595834079085,55.072903549249055,-0.09420734468287606,0.001,0.999999999999397,-9770.611740599259,15.11503152984512,3043,"2026-10-04T10:41:43.977026Z"
"NC_000913.3","fork1",6087,3928788,-0.58,-0.40523812514667396,0.4000544771470622,353.82977541495313,0.9983628345563631,55.08213129131555,-0.13992087334242004,0.001,0.9999999999993975,-14060.732476049394,15.119998668762456,3044,"2026-10-04T10:41:43.978027Z"
"NC_000913.3","fork1",6089,3928789,-1.28,1.1703218578506713,0.7632031881188912,354.09707951745503,0.9983690190969465,55.091519473702355,-0.22226720655377027,0.001,0.9999999999993976,-13314.866658318493,15.124965807678688,3045,"2026-10-04T10:41:43.979026Z"
"NC_000913.3","fork1",6091,3928790,-1.44,-1.5689622110986612,0.1723643870770019,354.20247056766306,0.9983704126026569,55.10064186519254,-0.08760578886785318,0.001,0.9999999999993979,96634.99523753305,15.129932946585923,3046,"2026-10-04T10:41:43.980026Z"
"NC_000913.3","fork1",6093,3928791,-1.45,1.6006567886666603,0.832110160392121,354.48875959379757,0.9983771232193397,55.11005629713009,-0.2371282404604561,0.001,0.9999999999993987,-22281.47704759556,15.134900085495751,3047,"2026-10-04T10:41:43.981026Z"
"NC_000913.3","fork1",6095,3928792,-1.44,-1.5689622110986612,0.1723643870770019,354.5941922633088,0.9983785098121554,55.11917543696502,-0.08730207051018997,0.001,0.9999999999993984,108053.47341790101,15.139867224395731,3048,"2026-10-04T10:41:43.982027Z"
"NC_000913.3","fork1",6097,3928793,-1.3,-1.197553383706671,0.23191074185089536,354.7159629378966,0.9983803735621041,55.128319465970996,-0.10074702570724144,0.001,0.9999999999993985,-7213.926528283953,15.144834363296502,3049,"2026-10-04T10:41:43.983026Z"
"NC_000913.3","fork1",6099,3928794,-2.17,-2.077195418181337,0.11133314431997621,354.8046681660225,0.9983812675305955,55.13740848877397,-0.0733717558196538,0.001,0.9999999999993984,30622.18651914312,15.149801502196931,3050,"2026-10-04T10:41:43.984026Z"
"NC_000913.3","fork1",6101,3928795,-2.24,-2.2677208491146654,0.09383182322637987,354.8885721341771,0.9983820205866701,55.14648826262746,-0.06938510141321602,0.001,0.9999999999993985,5293.967528919518,15.154768641098837,3051,"2026-10-04T10:41:43.985027Z"
"NC_000913.3","fork1",6103,3928796,-1.84,-1.9014679697759975,0.1299424193591184,354.98238409186445,0.9983830628741739,55.15558254746843,-0.07754806510713835,0.001,0.9999999999993981,-7831.777378655739,15.1597357800026,3052,"2026-10-04T10:41:43.986027Z"
"NC_000913.3","fork1",6105,3928797,-1.45,-1.2993432113333396,0.21427557416581033,355.09934379688576,0.9983847801465714,55.16471266608368,-0.09660880908543035,0.001,0.9999999999993981,-11099.429540693754,15.164702918907908,3053,"2026-10-04T10:41:43.987026Z"
"NC_000913.3","fork1",6107,3928798,-1.28,1.1703218578506713,0.7632031881188912,355.3669934199408,0.9983908819193194,55.17408363461022,-0.22036370891177173,0.001,0.9999999999993987,-20281.79431424593,15.169670057814974,3054,"2026-10-04T10:41:43.988027Z"
"NC_000913.3","fork1",6109,3928799,-1.44,-1.5689622110986612,0.1723643870770019,355.4724907988942,0.9983922567755739,55.18319197067687,-0.08683081025305842,0.001,0.9999999999993989,97124.98904570063,15.174637196713217,3055,"2026-10-04T10:41:43.989027Z"
"NC_000913.3","fork1",6111,3928800,-1.0,-0.9554055905546683,0.277799014514135,355.60694533946275,0.9983944701581684,55.192345207678706,-0.11054940644537563,0.001,0.9999999999993993,-10715.994718140197,15.1796043356125,3056,"2026-10-04T10:41:43.990027Z"
"NC_000913.3","fork1",6113,3928801,-1.3,-1.197553383706671,0.23191074185089536,355.72881284320334,0.9983963155926731,55.201476663555816,-0.10012139343116006,0.001,0.999999999999399,5650.708810262662,15.184571474510978,3057,"2026-10-04T10:41:43.991027Z"
"NC_000913.3","fork1",6115,3928802,-1.28,-1.3896781421493287,0.19945914459223538,355.8417778963929,0.9983979010988329,55.21059230239076,-0.09274653362530419,0.001,0.9999999999993993,4651.422992108738,15.189538613409363,3058,"2026-10-04T10:41:43.992027Z"
"NC_000913.3","fork1",6117,3928803,-1.45,1.6006567886666603,0.832110160392121,356.12855563884557,0.9984044986991978,55.21998370138617,-0.23461316957083192,0.001,0.9999999999994,-21502.762837805694,15.194505752309881,3059,"2026-10-04T10:41:43.993027Z"
"NC_000913.3","fork1",6119,3928804,-1.84,1.7785320302240026,0.8555155067192858,356.4218296536314,0.9984112535944274,55.22938244542128,-0.2391082443349144,0.001,0.9999999999994003,-665.4544017763783,15.19947289120262,3060,"2026-10-04T10:41:43.994027Z"
"NC_000913.3","fork1",6121,3928805,-2.24,-2.2677208491146654,0.09383182322637987,356.505849947417,0.998411992722771,55.238447009902586,-0.06850704989951076,0.001,0.9999999999994007,230814.03372388543,15.204440030084879,3061,"2026-10-04T10:41:43.995026Z"
"NC_000913.3","fork1",6123,3928806,-2.17,-2.077195418181337,0.11133314431997621,356.5946795392475,0.9984128692665049,55.2475177177452,-0.07240598458049113,0.001,0.9999999999994008,-4448.077751915862,15.209407168968916,3062,"2026-10-04T10:41:43.996026Z"
"NC_000913.3","fork1",6125,3928807,-1.84,1.7785320302240026,0.8555155067192858,356.8880878413265,0.9984195887792487,55.25691034079421,-0.23827606727024325,0.001,0.9999999999994014,-24684.837876160775,15.214374307856827,3063,"2026-10-04T10:41:43.997026Z"
"NC_000913.3","fork1",6127,3928808,-2.24,-2.2677208491146654,0.09383182322637987,356.97213984147174,0.9984203240359713,55.26597036690342,-0.06826309554912798,0.001,0.9999999999994013,231229.40126495907,15.219341446734092,3064,"2026-10-04T10:41:43.998027Z"
"NC_000913.3","fork1",6129,3928809,-1.45,-1.2993432113333396,0.21427557416581033,357.0893119540738,0.9984220017976001,55.27508111348499,-0.0950874124996515,0.001,0.9999999999994011,-15988.157369488174,15.224308585613658,3065,"2026-10-04T10:41:43.999026Z"
"NC_000913.3","fork1",6131,3928810,-1.28,1.1703218578506713,0.7632031881188912,357.35746971001373,0.9984279631805182,55.28442760762372,-0.2169107680649113,0.001,0.9999999999994016,-20435.418633432735,15.229275724494956,3066,"2026-10-04T10:41:44.000026Z"
"NC_000913.3","fork1",6133,3928811,-1.84,1.7785320302240026,0.8555155067192858,357.6510799561408,0.9984346188896155,55.293811190927656,-0.2366810585998751,0.001,0.9999999999994024,-2970.425877383248,15.234242863369614,3067,"2026-10-04T10:41:44.001027Z"
"NC_000913.3","fork1",6135,3928812,-1.3,1.4024466162933291,0.8025718425954855,357.9301911638576,0.9984408371300553,55.30316919388658,-0.22428046308554375,0.001,0.9999999999994029,1994.2290161374221,15.239210002235987,3068,"2026-10-04T10:41:44.002027Z"
"NC_000913.3","fork1",6137,3928813,-1.28,1.1703218578506713,0.7632031881188912,358.1985316668014,0.9984467274673,55.31250767505604,-0.21497665462108112,0.001,0.9999999999994036,1579.5035288972606,15.244177141094855,3069,"2026-10-04T10:41:44.003026Z"
"NC_000913.3","fork1",6139,3928814,-1.3,1.4024466162933291,0.8025718425954855,358.47776602686923,0.9984528976827722,55.32186030163732,-0.22298718338905787,0.001,0.999999999999404,-1298.257541254145,15.24914427994707,3070,"2026-10-04T10:41:44.004026Z"
"NC_000913.3","fork1",6141,3928815,-1.44,1.3110377889013387,0.7876867636969223,358.75296552810755,0.998458929664281,55.33120391175331,-0.21907892227180148,0.001,0.9999999999994044,647.9232589826762,15.254111418791783,3071,"2026-10-04T10:41:44.005027Z"
"NC_000913.3","fork1",6143,3928816,-2.17,-2.077195418181337,0.11133314431997621,358.84202128463744,0.9984597803398635,55.34025898950167,-0.0708920933494201,0.001,0.9999999999994045,174198.9919135514,15.259078557627493,3072,"2026-10-04T10:41:44.006027Z"
"NC_000913.3","fork1",6145,3928817,-1.44,-1.5689622110986612,0.1723643870770019,358.9478825708069,0.9984610964189422,55.349338415822494,-0.0842208894048029,0.001,0.9999999999994044,-10127.655906798978,15.264045696464963,3073,"2026-10-04T10:41:44.007026Z"
"NC_000913.3","fork1",6147,3928818,-0.58,-0.40523812514667396,0.4000544771470622,359.1164548598326,0.9984641466878432,55.35851254953791,-0.13389787670493222,0.001,0.9999999999994046,-16286.100967546257,15.269012835303714,3074,"2026-10-04T10:41:44.008027Z"
"NC_000913.3","fork1",6149,3928819,-1.0,1.0445944094453317,0.7397355271799415,359.3786156859683,0.9984697710080223,55.367828010413554,-0.20759857993485503,0.001,0.9999999999994053,-13103.930943456702,15.27397997414137,3075,"2026-10-04T10:41:44.009027Z"
"NC_000913.3","fork1",6151,3928820,-1.0,1.0445944094453317,0.7397355271799415,359.6408332717078,0.9984753747632981,55.377140968274496,-0.20703527963793794,0.001,0.9999999999994056,100.5219302400686,15.278947112972435,3076,"2026-10-04T10:41:44.010027Z"
"NC_000913.3","fork1",6153,3928821,-1.0,1.0445944094453317,0.7397355271799415,359.9031076054332,0.9984809580286347,55.38645142741178,-0.20647340325246766,0.001,0.9999999999994059,100.6358020968981,15.283914251797254,3077,"2026-10-04T10:41:44.011027Z"
"NC_000913.3","fork1",6155,3928822,-0.88,-1.11502459031999,0.24693533677668908,360.0296349422338,0.998482817261676,55.395553918331906,-0.09953989515176052,0.001,0.9999999999994065,57514.84925518321,15.288881390614277,3078,"2026-10-04T10:41:44.012027Z"
"NC_000913.3","fork1",6157,3928823,-0.58,-0.40523812514667396,0.4000544771470622,360.1983776474519,0.9984858245428705,55.404718684155846,-0.1325424698711478,0.001,0.9999999999994065,-10974.22308882189,15.293848529431363,3079,"2026-10-04T10:41:44.013027Z"
"NC_000913.3","fork1",6159,3928824,-0.88,-1.11502459031999,0.24693533677668908,360.32493705187363,0.9984876778285583,55.41381799955468,-0.09932804503808886,0.001,0.9999999999994064,17921.912984951618,15.298815668245938,3080,"2026-10-04T10:41:44.014027Z"
"NC_000913.3","fork1",6161,3928825,-1.3,-1.197553383706671,0.23191074185089536,360.4473666317204,0.9984894162900279,55.42290951453682,-0.09600971329807613,0.001,0.9999999999994061,1908.7749703513064,15.303782807060303,3081,"2026-10-04T10:41:44.015026Z"
"NC_000913.3","fork1",6163,3928826,-1.45,-1.2993432113333396,0.21427557416581033,360.5649444921002,0.9984910207802156,55.43199216374828,-0.09213787581919661,0.001,0.999999999999407,2413.1263054967158,15.308749945874762,3082,"2026-10-04T10:41:44.016026Z"
"NC_000913.3","fork1",6165,3928827,-0.88,-1.11502459031999,0.24693533677668908,360.6915395769412,0.9984928677155319,55.44108684451484,-0.09911635292138232,0.001,0.9999999999994069,-3778.4090435660646,15.31371708468953,3083,"2026-10-04T10:41:44.017026Z"
"NC_000913.3","fork1",6167,3928828,-1.3,-1.197553383706671,0.23191074185089536,360.8140028190745,0.9984946002200594,55.450173745603834,-0.09580439980629017,0.001,0.9999999999994073,1911.65625399961,15.318684223504059,3084,"2026-10-04T10:41:44.018027Z"
"NC_000913.3","fork1",6169,3928829,-2.17,-2.077195418181337,0.11133314431997621,360.9032113076259,0.998495431235056,55.459209149599204,-0.06977093451440129,0.001,0.9999999999994069,31327.31105767035,15.323651362318223,3085,"2026-10-04T10:41:44.019026Z"
"NC_000913.3","fork1",6171,3928830,-2.24,-2.2677208491146654,0.09383182322637987,360.98759107078894,0.9984961312606432,55.46823583511697,-0.06597956523648357,0.001,0.9999999999994068,5416.0438524533765,15.328618501133965,3086,"2026-10-04T10:41:44.020026Z"
"NC_000913.3","fork1",6173,3928831,-1.28,-1.3896781421493287,0.19945914459223538,361.1011205903954,0.9984976182310755,55.47730479999795,-0.08870933131368755,0.001,0.9999999999994069,-15285.956992047186,15.333585639951817,3087,"2026-10-04T10:41:44.021027Z"
"NC_000913.3","fork1",6175,3928832,-1.0,-0.9554055905546683,0.277799014514135,361.2362820698923,0.9984996867803633,55.48640465415301,-0.10550309313425504,0.001,0.9999999999994074,-8118.618163964338,15.338552778770259,3088,"2026-10-04T10:41:44.022027Z"
"NC_000913.3","fork1",6177,3928833,-1.0,-0.9554055905546683,0.277799014514135,361.3714589100391,0.9985017524858495,55.49550293278356,-0.10540945810643515,0.001,0.9999999999994068,45.328353167716415,15.343519917588182,3089,"2026-10-04T10:41:44.023026Z"
"NC_000913.3","fork1",6179,3928834,-1.45,1.6006567886666603,0.832110160392121,361.6597032420868,0.9985079230551607,55.5048279727167,-0.22397621213777924,0.001,0.9999999999994077,-19214.88084032966,15.34848705640708,3090,"2026-10-04T10:41:44.024027Z"
"NC_000913.3","fork1",6181,3928835,-1.44,-1.5689622110986612,0.1723643870770019,361.7658190537885,0.9985091980589178,55.513879495260376,-0.08243064600944106,0.001,0.9999999999994077,111015.80315897851,15.353454195216672,3091,"2026-10-04T10:41:44.025027Z"
"NC_000913.3","fork1",6183,3928836,-1.0,-0.9554055905546683,0.277799014514135,361.90106201724274,0.9985112506883304,55.522972828210285,-0.10494704065182875,0.001,0.9999999999994078,-10969.537172514143,15.358421334027337,3092,"2026-10-04T10:41:44.026027Z"
"NC_000913.3","fork1",6185,3928837,-1.45,1.6006567886666603,0.832110160392121,362.1894467442297,0.9985173821971456,55.532291589947654,-0.22299304674639045,0.001,0.9999999999994084,-19252.358538782515,15.36338847283898,3093,"2026-10-04T10:41:44.027026Z"
"NC_000913.3","fork1",6187,3928838,-2.24,-2.2677208491146654,0.09383182322637987,362.2739166878222,0.9985180720248413,55.54130632687985,-0.06531982005439294,0.001,0.9999999999994084,228569.00015020475,15.368355611641123,3094,"2026-10-04T10:41:44.028027Z"
"NC_000913.3","fork1",6189,3928839,-1.45,-1.2993432113333396,0.21427557416581033,362.39166844720745,0.9985196461230165,55.55036881964571,-0.09098498823681594,0.001,0.9999999999994085,-16304.68072943338,15.373322750445436,3095,"2026-10-04T10:41:44.029027Z"
"NC_000913.3","fork1",6191,3928840,-1.28,1.1703218578506713,0.7632031881188912,362.66114263319037,0.9985252391687562,55.55965350998413,-0.20754337700824213,0.001,0.9999999999994087,-20839.877625637484,15.378289889251235,3096,"2026-10-04T10:41:44.030027Z"
"NC_000913.3","fork1",6193,3928841,-1.3,1.4024466162933291,0.8025718425954855,362.94155796731224,0.998531097963398,55.56895164071967,-0.21527642491730842,0.001,0.9999999999994096,-1319.904243432338,15.3832570280509,3097,"2026-10-04T10:41:44.031027Z"
"NC_000913.3","fork1",6195,3928842,-1.44,1.3110377889013387,0.7876867636969223,363.2179202048688,0.9985368254974318,55.57824112247198,-0.21150095345147055,0.001,0.9999999999994096,659.179228536941,15.388224166843218,3098,"2026-10-04T10:41:44.032026Z"
"NC_000913.3","fork1",6197,3928843,-1.84,-1.9014679697759975,0.1299424193591184,363.3124676727004,0.9985377682070871,55.58726289708061,-0.07234815094045301,0.001,0.9999999999994102,147609.39568129668,15.393191305627251,3099,"2026-10-04T10:41:44.033026Z"
"NC_000913.3","fork1",6199,3928844,-1.45,-1.2993432113333396,0.21427557416581033,363.43034034782977,0.9985393214146581,55.5963172323852,-0.09012727911218604,0.001,0.99999999999941,-11446.717427630912,15.398158444412378,3100,"2026-10-04T10:41:44.034027Z"
"NC_000913.3","fork1",6201,3928845,-0.88,-1.11502459031999,0.24693533677668908,363.5572564839183,0.9985411093181438,55.605383218575305,-0.096956057116129,0.001,0.9999999999994105,-3819.43324040581,15.403125583198031,3101,"2026-10-04T10:41:44.035026Z"
"NC_000913.3","fork1",6203,3928846,-1.3,-1.197553383706671,0.23191074185089536,363.6800286713178,0.9985427864480902,55.61444162171218,-0.09371486331364332,0.001,0.99999999999941,1932.5835838162832,15.40809272198383,3102,"2026-10-04T10:41:44.036026Z"
"NC_000913.3","fork1",6205,3928847,-1.45,-1.2993432113333396,0.21427557416581033,363.79793257353765,0.9985443343329706,55.62349141056472,-0.08993309817252604,0.001,0.9999999999994104,2443.1824285178204,15.413059860769241,3103,"2026-10-04T10:41:44.037026Z"
"NC_000913.3","fork1",6207,3928848,-1.0,1.0445944094453317,0.7397355271799415,364.0612604021581,0.9985496654312134,55.632750557309606,-0.20022737403463348,0.001,0.9999999999994107,-20688.84699549735,15.418026999556472,3104,"2026-10-04T10:41:44.038027Z"
"NC_000913.3","fork1",6209,3928849,-1.44,1.3110377889013387,0.7876867636969223,364.3379167590621,0.9985553206718338,55.642026418074686,-0.20969839191170864,0.001,0.9999999999994112,-1674.7329623443338,15.42299413833763,3105,"2026-10-04T10:41:44.039026Z"
"NC_000913.3","fork1",6211,3928850,-1.84,-1.9014679697759975,0.1299424193591184,364.4325529867266,0.9985562514824504,55.65103764032574,-0.07172248127608627,0.001,0.9999999999994111,148231.99067280686,15.427961277110397,3106,"2026-10-04T10:41:44.040026Z"
"NC_000913.3","fork1",6213,3928851,-1.28,-1.3896781421493287,0.19945914459223538,364.5464385030606,0.9985576790940723,55.660075128796514,-0.08625041204942316,0.001,0.9999999999994116,-10176.38869724098,15.432928415884643,3107,"2026-10-04T10:41:44.041027Z"
"NC_000913.3","fork1",6215,3928852,-1.45,1.6006567886666603,0.832110160392121,364.8355231340344,0.9985636196596146,55.66936279377331,-0.2181557127892467,0.001,0.9999999999994119,-22204.16554643439,15.437895554660981,3108,"2026-10-04T10:41:44.042027Z"
"NC_000913.3","fork1",6217,3928853,-2.24,-2.2677208491146654,0.09383182322637987,364.92019896644456,0.9985642880050236,55.67835515662994,-0.0639033560499147,0.001,0.999999999999412,230797.36115251784,15.442862693427935,3109,"2026-10-04T10:41:44.043026Z"
"NC_000913.3","fork1",6219,3928854,-1.28,-1.3896781421493287,0.19945914459223538,365.0341329560176,0.9985657076813623,55.68738799076789,-0.085922307696195,0.001,0.9999999999994117,-15509.839141428287,15.447829832197144,3110,"2026-10-04T10:41:44.044027Z"
"NC_000913.3","fork1",6221,3928855,-1.3,-1.197553383706671,0.23191074185089536,365.15706595759417,0.9985673565737836,55.69643219569791,-0.09263242287406585,0.001,0.9999999999994122,-4069.468141959014,15.452796970966752,3111,"2026-10-04T10:41:44.045027Z"
"NC_000913.3","fork1",6223,3928856,-1.45,-1.2993432113333396,0.21427557416581033,365.2751235893056,0.9985688783971315,55.705467902978015,-0.08889372008139076,0.001,0.9999999999994124,2456.725872847518,15.457764109736516,3112,"2026-10-04T10:41:44.046027Z"
"NC_000913.3","fork1",6225,3928857,-1.28,1.1703218578506713,0.7632031881188912,365.5453195776726,0.9985742856999883,55.714718985030316,-0.20278877111486923,0.001,0.9999999999994124,-21063.19066077091,15.462731248507929,3113,"2026-10-04T10:41:44.047027Z"
"NC_000913.3","fork1",6227,3928858,-1.84,1.7785320302240026,0.8555155067192858,365.84116144182775,0.998580322787855,55.72400387039715,-0.22126898092297936,0.001,0.9999999999994127,-3061.1132744909883,15.467698387273375,3114,"2026-10-04T10:41:44.048027Z"
"NC_000913.3","fork1",6229,3928859,-1.3,1.4024466162933291,0.8025718425954855,366.12239261058835,0.9985859630612367,55.73326528043721,-0.20967204146752805,0.001,0.999999999999413,2056.095276005555,15.472665526031133,3115,"2026-10-04T10:41:44.049027Z"
"NC_000913.3","fork1",6231,3928860,-1.0,1.0445944094453317,0.7397355271799415,366.386263052488,0.998591141917295,55.74249959898098,-0.19615524307425608,0.001,0.999999999999415,2609.9969261611236,15.477632664781941,3116,"2026-10-04T10:41:44.050027Z"
"NC_000913.3","fork1",6233,3928861,-1.44,1.3110377889013387,0.7876867636969223,366.6634875298447,0.9985966356573462,55.75175015488111,-0.205431471276687,0.001,0.9999999999994145,-1688.508760145601,15.482599803526542,3117,"2026-10-04T10:41:44.051026Z"
"NC_000913.3","fork1",6235,3928862,-1.84,-1.9014679697759975,0.1299424193591184,366.7583403606506,0.9985975398859976,55.76074310296552,-0.07027942087409411,0.001,0.9999999999994146,149466.67548460377,15.487566942262983,3118,"2026-10-04T10:41:44.052026Z"
"NC_000913.3","fork1",6237,3928863,-2.17,-2.077195418181337,0.11133314431997621,366.8480330137883,0.9985983141557231,55.769727375470524,-0.06643618102211497,0.001,0.9999999999994146,4963.696404077383,15.492534081000622,3119,"2026-10-04T10:41:44.053026Z"
"NC_000913.3","fork1",6239,3928864,-1.44,-1.5689622110986612,0.1723643870770019,366.9546592247738,0.9985995120271666,55.77873388952435,-0.0789326665805835,0.001,0.9999999999994147,-10432.242647133387,15.497501219740094,3120,"2026-10-04T10:41:44.054027Z"
"NC_000913.3","fork1",6241,3928865,-1.3,-1.197553383706671,0.23191074185089536,367.077815088683,0.9986011221118473,55.78776202096519,-0.09109293499079396,0.001,0.999999999999415,-7552.564505478769,15.502468358480673,3121,"2026-10-04T10:41:44.055026Z"
"NC_000913.3","fork1",6243,3928866,-2.17,-2.077195418181337,0.11133314431997621,367.16751724482674,0.9986018944066672,55.79674193843265,-0.06633146858576136,0.001,0.999999999999415,32062.1940796474,15.507435497220754,3122,"2026-10-04T10:41:44.056026Z"
"NC_000913.3","fork1",6245,3928867,-2.24,-2.2677208491146654,0.09383182322637987,367.2523618152003,0.9986025449678225,55.805713635700194,-0.06272523762085265,0.001,0.9999999999994148,5543.262052523705,15.512402635962498,3123,"2026-10-04T10:41:44.057027Z"
"NC_000913.3","fork1",6247,3928868,-1.84,-1.9014679697759975,0.1299424193591184,367.3472305964528,0.9986034453942576,55.814697879683585,-0.07010807165541957,0.001,0.999999999999415,-8199.26397864196,15.517369774706193,3124,"2026-10-04T10:41:44.058027Z"
"NC_000913.3","fork1",6249,3928869,-2.17,-2.077195418181337,0.11133314431997621,367.43693424732675,0.9986042164082288,55.82367347569502,-0.06627115942325393,0.001,0.9999999999994149,4976.44968232744,15.522336913451012,3125,"2026-10-04T10:41:44.059026Z"
"NC_000913.3","fork1",6251,3928870,-1.84,1.7785320302240026,0.8555155067192858,367.73330979042146,0.9986101269330002,55.83293500714433,-0.21814374017962515,0.001,0.9999999999994156,-25695.27861409038,15.527304052199627,3126,"2026-10-04T10:41:44.060026Z"
"NC_000913.3","fork1",6253,3928871,-1.44,-1.5689622110986612,0.1723643870770019,367.83999953800793,0.9986113147233611,55.841931124958926,-0.07850398964915023,0.001,0.9999999999994148,117562.6231139181,15.532271190938713,3127,"2026-10-04T10:41:44.061027Z"
"NC_000913.3","fork1",6255,3928872,-1.0,-0.9554055905546683,0.277799014514135,367.9759854476914,0.9986132269474316,55.85096635242863,-0.09995583054315643,0.001,0.9999999999994155,-11218.267369696969,15.537238329679113,3128,"2026-10-04T10:41:44.062027Z"
"NC_000913.3","fork1",6257,3928873,-1.3,-1.197553383706671,0.23191074185089536,368.0992366025084,0.9986148212864915,55.85998240552576,-0.09052311385522749,0.001,0.9999999999994156,5916.380602636517,15.542205468418901,3129,"2026-10-04T10:41:44.063026Z"
"NC_000913.3","fork1",6259,3928874,-2.17,-2.077195418181337,0.11133314431997621,368.18899119637143,0.9986155860287336,55.8689506482286,-0.06590403942922071,0.001,0.9999999999994155,32192.643574654372,15.54717260715844,3130,"2026-10-04T10:41:44.064027Z"
"NC_000913.3","fork1",6261,3928875,-2.24,-2.2677208491146654,0.09383182322637987,368.27388199549466,0.9986162302277839,55.87791073394754,-0.06231853942811433,0.001,0.999999999999415,5565.826275733669,15.552139745899595,3131,"2026-10-04T10:41:44.065027Z"
"NC_000913.3","fork1",6263,3928876,-2.17,-2.077195418181337,0.11133314431997621,368.3636367928312,0.998616994193242,55.88687610876087,-0.06586847966608703,0.001,0.9999999999994152,-4646.728723471516,15.557106884642558,3132,"2026-10-04T10:41:44.066027Z"
"NC_000913.3","fork1",6265,3928877,-2.24,-2.2677208491146654,0.09383182322637987,368.4485262465258,0.9986176377379488,55.89583333263487,-0.06228377875774981,0.001,0.9999999999994151,5570.243793099854,15.562074023386913,3133,"2026-10-04T10:41:44.067027Z"
"NC_000913.3","fork1",6267,3928878,-1.45,-1.2993432113333396,0.21427557416581033,368.5669065826987,0.9986191062240655,55.90483532593584,-0.08678783305429638,0.001,0.9999999999994158,-16686.60943931634,15.56704116213341,3134,"2026-10-04T10:41:44.068027Z"
"NC_000913.3","fork1",6269,3928879,-1.44,1.3110377889013387,0.7876867636969223,368.8447711311287,0.9986244910695314,55.914055201667416,-0.203025318966405,0.001,0.9999999999994158,-21586.039310995002,15.572008300881732,3135,"2026-10-04T10:41:44.069027Z"
"NC_000913.3","fork1",6271,3928880,-1.84,-1.9014679697759975,0.1299424193591184,368.93973805746657,0.9986253773748335,55.923021835335604,-0.06937947953477627,0.001,0.9999999999994158,150789.84535480716,15.576975439621904,3136,"2026-10-04T10:41:44.070027Z"
"NC_000913.3","fork1",6273,3928881,-1.45,-1.2993432113333396,0.21427557416581033,369.0581689745268,0.9986268376504246,55.93201921039429,-0.08645455793451322,0.001,0.9999999999994158,-11693.05198528239,15.581942578363527,3137,"2026-10-04T10:41:44.071026Z"
"NC_000913.3","fork1",6275,3928882,-0.88,-1.11502459031999,0.24693533677668908,369.18569705240554,0.998628518579197,55.941027551004275,-0.09301263887103219,0.001,0.9999999999994162,-3901.4627176439913,15.586909717105506,3138,"2026-10-04T10:41:44.072026Z"
"NC_000913.3","fork1",6277,3928883,-1.45,1.6006567886666603,0.832110160392121,369.4760876766143,0.998634167773385,55.95025682847774,-0.2110441833383934,0.001,0.9999999999994171,-20893.518710717704,15.591876855849058,3139,"2026-10-04T10:41:44.073026Z"
"NC_000913.3","fork1",6279,3928884,-1.84,1.7785320302240026,0.8555155067192858,369.7730572785648,0.9986399516401394,55.95949233360584,-0.2150836942047566,0.001,0.9999999999994174,-698.4100840966009,15.596843994585669,3140,"2026-10-04T10:41:44.074027Z"
"NC_000913.3","fork1",6281,3928885,-1.44,-1.5689622110986612,0.1723643870770019,369.8799166480653,0.9986411139768855,55.968467513484015,-0.07737058069177861,0.001,0.999999999999418,118479.53183797502,15.601811133313221,3141,"2026-10-04T10:41:44.075026Z"
"NC_000913.3","fork1",6283,3928886,-1.45,1.6006567886666603,0.832110160392121,370.1704722286558,0.9986467113603655,55.97768989370058,-0.20962072323901698,0.001,0.999999999999418,-23627.13632514464,15.606778272043291,3142,"2026-10-04T10:41:44.076026Z"
"NC_000913.3","fork1",6285,3928887,-2.24,-2.2677208491146654,0.09383182322637987,370.2555036564997,0.9986473410957151,55.986632460145756,-0.06134863333874701,0.001,0.999999999999418,235451.43211376897,15.611745410764485,3143,"2026-10-04T10:41:44.077027Z"
"NC_000913.3","fork1",6287,3928888,-2.17,-2.077195418181337,0.11133314431997621,370.34540839894163,0.9986480879084264,55.99558018556493,-0.06484417227571178,0.001,0.9999999999994178,-4680.609855581296,15.616712549487534,3144,"2026-10-04T10:41:44.078027Z"
"NC_000913.3","fork1",6289,3928889,-1.84,1.7785320302240026,0.8555155067192858,370.6426121720697,0.9986538129072816,56.00480568371948,-0.21356361637949722,0.001,0.9999999999994184,-25977.200671151433,15.621679688213991,3145,"2026-10-04T10:41:44.079026Z"
"NC_000913.3","fork1",6291,3928890,-1.3,1.4024466162933291,0.8025718425954855,370.92513208451714,0.9986591616018543,56.01400876199395,-0.20236483110537234,0.001,0.999999999999419,2093.7417760397316,15.626646826933046,3146,"2026-10-04T10:41:44.080027Z"
"NC_000913.3","fork1",6293,3928891,-1.0,1.0445944094453317,0.7397355271799415,371.19020452919153,0.9986640727297165,56.02318597429963,-0.18931267950277564,0.001,0.9999999999994199,2657.668863227641,15.631613965645595,3147,"2026-10-04T10:41:44.081027Z"
"NC_000913.3","fork1",6295,3928892,-1.28,1.1703218578506713,0.7632031881188912,371.4618733428698,0.9986691208328095,56.032369545143844,-0.19343136003776815,0.001,0.9999999999994205,-815.8867715508951,15.636581104352135,3148,"2026-10-04T10:41:44.082027Z"
"NC_000913.3","fork1",6297,3928893,-1.84,1.7785320302240026,0.8555155067192858,371.7593311062915,0.9986747568808552,56.04158478520606,-0.21105925799517886,0.001,0.9999999999994205,-3127.7054089043463,15.64154824305299,3149,"2026-10-04T10:41:44.083026Z"
"NC_000913.3","fork1",6299,3928894,-1.44,-1.5689622110986612,0.1723643870770019,371.8664062677245,0.9986758895114741,56.05054596144653,-0.07595121260498139,0.001,0.999999999999421,119286.94415322067,15.646515381745,3150,"2026-10-04T10:41:44.084027Z"
"NC_000913.3","fork1",6301,3928895,-1.0,-0.9554055905546683,0.277799014514135,372.0028850581952,0.9986777129335953,56.059544522036845,-0.09670639752969788,0.001,0.999999999999421,-11382.545316082986,15.651482520438059,3151,"2026-10-04T10:41:44.085027Z"
"NC_000913.3","fork1",6303,3928896,-1.0,-0.9554055905546683,0.277799014514135,372.1393790636624,0.9986795338480167,56.068541562784254,-0.09661960889817767,0.001,0.999999999999421,47.66211443122387,15.656449659130857,3152,"2026-10-04T10:41:44.086027Z"
"NC_000913.3","fork1",6305,3928897,-1.3,-1.197553383706671,0.23191074185089536,372.26308945389013,0.9986810520563397,56.07752022782437,-0.08750057879075553,0.001,0.9999999999994212,6006.441915064395,15.661416797823115,3153,"2026-10-04T10:41:44.087027Z"
"NC_000913.3","fork1",6307,3928898,-1.84,-1.9014679697759975,0.1299424193591184,372.3583662124732,0.9986819019648335,56.086459978000555,-0.06736595228208495,0.001,0.999999999999421,23690.34626130714,15.666383936515336,3154,"2026-10-04T10:41:44.088026Z"
"NC_000913.3","fork1",6309,3928899,-1.45,-1.2993432113333396,0.21427557416581033,372.47717416522147,0.9986833022729499,56.09542924910742,-0.08393871865732147,0.001,0.9999999999994212,-11835.085565617266,15.671351075209104,3155,"2026-10-04T10:41:44.089026Z"
"NC_000913.3","fork1",6311,3928900,-0.88,-1.11502459031999,0.24693533677668908,372.6051052717118,0.9986849141727266,56.1044090230305,-0.09030366891966388,0.001,0.9999999999994212,-3948.7258166350075,15.676318213903286,3156,"2026-10-04T10:41:44.090027Z"
"NC_000913.3","fork1",6313,3928901,-1.3,-1.197553383706671,0.23191074185089536,372.72885564950417,0.9986864262031483,56.11338180612321,-0.0872817704401022,0.001,0.9999999999994211,1998.5698940309983,15.681285352597495,3157,"2026-10-04T10:41:44.091026Z"
"NC_000913.3","fork1",6315,3928902,-1.28,-1.3896781421493287,0.19945914459223538,372.843558838379,0.9986877252641829,56.12234124066049,-0.08084672489568144,0.001,0.9999999999994214,4953.612934933358,15.686252491291683,3158,"2026-10-04T10:41:44.092026Z"
"NC_000913.3","fork1",6317,3928903,-1.45,1.6006567886666603,0.832110160392121,373.13489261964867,0.9986931309025001,56.13153009945815,-0.20460803171724212,0.001,0.9999999999994216,-22894.85525289042,15.69121962998799,3159,"2026-10-04T10:41:44.093027Z"
"NC_000913.3","fork1",6319,3928904,-2.24,-2.2677208491146654,0.09383182322637987,373.22014682743685,0.9986937390653711,56.14044796598398,-0.05987794542658936,0.001,0.9999999999994215,237979.15526164317,15.69618676867591,3160,"2026-10-04T10:41:44.094027Z"
"NC_000913.3","fork1",6321,3928905,-2.17,-2.077195418181337,0.11133314431997621,373.31028751416295,0.9986944602949186,56.149370794657166,-0.06328988236394599,0.001,0.9999999999994219,-4730.722623672933,15.70115390736546,3161,"2026-10-04T10:41:44.095026Z"
"NC_000913.3","fork1",6323,3928906,-2.24,-2.2677208491146654,0.09383182322637987,373.39554039155524,0.9986950678399538,56.15828583867789,-0.05984429533853543,0.001,0.9999999999994218,5671.327763298185,15.706121046056513,3162,"2026-10-04T10:41:44.096026Z"
"NC_000913.3","fork1",6325,3928907,-1.45,-1.2993432113333396,0.21427557416581033,373.5144387603095,0.998696454179293,56.16724328872535,-0.08339625072032142,0.001,0.9999999999994219,-16988.593424113238,15.711088184749832,3163,"2026-10-04T10:41:44.097027Z"
"NC_000913.3","fork1",6327,3928908,-0.88,-1.11502459031999,0.24693533677668908,373.6424718236443,0.9986980499995115,56.17621114295929,-0.08972322626326049,0.001,0.999999999999422,-3964.716995995062,15.716055323443422,3164,"2026-10-04T10:41:44.098027Z"
"NC_000913.3","fork1",6329,3928909,-1.3,-1.197553383706671,0.23191074185089536,373.76631884244614,0.9986995469465783,56.185172060298655,-0.08671930148343729,0.001,0.9999999999994221,2006.7007354834743,15.72102246213711,3165,"2026-10-04T10:41:44.099026Z"
"NC_000913.3","fork1",6331,3928910,-2.17,-2.077195418181337,0.11133314431997621,373.8564771085872,0.9987002649735772,56.194087774763524,-0.06311335358905877,0.001,0.999999999999422,32876.128513641735,15.725989600830456,3166,"2026-10-04T10:41:44.100027Z"
"NC_000913.3","fork1",6333,3928911,-1.44,-1.5689622110986612,0.1723643870770019,373.9636960259107,0.9987013758318299,56.203024207251,-0.07501195700587707,0.001,0.9999999999994219,-10711.180645875023,15.730956739525688,3167,"2026-10-04T10:41:44.101027Z"
"NC_000913.3","fork1",6335,3928912,-1.0,-0.9554055905546683,0.277799014514135,374.10039777496496,0.998703164202516,56.21199739202341,-0.09553810044487505,0.001,0.9999999999994221,-11477.566479135361,15.735923878221849,3168,"2026-10-04T10:41:44.102027Z"
"NC_000913.3","fork1",6337,3928913,-1.45,1.6006567886666603,0.832110160392121,374.39211099761485,0.9987085063256345,56.221169261011084,-0.20314961665345008,0.001,0.9999999999994229,-20143.96033619106,15.740891016919257,3169,"2026-10-04T10:41:44.103027Z"
"NC_000913.3","fork1",6339,3928914,-2.24,-2.2677208491146654,0.09383182322637987,374.4774186390522,0.9987091073426675,56.2300728904185,-0.05941095967863865,0.001,0.9999999999994228,239159.04055166687,15.74585815560816,3170,"2026-10-04T10:41:44.104027Z"
"NC_000913.3","fork1",6341,3928915,-2.17,-2.077195418181337,0.11133314431997621,374.56762049880757,0.9987098200978464,56.23898142368955,-0.06279950207775886,0.001,0.9999999999994228,-4754.146303722114,15.75082529429871,3171,"2026-10-04T10:41:44.105027Z"
"NC_000913.3","fork1",6343,3928916,-2.24,-2.2677208491146654,0.09383182322637987,374.65292683759867,0.998710420504284,56.24788224388625,-0.05937751456960691,0.001,0.9999999999994226,5699.451727038271,15.75579243299083,3172,"2026-10-04T10:41:44.106027Z"
"NC_000913.3","fork1",6345,3928917,-2.17,-2.077195418181337,0.11133314431997621,374.74312894324567,0.9987111325353482,56.256787964843255,-0.0627652718590633,0.001,0.9999999999994228,-4757.878497468413,15.760759571684703,3173,"2026-10-04T10:41:44.107026Z"
"NC_000913.3","fork1",6347,3928918,-1.84,1.7785320302240026,0.8555155067192858,375.04158365091126,0.998716590899582,56.26595969925861,-0.20690156706114526,0.001,0.9999999999994234,-26406.500011289365,15.765726710381914,3174,"2026-10-04T10:41:44.108026Z"
"NC_000913.3","fork1",6349,3928919,-1.44,-1.5689622110986612,0.1723643870770019,375.1489012672981,0.9987176878222994,56.27488438175965,-0.07437412201747914,0.001,0.9999999999994235,120817.48598790566,15.770693849070673,3175,"2026-10-04T10:41:44.109026Z"
"NC_000913.3","fork1",6351,3928920,-0.58,-0.40523812514667396,0.4000544771470622,375.31996167023703,0.9987202301519099,56.28388914473674,-0.11835861020115035,0.001,0.9999999999994236,-17300.85981063005,15.775660987760789,3176,"2026-10-04T10:41:44.110027Z"
"NC_000913.3","fork1",6353,3928921,-0.88,-1.11502459031999,0.24693533677668908,375.4481789058334,0.9987217969024815,56.29283756996134,-0.08864190070148398,0.001,0.9999999999994237,18967.096638150557,15.780628126448645,3177,"2026-10-04T10:41:44.111026Z"
"NC_000913.3","fork1",6355,3928922,-1.0,-0.9554055905546683,0.277799014514135,375.5850509392476,0.9987235571866986,56.30179553879341,-0.0945285152093181,0.001,0.9999999999994238,-3344.1273010326195,15.785595265136738,3178,"2026-10-04T10:41:44.112026Z"
"NC_000913.3","fork1",6357,3928923,-1.45,1.6006567886666603,0.832110160392121,375.8771787875831,0.9987288154108629,56.31094936643615,-0.2010377995188826,0.001,0.9999999999994249,-20255.751938566824,15.79056240382572,3179,"2026-10-04T10:41:44.113027Z"
"NC_000913.3","fork1",6359,3928924,-1.3,1.4024466162933291,0.8025718425954855,376.1610968281065,0.998733866481968,56.32009021277259,-0.19476174015732034,0.001,0.9999999999994243,1242.5204933576347,15.795529542508115,3180,"2026-10-04T10:41:44.114027Z"
"NC_000913.3","fork1",6361,3928925,-0.88,-1.11502459031999,0.24693533677668908,376.28941550412804,0.9987354165594824,56.329032300835586,-0.08796464960004527,0.001,0.9999999999994252,68897.90321382473,15.800496681182828,3181,"2026-10-04T10:41:44.115026Z"
"NC_000913.3","fork1",6363,3928926,-1.0,-0.9554055905546683,0.277799014514135,376.426394403883,0.9987371581110328,56.33798382548694,-0.09380526359114899,0.001,0.9999999999994251,-3353.684241909804,15.805463819857668,3182,"2026-10-04T10:41:44.116027Z"
"NC_000913.3","fork1",6365,3928927,-1.0,-0.9554055905546683,0.277799014514135,376.5633884709744,0.9987388972671918,56.34693385482528,-0.09372071288550245,0.001,0.9999999999994249,48.6159366484741,15.810430958532336,3183,"2026-10-04T10:41:44.117027Z"
"NC_000913.3","fork1",6367,3928928,-1.45,1.6006567886666603,0.832110160392121,376.8557603737384,0.9987440923783454,56.35607753181254,-0.19930840597544355,0.001,0.9999999999994261,-20324.433870251047,15.815398097207819,3184,"2026-10-04T10:41:44.118027Z"
"NC_000913.3","fork1",6369,3928929,-1.84,1.7785320302240026,0.8555155067192858,377.1547573270389,0.9987494113321641,56.365226900221266,-0.20312182203415002,0.001,0.9999999999994267,-716.9485181998247,15.820365235876633,3185,"2026-10-04T10:41:44.119026Z"
"NC_000913.3","fork1",6371,3928930,-2.24,-2.2677208491146654,0.09383182322637987,377.24026807146384,0.9987499933372304,56.37410760072315,-0.05809409023918541,0.001,0.9999999999994262,249186.3734605076,15.825332374537004,3186,"2026-10-04T10:41:44.120027Z"
"NC_000913.3","fork1",6373,3928931,-1.28,-1.3896781421493287,0.19945914459223538,377.35539701647065,0.998751229612047,56.3830238585893,-0.07815943018100538,0.001,0.9999999999994263,-16230.485060373017,15.830299513199323,3187,"2026-10-04T10:41:44.121027Z"
"NC_000913.3","fork1",6375,3928932,-1.0,-0.9554055905546683,0.277799014514135,377.4925051579884,0.9987529494134629,56.391966051376976,-0.09298377064513327,0.001,0.9999999999994267,-8619.797801471394,15.835266651862568,3188,"2026-10-04T10:41:44.122027Z"
"NC_000913.3","fork1",6377,3928933,-1.3,-1.197553383706671,0.23191074185089536,377.6167567645491,0.9987543833173891,56.40089074264546,-0.08419715395390592,0.001,0.9999999999994266,6127.758304429342,15.840233790525248,3189,"2026-10-04T10:41:44.123027Z"
"NC_000913.3","fork1",6379,3928934,-1.84,-1.9014679697759975,0.1299424193591184,377.7124128270177,0.9987551860313165,56.4097784234725,-0.06479706038729013,0.001,0.9999999999994265,24168.128773481087,15.845200929188017,3190,"2026-10-04T10:41:44.124027Z"
"NC_000913.3","fork1",6381,3928935,-1.84,-1.9014679697759975,0.1299424193591184,377.80807103784605,0.9987559882285945,56.418664703487245,-0.06477321148281927,0.001,0.9999999999994269,29.72947568728119,15.850168067852021,3191,"2026-10-04T10:41:44.125026Z"
"NC_000913.3","fork1",6383,3928936,-2.17,-2.077195418181337,0.11133314431997621,377.8985090312366,0.9987566751311241,56.427543098674064,-0.06121976017971782,0.001,0.9999999999994266,5173.1521574018425,15.85513520651739,3192,"2026-10-04T10:41:44.126027Z"
"NC_000913.3","fork1",6385,3928937,-1.3,1.4024466162933291,0.8025718425954855,378.18296197283354,0.9987616156384762,56.43666047620987,-0.19188355748005653,0.001,0.9999999999994271,-26447.44516865043,15.860102345185794,3193,"2026-10-04T10:41:44.127026Z"
"NC_000913.3","fork1",6387,3928938,-1.28,1.1703218578506713,0.7632031881188912,378.45642460511374,0.9987662956089819,56.44576183304879,-0.18390917312286773,0.001,0.9999999999994276,1703.9390200226464,15.865069483848195,3194,"2026-10-04T10:41:44.128026Z"
"NC_000913.3","fork1",6389,3928939,-1.3,1.4024466162933291,0.8025718425954855,378.7409983554805,0.9987711979351916,56.45487445783726,-0.19076264838520143,0.001,0.999999999999428,-1398.004736750597,15.870036622504909,3195,"2026-10-04T10:41:44.129026Z"
"NC_000913.3","fork1",6391,3928940,-1.0,1.0445944094453317,0.7397355271799415,379.0079883989975,0.9987756992073891,56.46396311409252,-0.17845060269255178,0.001,0.9999999999994291,2735.2368736338253,15.875003761155256,3196,"2026-10-04T10:41:44.130027Z"
"NC_000913.3","fork1",6393,3928941,-1.44,1.3110377889013387,0.7876867636969223,379.2885013719849,0.9987804741585464,56.473065942223236,-0.18689362899237139,0.001,0.9999999999994291,-1768.1911336004462,15.879970899800346,3197,"2026-10-04T10:41:44.131026Z"
"NC_000913.3","fork1",6395,3928942,-2.17,-2.077195418181337,0.11133314431997621,379.37908914679826,0.998781147557248,56.48193552924501,-0.06035118212411982,0.001,0.999999999999429,187916.08384699226,15.884938038438005,3198,"2026-10-04T10:41:44.132026Z"
"NC_000913.3","fork1",6397,3928943,-2.24,-2.2677208491146654,0.09383182322637987,379.4647606045508,0.9987817148107705,56.490797744009946,-0.05706258730866835,0.001,0.9999999999994289,5797.398667582613,15.889905177077187,3199,"2026-10-04T10:41:44.133027Z"
"NC_000913.3","fork1",6399,3928944,-1.84,-1.9014679697759975,0.1299424193591184,379.5605775308521,0.9987824999329088,56.499670913170654,-0.06379424122735336,0.001,0.9999999999994291,-8574.021276789355,15.89487231571798,3200,"2026-10-04T10:41:44.134027Z"
"NC_000913.3","fork1",6401,3928945,-1.84,-1.9014679697759975,0.1299424193591184,379.65639660047367,0.9987832845496927,56.508542688232595,-0.06377070179785195,0.001,0.9999999999994293,30.00118017495841,15.899839454360478,3201,"2026-10-04T10:41:44.135026Z"
"NC_000913.3","fork1",6403,3928946,-1.84,-1.9014679697759975,0.1299424193591184,379.75221781507275,0.9987840686614465,56.51741306984382,-0.06374716835847517,0.001,0.9999999999994291,30.012863932892685,15.904806593004086,3202,"2026-10-04T10:41:44.136027Z"
"NC_000913.3","fork1",6405,3928947,-1.45,-1.2993432113333396,0.21427557416581033,379.87174854485795,0.9987853605627153,56.5263108253305,-0.07945849658935367,0.001,0.9999999999994293,-12161.400109308339,15.90977373164949,3203,"2026-10-04T10:41:44.137027Z"
"NC_000913.3","fork1",6407,3928948,-1.28,1.1703218578506713,0.7632031881188912,380.14562504671574,0.9987899509076456,56.53539392923836,-0.1814666908051926,0.001,0.9999999999994302,-22222.337485577846,15.914740870296484,3204,"2026-10-04T10:41:44.138027Z"
"NC_000913.3","fork1",6409,3928949,-2.24,-2.2677208491146654,0.09383182322637987,380.2313297671251,0.9987905140690531,56.54424774967356,-0.05678743534779895,0.001,0.9999999999994298,221391.68947890674,15.919708008936105,3205,"2026-10-04T10:41:44.139027Z"
"NC_000913.3","fork1",6411,3928950,-1.28,-1.3896781421493287,0.19945914459223538,380.3467408602608,0.9987917103167588,56.553136049889744,-0.07641524143596744,0.001,0.9999999999994297,-16407.81085163892,15.924675147577993,3206,"2026-10-04T10:41:44.140027Z"
"NC_000913.3","fork1",6413,3928951,-1.45,1.6006567886666603,0.832110160392121,380.6401193096076,0.9987966881267467,56.562237145084,-0.19355396861698596,0.001,0.9999999999994303,-23532.18131395624,15.929642286221787,3207,"2026-10-04T10:41:44.141027Z"
"NC_000913.3","fork1",6415,3928952,-2.24,-2.2677208491146654,0.09383182322637987,380.7258579802898,0.998797248156403,56.57108673595852,-0.05656749113950736,0.001,0.9999999999994302,244605.7560213319,15.934609424857577,3208,"2026-10-04T10:41:44.142027Z"
"NC_000913.3","fork1",6417,3928953,-1.28,-1.3896781421493287,0.19945914459223538,380.8413169211424,0.9987984377517408,56.579970625808116,-0.07612066173946237,0.001,0.9999999999994303,-16436.825178092775,15.93957656349546,3209,"2026-10-04T10:41:44.143026Z"
"NC_000913.3","fork1",6419,3928954,-1.3,-1.197553383706671,0.23191074185089536,380.9659167201929,0.9987998194143811,56.58886404488049,-0.0820786073297051,0.001,0.999999999999431,-4312.156539859543,15.944543702133885,3210,"2026-10-04T10:41:44.144026Z"
"NC_000913.3","fork1",6421,3928955,-1.28,-1.3896781421493287,0.19945914459223538,381.08139357095325,0.9988010064696398,56.597745087908265,-0.07601780357049882,0.001,0.9999999999994303,5105.746944018942,15.949510840772536,3211,"2026-10-04T10:41:44.145026Z"
"NC_000913.3","fork1",6423,3928956,-1.45,1.6006567886666603,0.832110160392121,381.37497644828636,0.9988059460279054,56.60683744890432,-0.19257159020349188,0.001,0.9999999999994305,-23595.993885487667,15.954477979413065,3212,"2026-10-04T10:41:44.146027Z"
"NC_000913.3","fork1",6425,3928957,-2.24,-2.2677208491146654,0.09383182322637987,381.46075770041386,0.9988065017540192,56.61568003739168,-0.05626909029281982,0.001,0.9999999999994308,245269.2010103114,15.959445118045958,3213,"2026-10-04T10:41:44.147026Z"
"NC_000913.3","fork1",6427,3928958,-1.84,-1.9014679697759975,0.1299424193591184,381.55670660639254,0.9988072709213233,56.62453336495769,-0.06291309623750647,0.001,0.9999999999994313,-8637.920397189473,15.964412256680431,3214,"2026-10-04T10:41:44.148026Z"
"NC_000913.3","fork1",6429,3928959,-1.45,-1.2993432113333396,0.21427557416581033,381.6764093997647,0.9988085382000906,56.63341357882232,-0.07842714954522849,0.001,0.999999999999432,-12242.021019514252,15.969379395316434,3215,"2026-10-04T10:41:44.149027Z"
"NC_000913.3","fork1",6431,3928960,-1.28,1.1703218578506713,0.7632031881188912,381.9507467044363,0.9988130410565785,56.64247593252967,-0.17915445445344969,0.001,0.999999999999432,-22369.6458412432,15.974346533954208,3216,"2026-10-04T10:41:44.150027Z"
"NC_000913.3","fork1",6433,3928961,-1.84,1.7785320302240026,0.8555155067192858,382.2511487125624,0.9988180683481537,56.65156674144943,-0.19549295005337522,0.001,0.9999999999994321,-3249.9598154814635,15.979313672586823,3217,"2026-10-04T10:41:44.151026Z"
"NC_000913.3","fork1",6435,3928962,-2.24,-2.2677208491146654,0.09383182322637987,382.33699442371864,0.9988186184390768,56.66040229274095,-0.055868410791165515,0.001,0.999999999999432,253820.8383146946,15.98428081121077,3218,"2026-10-04T10:41:44.152026Z"
"NC_000913.3","fork1",6437,3928963,-2.17,-2.077195418181337,0.11133314431997621,382.4277712883766,0.9988192708001401,56.669242288220666,-0.05905864217039212,0.001,0.9999999999994325,-4890.284780617036,15.989247949836855,3219,"2026-10-04T10:41:44.153027Z"
"NC_000913.3","fork1",6439,3928964,-1.44,-1.5689622110986612,0.1723643870770019,382.53575097992064,0.998820280066575,56.67810118038497,-0.07020885044776116,0.001,0.9999999999994322,-11047.83424091633,15.994215088464511,3220,"2026-10-04T10:41:44.154027Z"
"NC_000913.3","fork1",6441,3928965,-1.0,-0.9554055905546683,0.277799014514135,382.6734590239923,0.9988219048841624,56.68699365831463,-0.08944379805803304,0.001,0.9999999999994323,-11838.219722963886,15.999182227093355,3221,"2026-10-04T10:41:44.155026Z"
"NC_000913.3","fork1",6443,3928966,-1.0,-0.9554055905546683,0.277799014514135,382.8111821600584,0.9988235274665392,56.695884672025485,-0.08936269574660982,0.001,0.9999999999994325,49.983478548281276,16.00414936572202,3222,"2026-10-04T10:41:44.156027Z"
"NC_000913.3","fork1",6445,3928967,-1.3,-1.197553383706671,0.23191074185089536,382.93598026392493,0.998824880312748,56.704759035801246,-0.0809109560312654,0.001,0.9999999999994322,6247.3765760224,16.009116504350196,3223,"2026-10-04T10:41:44.157027Z"
"NC_000913.3","fork1",6447,3928968,-1.45,-1.2993432113333396,0.21427557416581033,383.0558156959195,0.9988261289034651,56.71362613909864,-0.07763583728650905,0.001,0.9999999999994328,2623.0522938926974,16.01408364297875,3224,"2026-10-04T10:41:44.158027Z"
"NC_000913.3","fork1",6449,3928969,-1.28,1.1703218578506713,0.7632031881188912,383.3305018396639,0.9988305653577628,56.72267293453625,-0.17737555003216265,0.001,0.9999999999994333,-22481.852861011528,16.01905078160898,3225,"2026-10-04T10:41:44.159027Z"
"NC_000913.3","fork1",6451,3928970,-1.44,-1.5689622110986612,0.1723643870770019,383.43855622339254,0.9988315649811035,56.73152324166971,-0.06975038008031728,0.001,0.9999999999994333,107665.72325227896,16.024017920232133,3226,"2026-10-04T10:41:44.160027Z"
"NC_000913.3","fork1",6453,3928971,-1.0,-0.9554055905546683,0.277799014514135,383.576366628278,0.9988331742742373,56.74040683660263,-0.08886425372121654,0.001,0.9999999999994337,-11877.185851781584,16.02898505885671,3227,"2026-10-04T10:41:44.161027Z"
"NC_000913.3","fork1",6455,3928972,-1.3,-1.197553383706671,0.23191074185089536,383.70124195889366,0.9988345160403582,56.749273898142825,-0.0804584227220606,0.001,0.9999999999994333,6264.751262061806,16.033952197480897,3228,"2026-10-04T10:41:44.162027Z"
"NC_000913.3","fork1",6457,3928973,-1.84,-1.9014679697759975,0.1299424193591184,383.7973473617235,0.9988352671745016,56.758106059808725,-0.06189971167440666,0.001,0.9999999999994336,24707.58547256544,16.0389193361051,3229,"2026-10-04T10:41:44.163026Z"
"NC_000913.3","fork1",6459,3928974,-2.17,-2.077195418181337,0.11133314431997621,383.8882015595327,0.9988359103528173,56.76693073836754,-0.058499496906129114,0.001,0.9999999999994335,5286.581784838642,16.043886474730524,3230,"2026-10-04T10:41:44.164026Z"
"NC_000913.3","fork1",6461,3928975,-1.84,1.7785320302240026,0.8555155067192858,384.1891699964186,0.9988408408953064,56.7759977676323,-0.1930663901253716,0.001,0.9999999999994342,-27292.512642286416,16.048853613359217,3231,"2026-10-04T10:41:44.165026Z"
"NC_000913.3","fork1",6463,3928976,-2.24,-2.2677208491146654,0.09383182322637987,384.27511565458866,0.9988413803997966,56.78481389271636,-0.05513512553223706,0.001,0.9999999999994338,255662.86676070598,16.05382075197983,3232,"2026-10-04T10:41:44.166027Z"
"NC_000913.3","fork1",6465,3928977,-1.28,-1.3896781421493287,0.19945914459223538,384.3908925394383,0.9988425263962228,56.79366315276234,-0.07421818016140398,0.001,0.9999999999994339,-16651.93205920593,16.05878789060251,3233,"2026-10-04T10:41:44.167026Z"
"NC_000913.3","fork1",6467,3928978,-1.45,1.6006567886666603,0.832110160392121,384.6853843205695,0.9988472951000182,56.80271708980672,-0.18810539887153416,0.001,0.9999999999994349,-23882.216970575537,16.063755029227025,3234,"2026-10-04T10:41:44.168026Z"
"NC_000913.3","fork1",6469,3928979,-1.44,-1.5689622110986612,0.1723643870770019,384.7935505801959,0.998848280439399,56.81155456821357,-0.06906811503946217,0.001,0.9999999999994346,120808.40993172023,16.06872216784414,3235,"2026-10-04T10:41:44.169027Z"
"NC_000913.3","fork1",6471,3928980,-1.0,-0.9554055905546683,0.277799014514135,384.93151431602377,0.9988498667367333,56.82042489249073,-0.08800174400512752,0.001,0.9999999999994347,-11935.737743910397,16.07368930646211,3236,"2026-10-04T10:41:44.170027Z"
"NC_000913.3","fork1",6473,3928981,-1.3,-1.197553383706671,0.23191074185089536,385.05652492195225,0.9988511893297938,56.82927888490464,-0.07967509498153666,0.001,0.9999999999994349,6295.699918723297,16.07865644508008,3237,"2026-10-04T10:41:44.171026Z"
"NC_000913.3","fork1",6475,3928982,-2.17,-2.077195418181337,0.11133314431997621,385.1474656460569,0.9988518237258264,56.838092384249904,-0.05794513803964184,0.001,0.9999999999994348,34252.983665439344,16.083623583697694,3238,"2026-10-04T10:41:44.172027Z"
"NC_000913.3","fork1",6477,3928983,-1.44,-1.5689622110986612,0.1723643870770019,385.25565988897836,0.9988528051985555,56.84692429219939,-0.06889752800076866,0.001,0.9999999999994347,-11159.138340289515,16.088590722317488,3239,"2026-10-04T10:41:44.173027Z"
"NC_000913.3","fork1",6479,3928984,-1.0,-0.9554055905546683,0.277799014514135,385.3936700176388,0.9988543852709533,56.85578893533521,-0.08779117470530719,0.001,0.9999999999994351,-11957.45633599667,16.09355786093808,3240,"2026-10-04T10:41:44.174027Z"
"NC_000913.3","fork1",6481,3928985,-0.58,-0.40523812514667396,0.4000544771470622,385.566266399523,0.9988566568926026,56.86469162160567,-0.10961884777581667,0.001,0.9999999999994357,-9608.850609800853,16.09852499955867,3241,"2026-10-04T10:41:44.175026Z"
"NC_000913.3","fork1",6483,3928986,-1.0,1.0445944094453317,0.7397355271799415,385.83495775060425,0.9988608454738487,56.8737021423293,-0.17012304585450078,0.001,0.9999999999994361,-14445.033896738008,16.10349213817868,3242,"2026-10-04T10:41:44.176027Z"
"NC_000913.3","fork1",6485,3928987,-1.28,1.1703218578506713,0.7632031881188912,386.1103426485963,0.9988651508716061,56.88271803617162,-0.173825355598681,0.001,0.9999999999994363,-859.9228114984998,16.10845927679357,3243,"2026-10-04T10:41:44.177027Z"
"NC_000913.3","fork1",6487,3928988,-1.3,1.4024466162933291,0.8025718425954855,386.3969226890863,0.9988696608248244,56.89174430404357,-0.18030491734850812,0.001,0.999999999999437,-1436.7248253266378,16.11342641540318,3244,"2026-10-04T10:41:44.178027Z"
"NC_000913.3","fork1",6489,3928989,-1.0,1.0445944094453317,0.7397355271799415,386.66578383550427,0.9988738018205169,56.90074828212177,-0.1686590787514196,0.001,0.9999999999994371,2812.3281118830946,16.11839355400709,3245,"2026-10-04T10:41:44.179027Z"
"NC_000913.3","fork1",6491,3928990,-1.0,1.0445944094453317,0.7397355271799415,386.9347003040709,0.99887792766272,56.909750118634555,-0.1681933870100305,0.001,0.9999999999994374,112.87192249826421,16.12336069260583,3246,"2026-10-04T10:41:44.180027Z"
"NC_000913.3","fork1",6493,3928991,-0.88,-1.11502459031999,0.24693533677668908,387.0641899621231,0.998879301569698,56.91859386665065,-0.08093188229458398,0.001,0.9999999999994381,63513.400917990366,16.128327831198447,3247,"2026-10-04T10:41:44.181026Z"
"NC_000913.3","fork1",6495,3928992,-1.0,-0.9554055905546683,0.277799014514135,387.20242896473843,0.9988808451885868,56.927445961104745,-0.08631123034497207,0.001,0.999999999999438,-3484.893900523546,16.133294969791084,3248,"2026-10-04T10:41:44.182027Z"
"NC_000913.3","fork1",6497,3928993,-1.3,-1.197553383706671,0.23191074185089536,387.32769079134596,0.9988821321979171,56.936282106975206,-0.07814554897968942,0.001,0.9999999999994381,6344.694768595051,16.13826210838367,3249,"2026-10-04T10:41:44.183026Z"
"NC_000913.3","fork1",6499,3928994,-1.45,-1.2993432113333396,0.21427557416581033,387.4479698924776,0.9988833200252464,56.945111272797355,-0.07498116985879023,0.001,0.999999999999438,2664.0059905277585,16.143229246976354,3250,"2026-10-04T10:41:44.184026Z"
"NC_000913.3","fork1",6501,3928995,-1.44,1.3110377889013387,0.7876867636969223,387.73065668231874,0.9988876757070174,56.95411973329477,-0.1756292526411746,0.001,0.9999999999994387,-23107.308585207735,16.14819638557114,3251,"2026-10-04T10:41:44.185026Z"
"NC_000913.3","fork1",6503,3928996,-1.84,-1.9014679697759975,0.1299424193591184,387.827091736975,0.9988883926188087,56.96291941922178,-0.059904647748994136,0.001,0.9999999999994387,161420.98135662076,16.153163524158625,3252,"2026-10-04T10:41:44.186027Z"
"NC_000913.3","fork1",6505,3928997,-2.17,-2.077195418181337,0.11133314431997621,387.91825690991067,0.9988890064932985,56.97171189445539,-0.056613511328871,0.001,0.9999999999994389,5361.25295125699,16.158130662747485,3253,"2026-10-04T10:41:44.187026Z"
"NC_000913.3","fork1",6507,3928998,-1.44,-1.5689622110986612,0.1723643870770019,388.02671550195004,0.9988899562171429,56.98052219246141,-0.06731245538839134,0.001,0.9999999999994388,-11265.321095145257,16.163097801338118,3254,"2026-10-04T10:41:44.188026Z"
"NC_000913.3","fork1",6509,3928999,-0.58,-0.40523812514667396,0.4000544771470622,388.19970466594015,0.998892157383945,56.98940255922296,-0.1071879551378342,0.001,0.9999999999994391,-18115.61927622951,16.168064939930154,3255,"2026-10-04T10:41:44.189027Z"
"NC_000913.3","fork1",6511,3929000,-0.88,-1.11502459031999,0.24693533677668908,388.329320650368,0.9988935138868249,56.99823342259555,-0.0802460863399802,0.001,0.9999999999994392,19861.269147910694,16.173032078520365,3256,"2026-10-04T10:41:44.190027Z"
"NC_000913.3","fork1",6513,3929001,-1.0,-0.9554055905546683,0.277799014514135,388.46769806698387,0.9988950379517174,57.00707252833814,-0.0855819774129043,0.001,0.9999999999994391,-3501.091783653401,16.177999217110916,3257,"2026-10-04T10:41:44.191026Z"
"NC_000913.3","fork1",6515,3929002,-1.0,-0.9554055905546683,0.277799014514135,388.60609050699776,0.9988965599196944,57.01591019761097,-0.08550396017751291,0.001,0.9999999999994394,51.26076012858,16.182966355701307,3258,"2026-10-04T10:41:44.192027Z"
"NC_000913.3","fork1",6517,3929003,-1.3,-1.197553383706671,0.23191074185089536,388.7314857781816,0.9988978288772871,57.024732107038716,-0.07741113289030807,0.001,0.99999999999944,6377.539591510992,16.18793349429123,3259,"2026-10-04T10:41:44.193027Z"
"NC_000913.3","fork1",6519,3929004,-1.45,-1.2993432113333396,0.21427557416581033,388.85189063921655,0.9988990000439757,57.03354711298157,-0.07427496404098122,0.001,0.9999999999994397,2677.815958885519,16.192900632881713,3260,"2026-10-04T10:41:44.194027Z"
"NC_000913.3","fork1",6521,3929005,-1.44,1.3110377889013387,0.7876867636969223,389.1349527581959,0.9989032946319798,57.042539159696496,-0.17402390000630497,0.001,0.99999999999944,-23226.660128972384,16.19786777147362,3261,"2026-10-04T10:41:44.195027Z"
"NC_000913.3","fork1",6523,3929006,-1.45,-1.2993432113333396,0.21427557416581033,389.2554015432101,0.998904459997129,57.05135122000094,-0.07401072255523707,0.001,0.9999999999994401,85821.3217748115,16.202834910059067,3262,"2026-10-04T10:41:44.196027Z"
"NC_000913.3","fork1",6525,3929007,-1.0,1.0445944094453317,0.7397355271799415,389.524951939259,0.9989084736454239,57.06032466039566,-0.16510354689510204,0.001,0.9999999999994403,-22695.766456329802,16.207802048646034,3263,"2026-10-04T10:41:44.197027Z"
"NC_000913.3","fork1",6527,3929008,-0.88,-1.11502459031999,0.24693533677668908,389.65471073152725,0.9989098101915889,57.06914388595512,-0.07942280940506502,0.001,0.9999999999994411,64106.08158250819,16.212769187227046,3264,"2026-10-04T10:41:44.198027Z"
"NC_000913.3","fork1",6529,3929009,-1.3,-1.197553383706671,0.23191074185089536,389.7802175181979,0.998911063927962,57.077957063998134,-0.07675714078991776,0.001,0.9999999999994414,2126.1795320024753,16.2177363258082,3265,"2026-10-04T10:41:44.199026Z"
"NC_000913.3","fork1",6531,3929010,-1.45,-1.2993432113333396,0.21427557416581033,389.90072928474933,0.998912221046405,57.0867634038477,-0.07364731804605111,0.001,0.9999999999994406,2687.5578406081427,16.22270346438966,3266,"2026-10-04T10:41:44.200026Z"
"NC_000913.3","fork1",6533,3929011,-1.0,1.0445944094453317,0.7397355271799415,390.17043401382466,0.9989162062919719,57.095730073715735,-0.16430091811687375,0.001,0.9999999999994414,-22747.305918640464,16.227670602972776,3267,"2026-10-04T10:41:44.201026Z"
"NC_000913.3","fork1",6535,3929012,-1.44,1.3110377889013387,0.7876867636969223,390.453809820635,0.998920433837389,57.10470932724868,-0.1720784341076088,0.001,0.9999999999994418,-1839.7238168347328,16.232637741550985,3268,"2026-10-04T10:41:44.202027Z"
"NC_000913.3","fork1",6537,3929013,-1.28,-1.3896781421493287,0.19945914459223538,390.57018995633365,0.9989215017260938,57.1135066656965,-0.0706377258345562,0.001,0.9999999999994416,94991.835588589,16.23760488012257,3269,"2026-10-04T10:41:44.203026Z"
"NC_000913.3","fork1",6539,3929014,-1.45,1.6006567886666603,0.832110160392121,390.8662768527256,0.9989259454073698,57.12249572599763,-0.17906634032342322,0.001,0.9999999999994428,-24400.628162919682,16.242572018696347,3270,"2026-10-04T10:41:44.204026Z"
"NC_000913.3","fork1",6541,3929015,-1.3,1.4024466162933291,0.8025718425954855,391.15403552579494,0.9989302140184946,57.131473515845734,-0.17346824193896482,0.001,0.9999999999994431,1311.4566356128319,16.247539157264086,3271,"2026-10-04T10:41:44.205027Z"
"NC_000913.3","fork1",6543,3929016,-0.88,-1.11502459031999,0.24693533677668908,391.28398318257723,0.9989315239726019,57.14028080760418,-0.07828189814810632,0.001,0.9999999999994436,72663.876742363,16.25250629582511,3272,"2026-10-04T10:41:44.206027Z"
"NC_000913.3","fork1",6545,3929017,-0.58,-0.40523812514667396,0.4000544771470622,391.45745514238513,0.998933642800412,57.14913306331978,-0.1043347447514477,0.001,0.9999999999994437,-12295.877220051161,16.257473434386828,3273,"2026-10-04T10:41:44.207026Z"
"NC_000913.3","fork1",6547,3929018,-1.28,1.1703218578506713,0.7632031881188912,391.73416474455945,0.9989376733556404,57.15809340829406,-0.16589382919721768,0.001,0.9999999999994437,-15273.102824905862,16.262440572947845,3274,"2026-10-04T10:41:44.208026Z"
"NC_000913.3","fork1",6549,3929019,-1.44,-1.5689622110986612,0.1723643870770019,391.84298100462837,0.9989385815212166,57.166873805296426,-0.06521444233261434,0.001,0.9999999999994446,110860.16636687859,16.267407711502646,3275,"2026-10-04T10:41:44.209027Z"
"NC_000913.3","fork1",6551,3929020,-1.3,-1.197553383706671,0.23191074185089536,391.96873218362947,0.9989398022052008,57.17567077293838,-0.0752995775699394,0.001,0.9999999999994442,-8261.87233357934,16.27237485005859,3276,"2026-10-04T10:41:44.210027Z"
"NC_000913.3","fork1",6553,3929021,-2.17,-2.077195418181337,0.11133314431997621,392.0602087872329,0.9989403877193572,57.184430070004666,-0.054761064636796315,0.001,0.9999999999994441,35077.73929851824,16.277341988614555,3277,"2026-10-04T10:41:44.211026Z"
"NC_000913.3","fork1",6555,3929022,-2.24,-2.2677208491146654,0.09383182322637987,392.14670876116327,0.9989408809411486,57.19318276198945,-0.05176957065180196,0.001,0.9999999999994438,6065.210493740059,16.282309127171924,3278,"2026-10-04T10:41:44.212027Z"
"NC_000913.3","fork1",6557,3929023,-1.84,-1.9014679697759975,0.1299424193591184,392.2434787323483,0.9989415635976041,57.201944979346834,-0.057892283299363974,0.001,0.9999999999994443,-8968.951510610583,16.287276265731247,3279,"2026-10-04T10:41:44.213027Z"
"NC_000913.3","fork1",6559,3929024,-1.45,-1.2993432113333396,0.21427557416581033,392.3642414931337,0.9989426883409829,57.21073119723573,-0.07218912728539131,0.001,0.9999999999994441,-12711.205289963382,16.292243404292147,3280,"2026-10-04T10:41:44.214027Z"
"NC_000913.3","fork1",6561,3929025,-1.44,1.3110377889013387,0.7876867636969223,392.6481594886851,0.9989468126969945,57.21968792164134,-0.1691448984414974,0.001,0.9999999999994442,-23508.099418026468,16.297210542854657,3281,"2026-10-04T10:41:44.215027Z"
"NC_000913.3","fork1",6563,3929026,-2.17,-2.077195418181337,0.11133314431997621,392.7396726119507,0.9989473943435546,57.22844043365007,-0.05451538287999635,0.001,0.9999999999994447,197077.61279333112,16.302177681410612,3282,"2026-10-04T10:41:44.216027Z"
"NC_000913.3","fork1",6565,3929027,-1.44,-1.5689622110986612,0.1723643870770019,392.84855604764505,0.9989482942075675,57.23720986046914,-0.06482415398932263,0.001,0.9999999999994449,-11455.921074744847,16.30714481996819,3283,"2026-10-04T10:41:44.217027Z"
"NC_000913.3","fork1",6567,3929028,-1.0,-0.9554055905546683,0.277799014514135,392.9874570673979,0.9989497428978297,57.2460094262282,-0.08260740269651115,0.001,0.9999999999994446,-12275.397420173818,16.312111958526867,3284,"2026-10-04T10:41:44.218027Z"
"NC_000913.3","fork1",6569,3929029,-1.0,-0.9554055905546683,0.277799014514135,393.1263730561201,0.9989511895946636,57.25480757599038,-0.08253179036755448,0.001,0.9999999999994448,52.26549694841622,16.317079097085674,3285,"2026-10-04T10:41:44.219026Z"
"NC_000913.3","fork1",6571,3929030,-0.58,-0.40523812514667396,0.4000544771470622,393.3001143782908,0.9989532694656755,57.26364072010006,-0.10305838349133117,0.001,0.999999999999445,-9869.166407730969,16.32204623564431,3286,"2026-10-04T10:41:44.220026Z"
"NC_000913.3","fork1",6573,3929031,-1.0,1.0445944094453317,0.7397355271799415,393.57061493862307,0.9989571044810512,57.272573200354344,-0.1599560717943643,0.001,0.9999999999994458,-14836.365106495721,16.32701337420259,3287,"2026-10-04T10:41:44.221026Z"
"NC_000913.3","fork1",6575,3929032,-1.28,1.1703218578506713,0.7632031881188912,393.84785457042324,0.9989610464494089,57.28151055502695,-0.16343576694110418,0.001,0.9999999999994462,-882.7303598239896,16.331980512756058,3288,"2026-10-04T10:41:44.222027Z"
"NC_000913.3","fork1",6577,3929033,-2.24,-2.2677208491146654,0.09383182322637987,393.93447100555466,0.9989615300650987,57.29024831974634,-0.05106138368902161,0.001,0.9999999999994463,232362.98080412604,16.336947651303102,3289,"2026-10-04T10:41:44.223026Z"
"NC_000913.3","fork1",6579,3929034,-1.28,-1.3896781421493287,0.19945914459223538,394.05118052107196,0.9989625573443249,57.299015952342,-0.0687512417513113,0.001,0.9999999999994463,-17220.106871076292,16.34191478985242,3290,"2026-10-04T10:41:44.224026Z"
"NC_000913.3","fork1",6581,3929035,-1.45,1.6006567886666603,0.832110160392121,394.34817286829184,0.9989668320411956,57.30796857315666,-0.17432311256663124,0.001,0.9999999999994466,-24696.925655471543,16.346881928403384,3291,"2026-10-04T10:41:44.225027Z"
"NC_000913.3","fork1",6583,3929036,-1.3,1.4024466162933291,0.8025718425954855,394.63680990368,0.9989709383241233,57.31691028284595,-0.16887156567080075,0.001,0.9999999999994468,1327.6111246683904,16.351849066948798,3292,"2026-10-04T10:41:44.226027Z"
"NC_000913.3","fork1",6585,3929037,-1.44,1.3110377889013387,0.7876867636969223,394.92126450576836,0.9989749525958199,57.32584546189804,-0.16589644690887703,0.001,0.999999999999448,741.1353756744763,16.356816205488883,3293,"2026-10-04T10:41:44.227026Z"
"NC_000913.3","fork1",6587,3929038,-1.84,-1.9014679697759975,0.1299424193591184,395.01826774343436,0.9989756133138696,57.33458691921878,-0.05656424012103892,0.001,0.9999999999994476,165474.8297473593,16.361783344022424,3294,"2026-10-04T10:41:44.228027Z"
"NC_000913.3","fork1",6589,3929039,-2.17,-2.077195418181337,0.11133314431997621,395.10996716874763,0.9989761790709383,57.343321616120704,-0.05345477874039954,0.001,0.9999999999994477,5496.106991867489,16.366750482557528,3295,"2026-10-04T10:41:44.229027Z"
"NC_000913.3","fork1",6591,3929040,-1.84,1.7785320302240026,0.8555155067192858,395.4138838065111,0.9989805161067518,57.35227151266356,-0.17650145152193938,0.001,0.999999999999448,-28371.14519529151,16.371717621095545,3296,"2026-10-04T10:41:44.230027Z"
"NC_000913.3","fork1",6593,3929041,-2.24,-2.2677208491146654,0.09383182322637987,395.5006249299605,0.9989809906688827,57.360998385556876,-0.05037711833435369,0.001,0.9999999999994486,265769.906548652,16.376684759626265,3297,"2026-10-04T10:41:44.231026Z"
"NC_000913.3","fork1",6595,3929042,-2.17,-2.077195418181337,0.11133314431997621,395.5923573974504,0.9989815534591272,57.36972901422803,-0.053258572249509625,0.001,0.9999999999994484,-5119.942897415766,16.38165189815877,3298,"2026-10-04T10:41:44.232027Z"
"NC_000913.3","fork1",6597,3929043,-2.24,-2.2677208491146654,0.09383182322637987,395.6790973219247,0.9989820275388706,57.378453238860644,-0.05034792700782529,0.001,0.9999999999994484,6139.568885837453,16.386619036692828,3299,"2026-10-04T10:41:44.233027Z"
"NC_000913.3","fork1",6599,3929044,-1.28,-1.3896781421493287,0.19945914459223538,395.7959760306397,0.9989830345621489,57.38720676872346,-0.06779218244729515,0.001,0.9999999999994483,-17322.594040282765,16.391586175228856,3300,"2026-10-04T10:41:44.234027Z"
"NC_000913.3","fork1",6601,3929045,-1.3,-1.197553383706671,0.23191074185089536,395.9221240594728,0.9989842041749136,57.39596834007418,-0.07310693973163718,0.001,0.9999999999994484,-4544.031532926944,16.39655331376553,3301,"2026-10-04T10:41:44.235027Z"
"NC_000913.3","fork1",6603,3929046,-1.45,-1.2993432113333396,0.21427557416581033,396.0432495010364,0.9989852836524739,57.40472343555414,-0.0701435768881482,0.001,0.9999999999994482,2745.1824407184768,16.401520452302577,3302,"2026-10-04T10:41:44.236026Z"
"NC_000913.3","fork1",6605,3929047,-0.88,-1.11502459031999,0.24693533677668908,396.1737077736782,0.9989865262421687,57.413486607838045,-0.07547973278992556,0.001,0.9999999999994483,-4294.38287158261,16.40648759084038,3303,"2026-10-04T10:41:44.237026Z"
"NC_000913.3","fork1",6607,3929048,-0.58,-0.40523812514667396,0.4000544771470622,396.3478958821689,0.998988536108867,57.422292589124936,-0.10061958295102415,0.001,0.9999999999994493,-12508.217675550828,16.411454729378594,3304,"2026-10-04T10:41:44.238027Z"
"NC_000913.3","fork1",6609,3929049,-0.88,-1.11502459031999,0.24693533677668908,396.4783852966811,0.9989897747197335,57.43105295190101,-0.07531388548565099,0.001,0.9999999999994496,20430.708424263474,16.41642186791519,3305,"2026-10-04T10:41:44.239026Z"
"NC_000913.3","fork1",6611,3929050,-1.3,-1.197553383706671,0.23191074185089536,396.60459595041374,0.9989909365884676,57.439807609306186,-0.0727842099456856,0.001,0.9999999999994491,2177.2472790559214,16.421389006452223,3306,"2026-10-04T10:41:44.240026Z"
"NC_000913.3","fork1",6613,3929051,-1.84,-1.9014679697759975,0.1299424193591184,396.7016910260799,0.9989915870140651,57.44853156200949,-0.055973366690929414,0.001,0.9999999999994496,25845.91276782723,16.426356144989366,3307,"2026-10-04T10:41:44.241027Z"
"NC_000913.3","fork1",6615,3929052,-1.84,-1.9014679697759975,0.1299424193591184,396.7987882570322,0.9989922370208316,57.4572541886748,-0.055952258362619564,0.001,0.9999999999994492,32.47401319031151,16.431323283527824,3308,"2026-10-04T10:41:44.242027Z"
"NC_000913.3","fork1",6617,3929053,-1.45,-1.2993432113333396,0.21427557416581033,396.91998410598046,0.9989933079705574,57.46599972804574,-0.06978405491431561,0.001,0.999999999999449,-12915.44898757402,16.43629042206765,3309,"2026-10-04T10:41:44.243026Z"
"NC_000913.3","fork1",6619,3929054,-1.44,1.3110377889013387,0.7876867636969223,397.20505458083403,0.9989972350679848,57.474908294105596,-0.16358596905087813,0.001,0.9999999999994499,-23885.812835474666,16.441257560609312,3310,"2026-10-04T10:41:44.244026Z"
"NC_000913.3","fork1",6621,3929055,-1.45,-1.2993432113333396,0.21427557416581033,397.3262940608617,0.9989983007116114,57.483650966662196,-0.06953441620280701,0.001,0.999999999999449,88257.97902211743,16.446224699144924,3311,"2026-10-04T10:41:44.245027Z"
"NC_000913.3","fork1",6623,3929056,-1.28,1.1703218578506713,0.7632031881188912,397.6044588136522,0.9990020871207498,57.49254892545534,-0.1590127468702396,0.001,0.9999999999994504,-23631.448002120076,16.451191837682035,3312,"2026-10-04T10:41:44.246027Z"
"NC_000913.3","fork1",6625,3929057,-1.3,1.4024466162933291,0.8025718425954855,397.8939359554145,0.9990060534232509,57.50145599407142,-0.1649400924752974,0.001,0.999999999999451,-1494.426005936629,16.456158976214436,3313,"2026-10-04T10:41:44.247026Z"
"NC_000913.3","fork1",6627,3929058,-1.44,1.3110377889013387,0.7876867636969223,398.1792169771505,0.9990099308500464,57.5103567055901,-0.1620327092323197,0.001,0.9999999999994515,749.8228583787306,16.461126114741678,3314,"2026-10-04T10:41:44.248027Z"
"NC_000913.3","fork1",6629,3929059,-2.17,-2.077195418181337,0.11133314431997621,398.27112766233677,0.9990104776727053,57.51906441405369,-0.05219916523589185,0.001,0.9999999999994513,200857.70441758534,16.466093253262486,3315,"2026-10-04T10:41:44.249027Z"
"NC_000913.3","fork1",6631,3929060,-1.3,1.4024466162933291,0.8025718425954855,398.56075490241386,0.9990144106590372,57.5279658130393,-0.1639137360097344,0.001,0.9999999999994517,-28404.515385578285,16.47106039178638,3316,"2026-10-04T10:41:44.250027Z"
"NC_000913.3","fork1",6633,3929061,-1.44,1.3110377889013387,0.7876867636969223,398.84618406641806,0.9990182555159481,57.536860896749346,-0.16102442335842065,0.001,0.9999999999994524,751.4746889738122,16.476027530304957,3317,"2026-10-04T10:41:44.251027Z"
"NC_000913.3","fork1",6635,3929062,-1.84,-1.9014679697759975,0.1299424193591184,398.9434798025914,0.9990188883495105,57.54556972226194,-0.05488041890886612,0.001,0.9999999999994523,167728.15281577932,16.48099466881761,3318,"2026-10-04T10:41:44.252027Z"
"NC_000913.3","fork1",6637,3929063,-1.45,-1.2993432113333396,0.21427557416581033,399.0649105285259,0.999019931004655,57.55430086191533,-0.06843991333379223,0.001,0.9999999999994525,-13004.77391371374,16.4859618073316,3319,"2026-10-04T10:41:44.253027Z"
"NC_000913.3","fork1",6639,3929064,-1.28,1.1703218578506713,0.7632031881188912,399.343455906853,0.9990236357315012,57.5631840992103,-0.15647688821715672,0.001,0.9999999999994529,-23763.418610459732,16.49092894584728,3320,"2026-10-04T10:41:44.254027Z"
"NC_000913.3","fork1",6641,3929065,-2.24,-2.2677208491146654,0.09383182322637987,399.43045246259373,0.9990240902413776,57.5718787929788,-0.0488714141131147,0.001,0.9999999999994531,236750.57394986466,16.495896084356904,3321,"2026-10-04T10:41:44.255026Z"
"NC_000913.3","fork1",6643,3929066,-1.28,-1.3896781421493287,0.19945914459223538,399.54768810942613,0.9990250556949837,57.58060163852502,-0.06581023435099423,0.001,0.9999999999994537,-17544.934455202183,16.500863222868553,3322,"2026-10-04T10:41:44.256026Z"
"NC_000913.3","fork1",6645,3929067,-1.45,1.6006567886666603,0.832110160392121,399.84608088358056,0.9990290731228489,57.58949912732956,-0.16689955615111574,0.001,0.9999999999994533,-25162.697424917456,16.50583036138232,3323,"2026-10-04T10:41:44.257026Z"
"NC_000913.3","fork1",6647,3929068,-2.24,-2.2677208491146654,0.09383182322637987,399.93311090242076,0.99902952510401,57.59818982104438,-0.04867939394440229,0.001,0.9999999999994534,261559.93300938368,16.510797499888906,3324,"2026-10-04T10:41:44.258027Z"
"NC_000913.3","fork1",6649,3929069,-1.45,-1.2993432113333396,0.21427557416581033,400.05463737718804,0.9990305564661435,57.60691262779199,-0.06792007026485711,0.001,0.999999999999454,-18655.596997375804,16.515764638397762,3325,"2026-10-04T10:41:44.259026Z"
"NC_000913.3","fork1",6651,3929070,-1.28,1.1703218578506713,0.7632031881188912,400.3334203964368,0.9990342210668578,57.61578601119526,-0.15529824103100387,0.001,0.9999999999994541,-23843.84482177309,16.520731776908175,3326,"2026-10-04T10:41:44.260026Z"
"NC_000913.3","fork1",6653,3929071,-1.44,-1.5689622110986612,0.1723643870770019,400.4429815466961,0.9990350467751127,57.62449440976293,-0.061009525198149325,0.001,0.9999999999994542,114191.32033070596,16.525698915412935,3327,"2026-10-04T10:41:44.261027Z"
"NC_000913.3","fork1",6655,3929072,-0.58,-0.40523812514667396,0.4000544771470622,400.6177927575845,0.9990369605112581,57.633264287643485,-0.09718571185368731,0.001,0.999999999999455,-18903.434907519313,16.530666053918935,3328,"2026-10-04T10:41:44.262027Z"
"NC_000913.3","fork1",6657,3929073,-0.88,-1.11502459031999,0.24693533677668908,400.7487467143635,0.9990381398800285,57.64199052701248,-0.07274217505235553,0.001,0.9999999999994544,20725.948841775815,16.535633192423504,3329,"2026-10-04T10:41:44.263026Z"
"NC_000913.3","fork1",6659,3929074,-1.0,-0.9554055905546683,0.277799014514135,400.8885594879523,0.9990394649298219,57.650723893115355,-0.07758236167910024,0.001,0.9999999999994549,-3652.833766021211,16.54060033092836,3330,"2026-10-04T10:41:44.264027Z"
"NC_000913.3","fork1",6661,3929075,-1.45,1.6006567886666603,0.832110160392121,401.1872957576649,0.9990434230387774,57.6596079476214,-0.16517683983495587,0.001,0.9999999999994553,-22130.385782973357,16.545567469434427,3331,"2026-10-04T10:41:44.265027Z"
"NC_000913.3","fork1",6663,3929076,-1.44,-1.5689622110986612,0.1723643870770019,401.29693183992117,0.9990442408871848,57.66830950638928,-0.06059907466203752,0.001,0.9999999999994557,127869.37557297006,16.550534607933795,3332,"2026-10-04T10:41:44.266027Z"
"NC_000913.3","fork1",6665,3929077,-1.0,-0.9554055905546683,0.277799014514135,401.43680854264466,0.9990455575403153,57.67703857755911,-0.07723147035714373,0.001,0.9999999999994555,-12632.329130223025,16.555501746434636,3333,"2026-10-04T10:41:44.267026Z"
"NC_000913.3","fork1",6667,3929078,-0.58,-0.40523812514667396,0.4000544771470622,401.611763801439,0.999047450450941,57.685799646816776,-0.0964460689464895,0.001,0.9999999999994555,-10150.821876415199,16.560468884935478,3334,"2026-10-04T10:41:44.268027Z"
"NC_000913.3","fork1",6669,3929079,-0.88,-1.11502459031999,0.24693533677668908,401.7428222572532,0.9990486169856314,57.69451750399957,-0.07218663667398573,0.001,0.9999999999994561,20796.151603675167,16.56543602343483,3335,"2026-10-04T10:41:44.269027Z"
"NC_000913.3","fork1",6671,3929080,-1.3,-1.197553383706671,0.23191074185089536,401.8695824750261,0.999049711243748,57.70322991003089,-0.0697613418479596,0.001,0.9999999999994561,2216.38276135796,16.57040316193448,3336,"2026-10-04T10:41:44.270027Z"
"NC_000913.3","fork1",6673,3929081,-1.28,-1.3896781421493287,0.19945914459223538,401.98704208636315,0.999050651374948,57.71193213542404,-0.06459859317186162,0.001,0.9999999999994559,5491.519349743119,16.57537030043467,3337,"2026-10-04T10:41:44.271027Z"
"NC_000913.3","fork1",6675,3929082,-1.45,1.6006567886666603,0.832110160392121,402.286067205049,0.9990545634311684,57.72080478414556,-0.1638605097805368,0.001,0.9999999999994565,-25373.335917503984,16.58033743893652,3338,"2026-10-04T10:41:44.272027Z"
"NC_000913.3","fork1",6677,3929083,-2.24,-2.2677208491146654,0.09383182322637987,402.373252927661,0.9990550035574294,57.72947558498073,-0.04777716189309478,0.001,0.9999999999994565,263750.10576686566,16.585304577431963,3339,"2026-10-04T10:41:44.273026Z"
"NC_000913.3","fork1",6679,3929084,-2.17,-2.077195418181337,0.11133314431997621,402.4654617044271,0.9990555255096272,57.73814982782702,-0.050513119664618494,0.001,0.9999999999994572,-5241.7784292809865,16.590271715929134,3340,"2026-10-04T10:41:44.274027Z"
"NC_000913.3","fork1",6681,3929085,-1.3,1.4024466162933291,0.8025718425954855,402.75613095257035,0.9990592796160216,57.747009607112844,-0.15867474666096454,0.001,0.9999999999994568,-28811.550774702802,16.595238854429184,3341,"2026-10-04T10:41:44.275026Z"
"NC_000913.3","fork1",6683,3929086,-1.28,1.1703218578506713,0.7632031881188912,403.03555541547547,0.9990628357419962,57.75585671284192,-0.15206779970855921,0.001,0.9999999999994571,1857.9057658906668,16.600205992924316,3342,"2026-10-04T10:41:44.276026Z"
"NC_000913.3","fork1",6685,3929087,-1.3,1.4024466162933291,0.8025718425954855,403.3263428574159,0.9990665608187561,57.76471235573473,-0.1577348284742917,0.001,0.9999999999994579,-1521.3186548728104,16.60517313141476,3343,"2026-10-04T10:41:44.277026Z"
"NC_000913.3","fork1",6687,3929088,-1.0,1.0445944094453317,0.7397355271799415,403.5991413398079,0.9990699811432691,57.77354914800105,-0.14753824108736036,0.001,0.9999999999994589,2981.175425995484,16.61014026990055,3344,"2026-10-04T10:41:44.278027Z"
"NC_000913.3","fork1",6689,3929089,-0.88,-1.11502459031999,0.24693533677668908,403.7304229602438,0.9990711201115222,57.7822527644907,-0.07095013421691505,0.001,0.9999999999994585,67243.40793365214,16.615107408380755,3345,"2026-10-04T10:41:44.279026Z"
"NC_000913.3","fork1",6691,3929090,-1.3,-1.197553383706671,0.23191074185089536,403.8573998646108,0.9990721885111158,57.79095102764449,-0.0685667624357869,0.001,0.9999999999994591,2230.786866135582,16.6200745468615,3346,"2026-10-04T10:41:44.280026Z"
"NC_000913.3","fork1",6693,3929091,-2.17,-2.077195418181337,0.11133314431997621,403.9497378423615,0.9990727009803162,57.79961585669503,-0.04984804763661497,0.001,0.9999999999994589,36526.516684786715,16.62504168534249,3347,"2026-10-04T10:41:44.281027Z"
"NC_000913.3","fork1",6695,3929092,-1.84,1.7785320302240026,0.8555155067192858,404.25596052882344,0.9990766295149655,57.8084770630197,-0.16469314556219855,0.001,0.9999999999994593,-29233.57133870322,16.630008823826177,3348,"2026-10-04T10:41:44.282027Z"
"NC_000913.3","fork1",6697,3929093,-1.44,-1.5689622110986612,0.1723643870770019,404.36587503942485,0.9990774189989178,57.81715539094735,-0.059094486192407425,0.001,0.9999999999994593,133756.5621935456,16.63497596230345,3349,"2026-10-04T10:41:44.283026Z"
"NC_000913.3","fork1",6699,3929094,-1.0,-0.9554055905546683,0.277799014514135,404.5061071643433,0.9990786899880529,57.82586031265516,-0.07531390303012625,0.001,0.9999999999994592,-12761.255300323905,16.63994310078203,3350,"2026-10-04T10:41:44.284027Z"
"NC_000913.3","fork1",6701,3929095,-1.3,-1.197553383706671,0.23191074185089536,404.6331595420807,0.9990797496887786,57.834551737236254,-0.06817964514991788,0.001,0.9999999999994598,6732.332731086791,16.644910239260454,3351,"2026-10-04T10:41:44.285027Z"
"NC_000913.3","fork1",6703,3929096,-1.45,-1.2993432113333396,0.21427557416581033,404.75515129080526,0.9990807277243697,57.843237164450215,-0.0654146070949369,0.001,0.9999999999994594,2827.134390519235,16.64987737773933,3352,"2026-10-04T10:41:44.286027Z"
"NC_000913.3","fork1",6705,3929097,-1.0,1.0445944094453317,0.7397355271799415,405.028286680639,0.9990840961858437,57.852059738155816,-0.1459957919266267,0.001,0.99999999999946,-23922.252177825572,16.65484451621981,3353,"2026-10-04T10:41:44.287026Z"
"NC_000913.3","fork1",6707,3929098,-1.28,1.1703218578506713,0.7632031881188912,405.3082273598183,0.9990875585855098,57.86088652385006,-0.14917000378684073,0.001,0.9999999999994603,-916.7664528459093,16.659811654696107,3354,"2026-10-04T10:41:44.288027Z"
"NC_000913.3","fork1",6709,3929099,-1.44,-1.5689622110986612,0.1723643870770019,405.4182351039216,0.9990883387336077,57.869556722477704,-0.058597328727426,0.001,0.9999999999994607,116096.77098889435,16.66477879316712,3355,"2026-10-04T10:41:44.289027Z"
"NC_000913.3","fork1",6711,3929100,-1.0,-0.9554055905546683,0.277799014514135,405.5585875907517,0.999089594692933,57.87825321324642,-0.07468100164109295,0.001,0.9999999999994608,-12805.88677470065,16.669745931638822,3356,"2026-10-04T10:41:44.290027Z"
"NC_000913.3","fork1",6713,3929101,-1.45,1.6006567886666603,0.832110160392121,405.85848248901493,0.9990933464179674,57.88709304341824,-0.159001841051153,0.001,0.9999999999994614,-22475.21836928754,16.67471307011192,3357,"2026-10-04T10:41:44.291026Z"
"NC_000913.3","fork1",6715,3929102,-1.44,-1.5689622110986612,0.1723643870770019,405.96854036196856,0.9990941216218877,57.89575917150443,-0.05833157920798601,0.001,0.9999999999994613,129862.94213665661,16.679680208578947,3358,"2026-10-04T10:41:44.292026Z"
"NC_000913.3","fork1",6717,3929103,-1.3,-1.197553383706671,0.23191074185089536,406.0957462149752,0.9990951635890567,57.90443949001026,-0.06736230913149494,0.001,0.9999999999994617,-8667.000450939573,16.68464734704664,3359,"2026-10-04T10:41:44.293026Z"
"NC_000913.3","fork1",6719,3929104,-1.84,-1.9014679697759975,0.1299424193591184,406.19360393284853,0.9990957468924639,57.91309195703573,-0.05180194226203074,0.001,0.9999999999994613,26676.28317659163,16.689614485515037,3360,"2026-10-04T10:41:44.294027Z"
"NC_000913.3","fork1",6721,3929105,-2.17,-2.077195418181337,0.11133314431997621,406.28610495750314,0.9990962463611531,57.921738291478455,-0.04895078614957499,0.001,0.9999999999994618,5708.378070913755,16.694581623984575,3361,"2026-10-04T10:41:44.295026Z"
"NC_000913.3","fork1",6723,3929106,-2.24,-2.2677208491146654,0.09383182322637987,406.37356599926505,0.9990966671004295,57.93037878775666,-0.04627240297018272,0.001,0.9999999999994618,6365.897669905198,16.69954876245562,3362,"2026-10-04T10:41:44.296026Z"
"NC_000913.3","fork1",6725,3929107,-1.28,-1.3896781421493287,0.19945914459223538,406.49145218733184,0.9990975608196417,57.93904543850784,-0.06232321941987053,0.001,0.9999999999994615,-17959.57413775114,16.70451590092882,3363,"2026-10-04T10:41:44.297027Z"
"NC_000913.3","fork1",6727,3929108,-1.3,-1.197553383706671,0.23191074185089536,406.6186955915425,0.9990985988345165,57.947719193014926,-0.06721305904257444,0.001,0.9999999999994614,-4710.760646870946,16.709483039402844,3364,"2026-10-04T10:41:44.298027Z"
"NC_000913.3","fork1",6729,3929109,-1.45,-1.2993432113333396,0.21427557416581033,406.74086852902707,0.9990995568554223,57.95638704495953,-0.06448597457961351,0.001,0.9999999999994618,2846.581370376291,16.714450177876884,3365,"2026-10-04T10:41:44.299026Z"
"NC_000913.3","fork1",6731,3929110,-1.28,1.1703218578506713,0.7632031881188912,407.0212407041537,0.9991029608614526,57.96519554188261,-0.1475012016345566,0.001,0.999999999999462,-24387.508810702413,16.719417316352875,3366,"2026-10-04T10:41:44.300026Z"
"NC_000913.3","fork1",6733,3929111,-2.24,-2.2677208491146654,0.09383182322637987,407.10874125739696,0.9991033784776225,57.97382953214855,-0.04603281110322487,0.001,0.9999999999994619,242970.45427265237,16.724384454823376,3367,"2026-10-04T10:41:44.301027Z"
"NC_000913.3","fork1",6735,3929112,-2.17,-2.077195418181337,0.11133314431997621,407.2012858910044,0.9991038737347487,57.982466756967725,-0.04867030756147116,0.001,0.9999999999994624,-5325.509354083166,16.729351593295466,3368,"2026-10-04T10:41:44.302027Z"
"NC_000913.3","fork1",6737,3929113,-1.44,-1.5689622110986612,0.1723643870770019,407.3114268887732,0.9991046399457041,57.991118439292016,-0.05788931145036655,0.001,0.999999999999462,-12031.939539011279,16.734318731769513,3369,"2026-10-04T10:41:44.303026Z"
"NC_000913.3","fork1",6739,3929114,-1.3,-1.197553383706671,0.23191074185089536,407.4387439173217,0.9991056698252266,57.99978416377196,-0.06685944991952872,0.001,0.9999999999994622,-8709.89108215085,16.739285870244355,3370,"2026-10-04T10:41:44.304027Z"
"NC_000913.3","fork1",6741,3929115,-1.45,-1.2993432113333396,0.21427557416581033,407.5609859472132,0.9991066203377115,58.00844402120596,-0.06414584476113597,0.001,0.9999999999994621,2854.886392021064,16.744253008719728,3371,"2026-10-04T10:41:44.305027Z"
"NC_000913.3","fork1",6743,3929116,-0.88,-1.11502459031999,0.24693533677668908,407.69265761212785,0.9991077144750362,58.017110958892445,-0.06903092827163068,0.001,0.9999999999994627,-4464.780974039843,16.74922014719562,3372,"2026-10-04T10:41:44.306027Z"
"NC_000913.3","fork1",6745,3929117,-1.45,1.6006567886666603,0.832110160392121,407.9931522784536,0.9991113915959616,58.0259266518023,-0.1569731941917517,0.001,0.9999999999994632,-23916.065776425512,16.75418728567314,3373,"2026-10-04T10:41:44.307027Z"
"NC_000913.3","fork1",6747,3929118,-2.24,-2.2677208491146654,0.09383182322637987,408.08069953571277,0.9991118052906961,58.034551574795465,-0.045733837341807713,0.001,0.9999999999994628,268892.3681678216,16.759154424144235,3374,"2026-10-04T10:41:44.308027Z"
"NC_000913.3","fork1",6749,3929119,-2.17,-2.077195418181337,0.11133314431997621,408.1732961208811,0.9991122958973304,58.04317969855869,-0.04835551812415448,0.001,0.9999999999994633,-5343.753220930756,16.76412156261723,3375,"2026-10-04T10:41:44.309027Z"
"NC_000913.3","fork1",6751,3929120,-1.44,-1.5689622110986612,0.1723643870770019,408.28350734669726,0.9991130549135134,58.051822152201076,-0.05751925231188739,0.001,0.9999999999994632,-12073.173659246144,16.769088701091945,3376,"2026-10-04T10:41:44.310027Z"
"NC_000913.3","fork1",6753,3929121,-1.0,-0.9554055905546683,0.277799014514135,408.4241580924404,0.9991142768525313,58.06049024666468,-0.07332704754154258,0.001,0.9999999999994633,-12936.648227626314,16.77405583956753,3377,"2026-10-04T10:41:44.311026Z"
"NC_000913.3","fork1",6755,3929122,-1.3,-1.197553383706671,0.23191074185089536,408.5515760034689,0.9991152956571073,58.069145283175516,-0.06637368713663228,0.001,0.9999999999994631,6825.0188195692,16.779022978043443,3378,"2026-10-04T10:41:44.312026Z"
"NC_000913.3","fork1",6757,3929123,-1.84,-1.9014679697759975,0.1299424193591184,408.64956287839834,0.9991158659938482,58.077772996151374,-0.05102392974339731,0.001,0.9999999999994631,26913.49915624135,16.783990116519426,3379,"2026-10-04T10:41:44.313026Z"
"NC_000913.3","fork1",6759,3929124,-1.28,-1.3896781421493287,0.19945914459223538,408.7676268460902,0.9991167407352829,58.08641714452513,-0.0614339246818544,0.001,0.9999999999994633,-11900.65375336717,16.788957254997086,3380,"2026-10-04T10:41:44.314027Z"
"NC_000913.3","fork1",6761,3929125,-1.45,1.6006567886666603,0.832110160392121,409.0684219574363,0.9991203806916142,58.095220822629486,-0.15595205156963177,0.001,0.9999999999994639,-25966.82989677395,16.793924393476495,3381,"2026-10-04T10:41:44.315026Z"
"NC_000913.3","fork1",6763,3929126,-1.3,1.4024466162933291,0.8025718425954855,409.3607466503127,0.9991238772370666,58.1040149528072,-0.1510679804379521,0.001,0.9999999999994643,1396.8275825876058,16.7988915319511,3382,"2026-10-04T10:41:44.316026Z"
"NC_000913.3","fork1",6765,3929127,-1.0,1.0445944094453317,0.7397355271799415,409.6349771158437,0.9991270877252365,58.112791235158774,-0.1412961218947566,0.001,0.9999999999994648,3043.7298087268277,16.80385867042102,3383,"2026-10-04T10:41:44.317027Z"
"NC_000913.3","fork1",6767,3929128,-1.44,1.3110377889013387,0.7876867636969223,409.92311728448635,0.9991304934031577,58.12157765779028,-0.14798584555334254,0.001,0.9999999999994655,-1964.285470708236,16.808825808886592,3384,"2026-10-04T10:41:44.318027Z"
"NC_000913.3","fork1",6769,3929129,-1.28,-1.3896781421493287,0.19945914459223538,410.0413226661364,0.9991313536851588,58.130214778346065,-0.060679294472626225,0.001,0.999999999999466,101485.96735844016,16.813792947347117,3385,"2026-10-04T10:41:44.319026Z"
"NC_000913.3","fork1",6771,3929130,-1.0,-0.9554055905546683,0.277799014514135,410.1821790720542,0.9991325504359548,58.1388702241079,-0.07223015127889768,0.001,0.9999999999994654,-9651.848024425315,16.818760085808208,3386,"2026-10-04T10:41:44.320027Z"
"NC_000913.3","fork1",6773,3929131,-1.3,-1.197553383706671,0.23191074185089536,410.3097849847956,0.9991335482395386,58.147512844472914,-0.06538160876980556,0.001,0.9999999999994652,6863.61787086481,16.82372722426959,3387,"2026-10-04T10:41:44.321027Z"
"NC_000913.3","fork1",6775,3929132,-1.45,-1.2993432113333396,0.21427557416581033,410.43230306829594,0.9991344691479404,58.15614973903334,-0.06272721590258665,0.001,0.999999999999466,2882.363612006925,16.828694362731046,3388,"2026-10-04T10:41:44.322027Z"
"NC_000913.3","fork1",6777,3929133,-1.44,1.3110377889013387,0.7876867636969223,410.72063964422415,0.999137846052001,58.16492835761225,-0.14712130105795332,0.001,0.9999999999994669,-24991.55547234687,16.83366150119455,3389,"2026-10-04T10:41:44.323026Z"
"NC_000913.3","fork1",6779,3929134,-1.28,-1.3896781421493287,0.19945914459223538,410.8389158901721,0.9991386990656289,58.17355881915973,-0.06031981049803194,0.001,0.9999999999994664,101758.62109966503,16.838628639652256,3390,"2026-10-04T10:41:44.324027Z"
"NC_000913.3","fork1",6781,3929135,-1.3,-1.197553383706671,0.23191074185089536,410.96658677566825,0.9991396898027014,58.18219604972749,-0.06505560809193986,0.001,0.9999999999994665,-4780.07508288037,16.84359577811097,3391,"2026-10-04T10:41:44.325027Z"
"NC_000913.3","fork1",6783,3929136,-1.45,-1.2993432113333396,0.21427557416581033,411.08916681810996,0.9991406041891563,58.19082758566722,-0.06241421325347063,0.001,0.9999999999994668,2888.707312267392,16.848562916570383,3392,"2026-10-04T10:41:44.326027Z"
"NC_000913.3","fork1",6785,3929137,-1.0,1.0445944094453317,0.7397355271799415,411.3637892805988,0.9991437534351556,58.19958805114075,-0.13938483341855842,0.001,0.999999999999467,-24440.967832268652,16.853530055030888,3393,"2026-10-04T10:41:44.327027Z"
"NC_000913.3","fork1",6787,3929138,-1.44,1.3110377889013387,0.7876867636969223,411.6523418252244,0.9991470941471112,58.208358461173695,-0.14598401982850429,0.001,0.9999999999994674,-1975.3832409395504,16.858497193487956,3394,"2026-10-04T10:41:44.328027Z"
"NC_000913.3","fork1",6789,3929139,-1.45,-1.2993432113333396,0.21427557416581033,411.7749967365367,0.9991480006705198,58.21698583454629,-0.06201859471869011,0.001,0.9999999999994675,92623.5597634013,16.86346433193941,3395,"2026-10-04T10:41:44.329026Z"
"NC_000913.3","fork1",6791,3929140,-1.28,1.1703218578506713,0.7632031881188912,412.05655423509063,0.9991512216967058,58.22574683770018,-0.14189679000635508,0.001,0.999999999999468,-24798.98972413267,16.8684314703926,3396,"2026-10-04T10:41:44.330027Z"
"NC_000913.3","fork1",6793,3929141,-1.44,-1.5689622110986612,0.1723643870770019,412.16711776008265,0.9991519474583016,58.234361201751106,-0.055699857778380615,0.001,0.9999999999994683,118767.55772733758,16.87339860884042,3397,"2026-10-04T10:41:44.331026Z"
"NC_000913.3","fork1",6795,3929142,-1.0,-0.9554055905546683,0.277799014514135,412.3082152654825,0.999153115860708,58.243000118989556,-0.07100606154515658,0.001,0.9999999999994682,-13100.11318290109,16.878365747289745,3398,"2026-10-04T10:41:44.332026Z"
"NC_000913.3","fork1",6797,3929143,-1.45,1.6006567886666603,0.832110160392121,412.60984994618775,0.9991566060398379,58.25177315579678,-0.15125078766606703,0.001,0.999999999999469,-22991.578120681148,16.883332885739776,3399,"2026-10-04T10:41:44.333026Z"
"NC_000913.3","fork1",6799,3929144,-1.44,-1.5689622110986612,0.1723643870770019,412.7204633469824,0.9991573272013472,58.2603835332849,-0.05544612784241397,0.001,0.9999999999994688,132847.71662084459,16.888300024184204,3400,"2026-10-04T10:41:44.334027Z"
"NC_000913.3","fork1",6801,3929145,-1.0,-0.9554055905546683,0.277799014514135,412.8616241987564,0.9991584881980676,58.26901831331069,-0.07068243495348958,0.001,0.9999999999994692,-13123.471275140788,16.89326716262967,3401,"2026-10-04T10:41:44.335026Z"
"NC_000913.3","fork1",6803,3929146,-1.3,-1.197553383706671,0.23191074185089536,412.9895051843499,0.9991594561912504,58.27764059668784,-0.06398017819989629,0.001,0.9999999999994694,6923.867722655483,16.89823430107533,3402,"2026-10-04T10:41:44.336026Z"
"NC_000913.3","fork1",6805,3929147,-2.17,-2.077195418181337,0.11133314431997621,413.0824585083267,0.9991599204993816,58.28623225548245,-0.04649234204918041,0.001,0.9999999999994692,37664.29009686653,16.90320143952136,3403,"2026-10-04T10:41:44.337027Z"
"NC_000913.3","fork1",6807,3929148,-2.24,-2.2677208491146654,0.09383182322637987,413.1703404773433,0.999160311620304,58.294818393959275,-0.04394499388923897,0.001,0.9999999999994691,6512.942708697715,16.908168577968823,3404,"2026-10-04T10:41:44.338027Z"
"NC_000913.3","fork1",6809,3929149,-2.17,-2.077195418181337,0.11133314431997621,413.2632941824562,0.9991607754563016,58.30340752446028,-0.046465591205895926,0.001,0.9999999999994695,-5434.242556086642,16.913135716417806,3405,"2026-10-04T10:41:44.339026Z"
"NC_000913.3","fork1",6811,3929150,-1.44,-1.5689622110986612,0.1723643870770019,413.3739406221165,0.9991614930556567,58.31201021546375,-0.05527612473058721,0.001,0.9999999999994691,-12277.789077341804,16.918102854868685,3406,"2026-10-04T10:41:44.340027Z"
"NC_000913.3","fork1",6813,3929151,-1.0,-0.9554055905546683,0.277799014514135,413.51516144609826,0.9991626483176602,58.32063720806146,-0.07047457655477951,0.001,0.9999999999994698,-13155.848437914732,16.923069993320787,3407,"2026-10-04T10:41:44.341027Z"
"NC_000913.3","fork1",6815,3929152,-1.3,-1.197553383706671,0.23191074185089536,413.6430906819108,0.9991636115294529,58.32925175294512,-0.06378897255961907,0.001,0.9999999999994695,6940.949068637625,16.928037131772715,3408,"2026-10-04T10:41:44.342027Z"
"NC_000913.3","fork1",6817,3929153,-1.28,-1.3896781421493287,0.19945914459223538,413.76161930561614,0.9991644390720805,58.33785713760009,-0.059060757640161526,0.001,0.9999999999994698,5713.560560507827,16.933004270225197,3409,"2026-10-04T10:41:44.343027Z"
"NC_000913.3","fork1",6819,3929154,-1.0,-0.9554055905546683,0.277799014514135,413.9028790441791,0.9991655902785678,58.34648018170185,-0.07031240102905438,0.001,0.9999999999994698,-9773.7838637297,16.93797140867886,3410,"2026-10-04T10:41:44.344027Z"
"NC_000913.3","fork1",6821,3929155,-1.3,-1.197553383706671,0.23191074185089536,414.0308413361249,0.9991665501090238,58.35509081410566,-0.06364107549495143,0.001,0.9999999999994699,6950.52495195337,16.94293854713229,3411,"2026-10-04T10:41:44.345027Z"
"NC_000913.3","fork1",6823,3929156,-1.28,-1.3896781421493287,0.19945914459223538,414.14939887437396,0.9991673747465739,58.3636923122024,-0.05892295960685436,0.001,0.9999999999994696,5721.441968449511,16.947905685586296,3412,"2026-10-04T10:41:44.346027Z"
"NC_000913.3","fork1",6825,3929157,-1.0,-0.9554055905546683,0.277799014514135,414.2906975206149,0.9991685219117579,58.37231141327449,-0.07015054401298003,0.001,0.99999999999947,-9787.242990935314,16.95287282404113,3413,"2026-10-04T10:41:44.347026Z"
"NC_000913.3","fork1",6827,3929158,-1.3,-1.197553383706671,0.23191074185089536,414.418692864372,0.999169478372728,58.38091813856018,-0.06349347339803924,0.001,0.9999999999994703,6960.106918217091,16.95783996249602,3414,"2026-10-04T10:41:44.348026Z"
"NC_000913.3","fork1",6829,3929159,-1.28,-1.3896781421493287,0.19945914459223538,414.53727931465943,0.9991703001153818,58.3895157553855,-0.05878543988406812,0.001,0.9999999999994703,5729.32838782759,16.962807100951245,3415,"2026-10-04T10:41:44.349026Z"
"NC_000913.3","fork1",6831,3929160,-0.58,-0.40523812514667396,0.4000544771470622,414.71410912860625,0.9991719458337006,58.39816029271232,-0.0875150467588384,0.001,0.999999999999471,-17457.183617522714,16.967774239408005,3416,"2026-10-04T10:41:44.350027Z"
"NC_000913.3","fork1",6833,3929161,-1.0,1.0445944094453317,0.7397355271799415,414.9895920832281,0.9991749803234424,58.40688478714311,-0.13591431637244245,0.001,0.9999999999994715,-15949.722599703666,16.972741377863926,3417,"2026-10-04T10:41:44.351026Z"
"NC_000913.3","fork1",6835,3929162,-0.88,-1.11502459031999,0.24693533677668908,415.12202116886465,0.9991759908081747,58.41548975318161,-0.06528845741143292,0.001,0.9999999999994709,69893.04905744102,16.977708516315534,3418,"2026-10-04T10:41:44.352026Z"
"NC_000913.3","fork1",6837,3929163,-0.58,-0.40523812514667396,0.4000544771470622,415.29893423903326,0.9991776252482356,58.424129970196184,-0.08707886157792308,0.001,0.9999999999994713,-13332.03014718573,16.982675654767455,3419,"2026-10-04T10:41:44.353027Z"
"NC_000913.3","fork1",6839,3929164,-1.28,1.1703218578506713,0.7632031881188912,415.58136066317127,0.9991807343690537,58.43285520537768,-0.13856519079522714,0.001,0.9999999999994716,-16559.771147200943,16.987642793219425,3420,"2026-10-04T10:41:44.354027Z"
"NC_000913.3","fork1",6841,3929165,-2.24,-2.2677208491146654,0.09383182322637987,415.66937410867286,0.9991811158074784,58.441419705890304,-0.04318084535602183,0.001,0.9999999999994715,250064.8578687619,16.992609931665974,3421,"2026-10-04T10:41:44.355026Z"
"NC_000913.3","fork1",6843,3929166,-1.28,-1.3896781421493287,0.19945914459223538,415.7880784746159,0.9991819260451378,58.45000804814207,-0.05819511798756518,0.001,0.9999999999994715,-18530.70201955089,16.997577070114563,3422,"2026-10-04T10:41:44.356026Z"
"NC_000913.3","fork1",6845,3929167,-1.45,1.6006567886666603,0.832110160392121,416.09064537053814,0.999185297588542,58.458745007885675,-0.14779780376227575,0.001,0.9999999999994723,-26576.162615026715,17.002544208564853,3423,"2026-10-04T10:41:44.357027Z"
"NC_000913.3","fork1",6847,3929168,-1.44,-1.5689622110986612,0.1723643870770019,416.20151756258844,0.9991859942367342,58.467324257932916,-0.054139605830113104,0.001,0.9999999999994724,134441.169861297,17.007511347009558,3424,"2026-10-04T10:41:44.358027Z"
"NC_000913.3","fork1",6849,3929169,-1.0,-0.9554055905546683,0.277799014514135,416.34304477760173,0.9991871157694342,58.47592713862887,-0.06903436853598256,0.001,0.9999999999994726,-13280.720843262938,17.01247848545541,3425,"2026-10-04T10:41:44.359026Z"
"NC_000913.3","fork1",6851,3929170,-1.45,1.6006567886666603,0.832110160392121,416.64574542352653,0.9991904659416602,58.484659237951824,-0.14712193546128,0.001,0.9999999999994726,-23308.523161885063,17.017445623902255,3426,"2026-10-04T10:41:44.360027Z"
"NC_000913.3","fork1",6853,3929171,-1.3,1.4024466162933291,0.8025718425954855,416.93991867629484,0.9991936841183987,58.49338242180353,-0.14251148165185967,0.001,0.9999999999994735,1432.6291512231628,17.022412762344665,3427,"2026-10-04T10:41:44.361027Z"
"NC_000913.3","fork1",6855,3929172,-0.88,-1.11502459031999,0.24693533677668908,417.0725599489546,0.9991946717131726,58.50197381800367,-0.0642120872330009,0.001,0.9999999999994736,79282.91693331706,17.027379900781764,3428,"2026-10-04T10:41:44.362027Z"
"NC_000913.3","fork1",6857,3929173,-1.0,-0.9554055905546683,0.277799014514135,417.21419043682823,0.9991957812997156,58.510571129964845,-0.06849190442613112,0.001,0.9999999999994741,-3857.127882254047,17.03234703921924,3429,"2026-10-04T10:41:44.363027Z"
"NC_000913.3","fork1",6859,3929174,-1.0,-0.9554055905546683,0.277799014514135,417.3558356181019,0.999196889358692,58.519167127357214,-0.06842793380010741,0.001,0.9999999999994741,57.7321490904446,17.037314177656896,3430,"2026-10-04T10:41:44.364027Z"
"NC_000913.3","fork1",6861,3929175,-0.58,-0.40523812514667396,0.4000544771470622,417.5330655981251,0.9991984823792782,58.52779030640973,-0.08548162632706907,0.001,0.9999999999994743,-10705.255584557812,17.04228131609496,3431,"2026-10-04T10:41:44.365027Z"
"NC_000913.3","fork1",6863,3929176,-1.0,1.0445944094453317,0.7397355271799415,417.80916490442524,0.9992014197008399,58.53649102255537,-0.1327525839599459,0.001,0.9999999999994748,-16093.218478392946,17.04724845453274,3432,"2026-10-04T10:41:44.366027Z"
"NC_000913.3","fork1",6865,3929177,-1.44,1.3110377889013387,0.7876867636969223,418.09927349400334,0.9992045356025403,58.54520100965187,-0.139038795460887,0.001,0.9999999999994752,-2017.4614302063676,17.05221559296681,3433,"2026-10-04T10:41:44.367026Z"
"NC_000913.3","fork1",6867,3929178,-2.17,-2.077195418181337,0.11133314431997621,418.1925695570723,0.9992049750290622,58.55375296704241,-0.04470949518584264,0.001,0.9999999999994753,214664.55838159256,17.05718273139546,3434,"2026-10-04T10:41:44.368026Z"
"NC_000913.3","fork1",6869,3929179,-1.44,-1.5689622110986612,0.1723643870770019,418.30363351911586,0.9992056548645443,58.56231778055741,-0.05319172757632848,0.001,0.9999999999994753,-12476.88979880603,17.06214986982626,3435,"2026-10-04T10:41:44.369026Z"
"NC_000913.3","fork1",6871,3929180,-1.3,-1.197553383706671,0.23191074185089536,418.43204079883196,0.9992065686448746,58.570895077983636,-0.0614447988907775,0.001,0.9999999999994751,-9031.789195784975,17.06711700825781,3436,"2026-10-04T10:41:44.370027Z"
"NC_000913.3","fork1",6873,3929181,-2.17,-2.077195418181337,0.11133314431997621,418.52534627477894,0.9992070069492043,58.57944327574908,-0.04463531072476167,0.001,0.9999999999994754,38351.179822408005,17.072084146689644,3437,"2026-10-04T10:41:44.371026Z"
"NC_000913.3","fork1",6875,3929182,-1.44,-1.5689622110986612,0.1723643870770019,418.6364274111161,0.9992076850485447,58.58800430139231,-0.05310631371466636,0.001,0.9999999999994751,-12492.274338745367,17.07705128512325,3438,"2026-10-04T10:41:44.372026Z"
"NC_000913.3","fork1",6877,3929183,-1.0,-0.9554055905546683,0.277799014514135,418.77822613836724,0.9992087767194279,58.59658835227305,-0.06771900594973851,0.001,0.9999999999994752,-13385.620575591702,17.08201842355823,3439,"2026-10-04T10:41:44.373027Z"
"NC_000913.3","fork1",6879,3929184,-1.45,1.6006567886666603,0.832110160392121,419.08152721276065,0.9992120376899163,58.60529841471943,-0.14432777148364528,0.001,0.9999999999994761,-23492.627672046412,17.086985561994144,3440,"2026-10-04T10:41:44.374027Z"
"NC_000913.3","fork1",6881,3929185,-2.24,-2.2677208491146654,0.09383182322637987,419.1697757454518,0.9992124045654481,58.61383752840963,-0.04199389044155035,0.001,0.999999999999476,278933.5133035139,17.091952700424343,3441,"2026-10-04T10:41:44.375026Z"
"NC_000913.3","fork1",6883,3929186,-1.28,-1.3896781421493287,0.19945914459223538,419.28880476347035,0.9992131838691035,58.62239960713504,-0.05659897613008234,0.001,0.9999999999994762,-18741.20002852815,17.096919838856277,3442,"2026-10-04T10:41:44.376027Z"
"NC_000913.3","fork1",6885,3929187,-1.0,-0.9554055905546683,0.277799014514135,419.43067455356527,0.9992142679695352,58.630978346539095,-0.06738793211124179,0.001,0.999999999999476,-9951.989378662334,17.101886977289425,3443,"2026-10-04T10:41:44.377027Z"
"NC_000913.3","fork1",6887,3929188,-1.45,1.6006567886666603,0.832110160392121,419.7341405448237,0.9992175063259499,58.63968229063482,-0.14362819109556163,0.001,0.9999999999994768,-23542.88695290809,17.106854115723436,3444,"2026-10-04T10:41:44.378027Z"
"NC_000913.3","fork1",6889,3929189,-2.24,-2.2677208491146654,0.09383182322637987,419.8224289665319,0.9992178706572759,58.64821636703443,-0.04178648723643625,0.001,0.9999999999994768,279530.46195081284,17.1118212541521,3445,"2026-10-04T10:41:44.379026Z"
"NC_000913.3","fork1",6891,3929190,-1.45,-1.2993432113333396,0.21427557416581033,419.94583599490556,0.9992187020136639,58.656776629582446,-0.0583605324805868,0.001,0.9999999999994771,-19936.149504707784,17.116788392582215,3446,"2026-10-04T10:41:44.380027Z"
"NC_000913.3","fork1",6893,3929191,-1.44,1.3110377889013387,0.7876867636969223,420.2364742849616,0.9992217505357336,58.66546584263734,-0.13697731057699647,0.001,0.9999999999994772,-25788.489077561473,17.121755531014283,3447,"2026-10-04T10:41:44.381027Z"
"NC_000913.3","fork1",6895,3929192,-2.17,-2.077195418181337,0.11133314431997621,420.32989903958526,0.9992221804598697,58.674000111382156,-0.04402690187011158,0.001,0.9999999999994771,216201.8851899667,17.12672266944119,3448,"2026-10-04T10:41:44.382027Z"
"NC_000913.3","fork1",6897,3929193,-1.3,1.4024466162933291,0.8025718425954855,420.6249664561287,0.9992252726582275,58.68268950281255,-0.13856316250674727,0.001,0.9999999999994779,-30572.50851899207,17.131689807870753,3449,"2026-10-04T10:41:44.383027Z"
"NC_000913.3","fork1",6899,3929194,-0.88,-1.11502459031999,0.24693533677668908,420.75798401500384,0.9992262215925721,58.69125182644608,-0.06242026543231056,0.001,0.9999999999994781,80240.4270675795,17.13665694629521,3450,"2026-10-04T10:41:44.384026Z"
"NC_000913.3","fork1",6901,3929195,-1.3,-1.197553383706671,0.23191074185089536,420.8866295050537,0.9992271117321271,58.699809479602244,-0.06031798136823745,0.001,0.9999999999994779,2361.7465962188403,17.141624084720053,3451,"2026-10-04T10:41:44.385026Z"
"NC_000913.3","fork1",6903,3929196,-1.45,-1.2993432113333396,0.21427557416581033,421.0101391557801,0.9992279332733986,58.70836188532554,-0.05786577500288856,0.001,0.9999999999994782,2984.8851788914535,17.146591223145386,3452,"2026-10-04T10:41:44.386027Z"
"NC_000913.3","fork1",6905,3929197,-1.28,1.1703218578506713,0.7632031881188912,421.2938792604164,0.9992308523429978,58.71703632772878,-0.1324972116444338,0.001,0.9999999999994792,-25566.857557380543,17.15155836157256,3453,"2026-10-04T10:41:44.387026Z"
"NC_000913.3","fork1",6907,3929198,-1.3,1.4024466162933291,0.8025718425954855,421.58916764426743,0.9992339100929747,58.72571773893585,-0.13743651709430377,0.001,0.9999999999994791,-1615.3398699061356,17.156525499995663,3454,"2026-10-04T10:41:44.388026Z"
"NC_000913.3","fork1",6909,3929199,-1.44,1.3110377889013387,0.7876867636969223,421.88016910489057,0.9992368993204354,58.73439394388512,-0.13500701587274566,0.001,0.9999999999994792,812.7522088979449,17.161492638414988,3455,"2026-10-04T10:41:44.389027Z"
"NC_000913.3","fork1",6911,3929200,-1.28,-1.3896781421493287,0.19945914459223538,421.9994616559864,0.9992376544057071,58.74293763053862,-0.05531682193899448,0.001,0.9999999999994801,105538.00599068427,17.166459776829054,3456,"2026-10-04T10:41:44.390027Z"
"NC_000913.3","fork1",6913,3929201,-1.0,-0.9554055905546683,0.277799014514135,422.1416413339314,0.999238704815539,58.7514974643092,-0.06585932859221416,0.001,0.9999999999994797,-10036.56509404488,17.171426915244126,3457,"2026-10-04T10:41:44.391026Z"
"NC_000913.3","fork1",6915,3929202,-0.58,-0.40523812514667396,0.4000544771470622,422.31954544022335,0.9992402149556004,58.7600831210138,-0.08227509285040757,0.001,0.9999999999994802,-10870.358768237735,17.17639405365993,3458,"2026-10-04T10:41:44.392026Z"
"NC_000913.3","fork1",6917,3929203,-1.0,1.0445944094453317,0.7397355271799415,422.596706826738,0.9992429994556594,58.76874252352789,-0.12777776985748218,0.001,0.9999999999994803,-16341.417146125505,17.18136119207516,3459,"2026-10-04T10:41:44.393027Z"
"NC_000913.3","fork1",6919,3929204,-1.0,1.0445944094453317,0.7397355271799415,422.87392185834346,0.9992457737586391,58.77740014561875,-0.12741802478415343,0.001,0.9999999999994809,129.67043468707243,17.186328330486877,3460,"2026-10-04T10:41:44.394027Z"
"NC_000913.3","fork1",6921,3929205,-1.44,1.3110377889013387,0.7876867636969223,423.16520275163964,0.999248716729738,58.78606651014411,-0.13345084627069959,0.001,0.9999999999994814,-2049.9085052996465,17.19129546889536,3461,"2026-10-04T10:41:44.395026Z"
"NC_000913.3","fork1",6923,3929206,-2.17,-2.077195418181337,0.11133314431997621,423.2588698976127,0.9992491317682797,58.794582958652846,-0.042909755527298726,0.001,0.9999999999994812,218151.04299564124,17.196262607298483,3462,"2026-10-04T10:41:44.396027Z"
"NC_000913.3","fork1",6925,3929207,-2.24,-2.2677208491146654,0.09383182322637987,423.34742193066415,0.999249481385768,58.80309433802414,-0.04055634474846825,0.001,0.9999999999994815,6731.387466681976,17.201229745703337,3463,"2026-10-04T10:41:44.397027Z"
"NC_000913.3","fork1",6927,3929208,-1.84,-1.9014679697759975,0.1299424193591184,423.44652980598335,0.9992499652827845,58.81161240054723,-0.045371644761693156,0.001,0.9999999999994813,-9951.084318270838,17.20619688410987,3464,"2026-10-04T10:41:44.398027Z"
"NC_000913.3","fork1",6929,3929209,-1.45,-1.2993432113333396,0.21427557416581033,423.5702977490334,0.9992507625500983,58.82014769212627,-0.056615691625410275,0.001,0.9999999999994817,-14103.233219487201,17.21116402251799,3465,"2026-10-04T10:41:44.399027Z"
"NC_000913.3","fork1",6931,3929210,-1.0,1.0445944094453317,0.7397355271799415,423.84773481467687,0.999253508423658,58.828796491268996,-0.12650403814324657,0.001,0.9999999999994819,-25452.135721857525,17.216131160927638,3466,"2026-10-04T10:41:44.400027Z"
"NC_000913.3","fork1",6933,3929211,-1.44,1.3110377889013387,0.7876867636969223,424.13924983886125,0.9992564212367543,58.83745394231612,-0.13249382171029708,0.001,0.9999999999994825,-2056.3569886111595,17.221098299333974,3467,"2026-10-04T10:41:44.401027Z"
"NC_000913.3","fork1",6935,3929212,-2.17,-2.077195418181337,0.11133314431997621,424.2329798501937,0.9992568320221877,58.84596287664864,-0.04259635771779106,0.001,0.9999999999994824,218842.87190568054,17.226065437735272,3468,"2026-10-04T10:41:44.402027Z"
"NC_000913.3","fork1",6937,3929213,-2.24,-2.2677208491146654,0.09383182322637987,424.3215903209429,0.9992571780569672,58.85446678108852,-0.04025966908294908,0.001,0.9999999999994827,6752.756581978529,17.231032576138183,3469,"2026-10-04T10:41:44.403026Z"
"NC_000913.3","fork1",6939,3929214,-1.28,-1.3896781421493287,0.19945914459223538,424.44110622706205,0.999257913091407,58.86299238321943,-0.05426090929687549,0.001,0.9999999999994826,-19048.413865519346,17.235999714542874,3470,"2026-10-04T10:41:44.404026Z"
"NC_000913.3","fork1",6941,3929215,-1.45,1.6006567886666603,0.832110160392121,424.7457691981774,0.9992609716996129,58.87165366829507,-0.13781753644480263,0.001,0.9999999999994831,-27318.512709774466,17.240966852949313,3471,"2026-10-04T10:41:44.405026Z"
"NC_000913.3","fork1",6943,3929216,-1.84,1.7785320302240026,0.8555155067192858,425.05734384034724,0.9992641032062988,58.880318079073234,-0.14044915958605747,0.001,0.9999999999994836,-840.3696384064884,17.24593399135165,3472,"2026-10-04T10:41:44.406027Z"
"NC_000913.3","fork1",6945,3929217,-1.3,1.4024466162933291,0.8025718425954855,425.35348388306414,0.9992670288642841,58.888969190893334,-0.13305644343422207,0.001,0.9999999999994845,2526.8559035027397,17.250901129749668,3473,"2026-10-04T10:41:44.407026Z"
"NC_000913.3","fork1",6947,3929218,-1.28,1.1703218578506713,0.7632031881188912,425.63815693005995,0.9992698002272794,58.897610037615024,-0.1275080770611744,0.001,0.9999999999994849,2002.0352376903415,17.255868268143523,3474,"2026-10-04T10:41:44.408026Z"
"NC_000913.3","fork1",6949,3929219,-1.3,1.4024466162933291,0.8025718425954855,425.934412961388,0.9992727032524662,58.90625747260969,-0.1322592634381361,0.001,0.9999999999994851,-1636.6328472010491,17.260835406533783,3475,"2026-10-04T10:41:44.409027Z"
"NC_000913.3","fork1",6951,3929220,-1.0,1.0445944094453317,0.7397355271799415,426.2123261350598,0.9992753687740555,58.91488973479854,-0.12369933510255174,0.001,0.9999999999994855,3211.352093270268,17.26580254492035,3476,"2026-10-04T10:41:44.410027Z"
"NC_000913.3","fork1",6953,3929221,-1.0,1.0445944094453317,0.7397355271799415,426.4902928121369,0.9992780245336432,58.923520247570906,-0.12335044690932012,0.001,0.9999999999994864,131.37039770051865,17.270769683303335,3477,"2026-10-04T10:41:44.411026Z"
"NC_000913.3","fork1",6955,3929222,-1.0,1.0445944094453317,0.7397355271799415,426.76831298299237,0.9992806705669292,58.932149013299956,-0.12300249467741763,0.001,0.9999999999994867,131.4995672025003,17.27573682168287,3478,"2026-10-04T10:41:44.412026Z"
"NC_000913.3","fork1",6957,3929223,-1.0,1.0445944094453317,0.7397355271799415,427.0463866379925,0.9992833069094835,58.94077603435207,-0.12265547608324918,0.001,0.9999999999994869,131.62879520064223,17.28070396005908,3479,"2026-10-04T10:41:44.413027Z"
"NC_000913.3","fork1",6959,3929224,-1.28,1.1703218578506713,0.7632031881188912,427.33139024398247,0.9992860167691852,58.949406219513534,-0.12531980793769654,0.001,0.9999999999994873,-983.1991866006721,17.285671098431724,3480,"2026-10-04T10:41:44.414027Z"
"NC_000913.3","fork1",6961,3929225,-2.24,-2.2677208491146654,0.09383182322637987,427.4202824146914,0.9992863492246324,58.95789496805445,-0.03908611909042326,0.001,0.9999999999994875,259384.19584361854,17.29063823680018,3481,"2026-10-04T10:41:44.415026Z"
"NC_000913.3","fork1",6963,3929226,-2.17,-2.077195418181337,0.11133314431997621,427.5143033639522,0.9992867434883375,58.966386153016536,-0.04132726180661047,0.001,0.9999999999994874,-5684.3749187892345,17.29560537517035,3482,"2026-10-04T10:41:44.416027Z"
"NC_000913.3","fork1",6965,3929227,-1.44,-1.5689622110986612,0.1723643870770019,427.62621590549827,0.9992873534524885,58.97488885866237,-0.049161335397152936,0.001,0.9999999999994874,-12843.498387092539,17.30057251354213,3483,"2026-10-04T10:41:44.417027Z"
"NC_000913.3","fork1",6967,3929228,-1.45,1.6006567886666603,0.832110160392121,427.9315634256573,0.9992902908045792,58.98352773315799,-0.1336464387010252,0.001,0.9999999999994879,-28762.334475396383,17.30553965191593,3484,"2026-10-04T10:41:44.418027Z"
"NC_000913.3","fork1",6969,3929229,-1.44,-1.5689622110986612,0.1723643870770019,428.0435151146192,0.9992908977372817,58.99202787005931,-0.048981877142427,0.001,0.999999999999488,139495.79781122418,17.310506790284762,3485,"2026-10-04T10:41:44.419027Z"
"NC_000913.3","fork1",6971,3929230,-1.45,1.6006567886666603,0.832110160392121,428.3489572907315,0.9992938204910344,59.000663533291835,-0.13315323111406094,0.001,0.9999999999994887,-28798.647130033485,17.31547392865569,3486,"2026-10-04T10:41:44.420027Z"
"NC_000913.3","fork1",6973,3929231,-1.44,-1.5689622110986612,0.1723643870770019,428.46094811369596,0.9992944244073332,59.0091611041561,-0.048803029296990444,0.001,0.9999999999994889,139672.0075150782,17.320441067021402,3487,"2026-10-04T10:41:44.421027Z"
"NC_000913.3","fork1",6975,3929232,-0.58,-0.40523812514667396,0.4000544771470622,428.63973884867727,0.9992958240973462,59.01770446940966,-0.07778469789716483,0.001,0.9999999999994891,-20705.77651545125,17.325408205388854,3488,"2026-10-04T10:41:44.422027Z"
"NC_000913.3","fork1",6977,3929233,-1.0,1.0445944094453317,0.7397355271799415,428.9182161328818,0.9992984049412007,59.026316413125684,-0.12077487464588452,0.001,0.9999999999994892,-16657.41097567514,17.330375343755982,3489,"2026-10-04T10:41:44.423026Z"
"NC_000913.3","fork1",6979,3929234,-1.44,1.3110377889013387,0.7876867636969223,429.210817623086,0.9993011426904292,59.03493645760501,-0.12648983066360836,0.001,0.9999999999994901,-2087.465118478121,17.335342482119984,3490,"2026-10-04T10:41:44.424026Z"
"NC_000913.3","fork1",6981,3929235,-2.17,-2.077195418181337,0.11133314431997621,429.3049789244896,0.9993015287870446,59.043416391262014,-0.04070137213181798,0.001,0.99999999999949,222194.2776032188,17.340309620479236,3491,"2026-10-04T10:41:44.425026Z"
"NC_000913.3","fork1",6983,3929236,-2.24,-2.2677208491146654,0.09383182322637987,429.3940037205775,0.9993018540246025,59.05189152394264,-0.03847142324042493,0.001,0.9999999999994896,6856.369559195095,17.345276758840075,3492,"2026-10-04T10:41:44.426027Z"
"NC_000913.3","fork1",6985,3929237,-1.28,-1.3896781421493287,0.19945914459223538,429.51403619585136,0.9993025448822984,59.06038706000995,-0.051832410511269314,0.001,0.9999999999994897,-19339.709681703946,17.3502438972028,3493,"2026-10-04T10:41:44.427026Z"
"NC_000913.3","fork1",6987,3929238,-1.45,1.6006567886666603,0.832110160392121,429.81982807607267,0.9993054196626104,59.069010488316444,-0.13156796500185464,0.001,0.9999999999994903,-27736.22532375967,17.35521103556741,3494,"2026-10-04T10:41:44.428026Z"
"NC_000913.3","fork1",6989,3929239,-1.3,1.4024466162933291,0.8025718425954855,430.11700714885114,0.9993081811751147,59.077626059455554,-0.12744364092397548,0.001,0.9999999999994906,1493.5018659416999,17.360178173927874,3495,"2026-10-04T10:41:44.429027Z"
"NC_000913.3","fork1",6991,3929240,-1.0,1.0445944094453317,0.7397355271799415,430.3957903219562,0.9993107167608309,59.08622710993402,-0.1191965764539274,0.001,0.999999999999491,3252.528367351265,17.365145312284618,3496,"2026-10-04T10:41:44.430027Z"
"NC_000913.3","fork1",6993,3929241,-1.28,1.1703218578506713,0.7632031881188912,430.68152008699013,0.9993133230534524,59.09483117594167,-0.1217848831061382,0.001,0.9999999999994917,-993.099021522172,17.370112450638196,3497,"2026-10-04T10:41:44.431026Z"
"NC_000913.3","fork1",6995,3929242,-1.44,-1.5689622110986612,0.1723643870770019,430.79373084430546,0.9993139103028433,59.103314664888096,-0.047808265219722194,0.001,0.9999999999994917,125971.38291434075,17.375079588987408,3498,"2026-10-04T10:41:44.432027Z"
"NC_000913.3","fork1",6997,3929243,-1.45,1.6006567886666603,0.832110160392121,431.0997925072649,0.9993167382690357,59.11192949870775,-0.12992549088812624,0.001,0.9999999999994927,-29037.555643727916,17.3800467273387,3499,"2026-10-04T10:41:44.433027Z"
"NC_000913.3","fork1",6999,3929244,-1.3,1.4024466162933291,0.8025718425954855,431.39723510949983,0.9993194548116704,59.120536581430265,-0.12585302786644958,0.001,0.999999999999493,1499.1345873294028,17.38501386568609,3500,"2026-10-04T10:41:44.434027Z"
